show_id,type,title,director,cast,country,date_added,release_year,rating,duration,listed_in,description,primary_list
s1,Movie,Duck the Halls: A Mickey Mouse Christmas Special,"Alonso Ramirez Ramos, Dave Wasson","Chris Diamantopoulos, Tony Anselmo, Tress MacNeille, Bill Farmer, Russi Taylor, Corey Burton",United States,26-11-21,2016,TV-G,23 min,"Animation, Family",Join Mickey and the gang as they duck the halls!,Animation
s2,Movie,Ernest Saves Christmas,John Cherry,"Jim Varney, Noelle Parker, Douglas Seale",United States,26-11-21,1988,PG,91 min,Comedy,Santa Claus passes his magic bag to a new St. Nic.,Comedy
s3,Movie,Ice Age: A Mammoth Christmas,Karen Disher,"Raymond Albert Romano, John Leguizamo, Denis Leary, Queen Latifah",United States,26-11-21,2011,TV-G,23 min,"Animation, Comedy, Family",Sid the Sloth is on Santa's naughty list.,Animation
s4,Movie,The Queen Family Singalong,Hamish Hamilton,"Darren Criss, Adam Lambert, Derek Hough, Alexander Jean, Fall Out Boy, Jimmie Allen",United States,26-11-21,2021,TV-PG,41 min,Musical,"This is real life, not just fantasy!",Musical
s5,TV Show,The Beatles: Get Back,Missing Director,"John Lennon, Paul McCartney, George Harrison, Ringo Starr",United States,25-11-21,2021,TV-PG,1 Season,"Docuseries, Historical, Music",A three-part documentary from Peter Jackson capturing a moment in music history with The Beatles.,Docuseries
s6,Movie,Becoming Cousteau,Liz Garbus,"Jacques Yves Cousteau, Vincent Cassel",United States,24-11-21,2021,PG-13,94 min,"Biographical, Documentary",An inside look at the legendary life of adventurer Jacques-Yves Cousteau.,Biographical
s7,TV Show,Hawkeye,Missing Director,"Jeremy Renner, Hailee Steinfeld, Vera Farmiga, Fra Fee, Tony Dalton, Zahn McClarnon",United States,24-11-21,2021,TV-14,1 Season,"Action-Adventure, Superhero",Clint Barton/Hawkeye must team up with skilled archer Kate Bishop to unravel a criminal conspiracy.,Action-Adventure
s8,TV Show,Port Protection Alaska,Missing Director,"Gary Muehlberger, Mary Miller, Curly Leach, Sam Carlson, Stuart Andrews, David Squibb",United States,24-11-21,2015,TV-14,2 Seasons,"Docuseries, Reality, Survival",Residents of Port Protection must combat volatile conditions to survive and thrive in Alaska.,Docuseries
s9,TV Show,Secrets of the Zoo: Tampa,Missing Director,"Dr. Ray Ball, Dr. Lauren Smith, Chris Massaro, Tiffany Burns, Mike Burns, Melinda Mendolusky",United States,24-11-21,2019,TV-PG,2 Seasons,"Animals & Nature, Docuseries, Family",A day in the life at ZooTampa is anything but ordinary. It's extraordinary!,Animals & Nature
s10,Movie,A Muppets Christmas: Letters To Santa,Kirk R. Thatcher,"Steve Whitmire, Dave Goelz, Bill Barretta, Eric Jacobson",United States,19-11-21,2008,G,45 min,"Comedy, Family, Musical",Celebrate the holiday season with all your favorite Muppets.,Comedy
s11,Movie,Adventure Thru the Walt Disney Archives,John Gleim,"Don Hahn, Kathryn Beaumont, Pete Docter, Kevin Feige, Mark Hamill, Bob Iger",United States,19-11-21,2020,TV-PG,59 min,Documentary,Explore the treasures and rich history of the Walt Disney Archives.,Documentary
s12,Movie,Puppy for Hanukkah,Missing Director,Missing Cast,United States,19-11-21,2020,TV-G,4 min,"Comedy, Family, Music","Check out Daveed Digg's official music video ""Puppy for Hanukkah!""",Comedy
s13,Movie,The Pixar Story,Leslie Iwerks,"Stacy Keach, John Lasseter, Brad Bird, John Musker, Ron Clements, Frank Thomas",United States,19-11-21,2007,G,91 min,"Documentary, Family",A groundbreaking company forever changes the face of filmmaking.,Documentary
s14,TV Show,"Dr. Oakley, Yukon Vet",Missing Director,"Dr. Michelle Oakley, Zachary Fine",United States,17-11-21,2013,TV-PG,10 Seasons,"Action-Adventure, Animals & Nature, Docuseries","Meet Dr. Michelle Oakley, vet to pretty much everything that moves in the rugged Yukon.",Action-Adventure
s15,Movie,America the Beautiful,Missing Director,Michael B. Jordan,United States,12-11-21,2021,TV-PG,2 min,Animals & Nature,"Epic, grand portrait of the land across four regions on the most extreme continent. Coming in 2022.",Animals & Nature
s16,Movie,Baymax!,Missing Director,Missing Cast,United States,12-11-21,2021,TV-G,1 min,Animation,“Baymax!” premieres on Disney+ summer 2022.,Animation
s17,Movie,Ciao Alberto,McKenna Harris,"Jack Dylan Grazer, Marco Barricelli",United States,12-11-21,2021,TV-PG,8 min,"Animation, Comedy, Family",Fun-loving sea monster Alberto whole-heartedly wants to prove himself to his stoic mentor Massimo.,Animation
s18,TV Show,Disney Fancy Nancy,Missing Director,"Mia Jenness, Alyson Hannigan, Rob Riggle, Spencer Moss, Dana Heath","United States, Canada",12-11-21,2018,TV-PG,3 Seasons,"Animation, Kids",Nancy makes every day extraordinary!,Animation
s19,TV Show,Disney Intertwined,Missing Director,"Carolina Domenech, José Jiménez Zapiola, Kevsho, Elena Roger, Clara Alonso, Emilia Mernes",United States,12-11-21,2021,TV-PG,1 Season,"Comedy, Coming of Age, Drama",Allegra is ready to change the past in order to reach her dream.,Comedy
s20,Movie,Enchanted,Kevin Lima,"Amy Adams, Patrick Dempsey, James Marsden, Timothy Spall, Idina Menzel, Susan Sarandon",United States,12-11-21,2007,PG,110 min,"Comedy, Family, Fantasy",An animated princess winds up in the real world of modern-day Manhattan.,Comedy
s21,Movie,Feast,Patrick Osborne,"Stephen Apostolina, Kirk Baily, Ben Bledsoe, David Cowgill, Terri Douglas, Fuschia!",United States,12-11-21,2014,G,8 min,"Animation, Comedy, Drama",One man's love life seen through the eyes of his dog.,Animation
s22,Movie,Frozen Fever,"Chris Buck, Jennifer Lee","Kristen Bell, Idina Menzel, Jonathan Groff, Josh Gad, Santino Fontana, Chris Williams",United States,12-11-21,2015,G,11 min,"Animation, Family, Fantasy",Elsa wants to give Anna the best birthday party ever.,Animation
s23,Movie,Get a Horse!,Lauren MacMullan,"Walt Disney, Marcellite Garner, Russi Taylor, Billy Bletcher, Will Ryan, Bob Bergen",United States,12-11-21,2013,G,7 min,"Action-Adventure, Animation, Comedy",Mickey and friends hitch a ride on a musical hay wagon.,Action-Adventure
s24,Movie,Home Sweet Home Alone,Dan Mazer,"Ellie Kemper, Rob Delaney, Archie Yates, Aisling Bea, Kenan Thompson, Tim Simons",United States,12-11-21,2021,PG,95 min,"Comedy, Family","Alone for the holidays, Max Mercer will do whatever it takes to protect his home from trespassers.",Comedy
s25,Movie,Jungle Cruise,Jaume Collet-Serra,"Dwayne Johnson, Emily Blunt, Edgar Ramirez, Jack Whitehall, Jesse Plemons, Paul Giamatti",United States,12-11-21,2021,PG-13,129 min,"Action-Adventure, Comedy, Family",Dr. Lily Houghton & skipper Frank Wolff team up for a wild ride on the Amazon.,Action-Adventure
s26,Movie,Limitless with Chris Hemsworth,Missing Director,Chris Hemsworth,United States,12-11-21,2021,TV-14,2 min,Lifestyle,"""Limitless with Chris Hemsworth"" is coming to Disney+ in 2022.",Lifestyle
s27,Movie,Marvel Studios’ 2021 Disney+ Day Special,Missing Director,Missing Cast,United States,12-11-21,2021,TV-PG,14 min,Movies,"Marvel Studios’ Disney+ Day Special explores the Disney+ series of the MCU – past, present and future.",Movies
s28,Movie,Obi-Wan Kenobi,Missing Director,Missing Cast,United States,12-11-21,2021,TV-PG,1 min,"Action-Adventure, Science Fiction","A behind the scenes look of the ""Obi-Wan Kenobi"" special event series. Coming to Disney+ in 2022.",Action-Adventure
s29,TV Show,Olaf Presents,Missing Director,Josh Gad,United States,12-11-21,2021,TV-PG,1 Season,"Animation, Family",Olaf goes from snowman to showman for his unique retelling of five favorite Disney Animation tales.,Animation
s30,Movie,Paperman,John Kahrs,"John Kahrs, Kari Wahlgren",United States,12-11-21,2012,G,7 min,"Animation, Comedy, Family",A young man strives to find girl of his dreams.,Animation
s31,Movie,Pixar 2021 Disney+ Day Special,Missing Director,"Pete Docter, Larry the Cable Guy, Jack Dylan Grazer, Domee Shi, Angus MacLane",United States,12-11-21,2021,G,5 min,Movies,Join Pete Docter for a tour around Pixar and get a sneak peek at several upcoming Disney+ releases.,Movies
s32,Movie,Shang-Chi and The Legend of The Ten Rings,Destin Daniel Cretton,"Simu Liu, Awkwafina, Tony Leung, Michelle Yeoh, Meng'er Zhang, Ben Kingsley","United States, Australia",12-11-21,2021,PG-13,134 min,"Action-Adventure, Fantasy, Superhero","Shang-Chi must confront his father, leader of the Ten Rings organization.",Action-Adventure
s33,Movie,Spin,Manjari Makijany,"Avantika, Michael Bishop, Anna Cathcart, Jahbril Cook, Kerri Medders, Aryan Simhadri",United States,12-11-21,2021,TV-G,94 min,"Coming of Age, Music",Rhea discovers her passion for creating DJ mixes!,Coming of Age
s34,Movie,Tangled Ever After,"Nathan Greno, Byron Howard","Mandy Moore, Zachary Levi, Alan Dale, Paul F. Tompkins, Kari Wahlgren, Mark Allen Stewart",United States,12-11-21,2012,G,9 min,"Animation, Family",It's up to Max and Pascal to save the royal wedding.,Animation
s35,Movie,The Ballad of Nessie,"Stevie Wermers-Skelton, Kevin Deters",Billy Connolly,United States,12-11-21,2011,G,8 min,"Animation, Family, Fantasy",A colorful tale about the friendly Loch Ness monster.,Animation
s36,Movie,The Little Matchgirl,Roger Allers,Missing Cast,United States,12-11-21,2006,G,7 min,"Animation, Drama",A poor matchgirl sees happy images in the flames of her matches.,Animation
s37,Movie,The Making of Happier Than Ever: A Love Letter to Los Angeles,David Clair,"Billie Eilish, FINNEAS, Gustavo Dudamel, Patrick Osborne, Robert Rodriguez",United States,12-11-21,2021,TV-PG,30 min,"Concert Film, Music","Go behind the scenes of ""Happier Than Ever: A Love Letter to Los Angeles.""",Concert Film
s38,Movie,The Proud Family: Louder and Prouder,Missing Director,"Kyla Pratt, Tommy Davidson, Paula Jai Parker, JoMarie Payton, Cedric the Entertainer",United States,12-11-21,2021,TV-G,1 min,"Animation, Comedy, Coming of Age","""The Proud Family: Louder and Prouder"" follows Penny Proud and her family. Coming in February 2022.",Animation
s39,Movie,The Simpsons in Plusaversary,David Silverman,"Dan Castellaneta, Nancy Cartwright, Yeardley Smith, Tress MacNeille, Hank Azaria",United States,12-11-21,2021,TV-PG,6 min,"Animation, Comedy",Celebrate Disney+ Day with The Simpsons and their friends from across the service.,Animation
s40,Movie,Tick Tock Tale,Dean Wellins,Missing Cast,United States,12-11-21,2010,G,6 min,"Animation, Crime, Family",A tale of a quirky mantle clock.,Animation
s41,Movie,Under the Helmet: The Legacy of Boba Fett,Missing Director,Missing Cast,United States,12-11-21,2021,TV-PG,22 min,Science Fiction,"A special celebrating the origins and legacy of Star Wars’ legendary bounty hunter, Boba Fett.",Science Fiction
s42,Movie,Willow,Missing Director,Missing Cast,United States,12-11-21,2021,TV-PG,3 min,"Action-Adventure, Fantasy","Meet the cast of the all-new Disney+ fantasy-adventure series ""Willow."" Coming to Disney+ in 2022.",Action-Adventure
s43,Movie,Alvin and the Chipmunks: Chipwrecked,Mike Mitchell,"Jason Lee, David Cross, Jenny Slate, Justin Long, Matthew Gray Gubler, Jesse McCartney",United States,05-11-21,2011,G,87 min,"Comedy, Family, Music",The Chipmunks and Chipettes get stranded on a remote island – or so it would seem.,Comedy
s44,Movie,Jingle All The Way,Brian Levant,"Arnold Schwarzenegger, Sinbad, Phil Hartman, Rita Wilson, Robert Conrad, Martin Mull",United States,05-11-21,1996,PG,90 min,"Comedy, Family",A father's Christmas Eve turns into a madcap scramble to find a much sought-after toy for his son.,Comedy
s45,Movie,Jingle All the Way 2,Alex Zamm,"Larry the Cable Guy, Brian Stepanek, Santino Marella, Kennedi Clements, Kirsten Robek, Rachel Hayward",United States,05-11-21,2014,PG,91 min,"Comedy, Family",Two dads compete to be the best father and make Christmas amazing!,Comedy
s46,Movie,Prep & Landing: Operation Secret Santa,"Kevin Deters, Stevie Wermers-Skelton","Betty White, Dave Foley, Derek Richardson, Sarah Chalke, W. Morgan Sheppard",United States,05-11-21,2010,TV-G,8 min,"Animation, Family, Fantasy",Mrs. Claus enlists two elves in a secret mission.,Animation
s47,Movie,Santa Buddies: The Legend of Santa Paws,Robert Vince,"Christopher Lloyd, Danny Woodburn, Craig Anton, Michael Teigen, Ben Giroux, Paul Rae","United States, Canada",05-11-21,2009,G,93 min,"Comedy, Fantasy, Kids","The Buddies remind Santa Paws' feisty son, Puppy Paws, about the true meaning of Christmas.",Comedy
s48,Movie,Snow Buddies,Robert Vince,"Dominic Scott Kay, John Kapelos, Lise Simms, Mike Dopud, Charles C. Stevenson Jr., Dylan Minnette",United States,05-11-21,2008,G,91 min,"Action-Adventure, Comedy, Kids",Disney’s favorite talking pups put one paw in front of the other in a thrilling Alaskan adventure.,Action-Adventure
s49,Movie,Space Buddies,Robert Vince,"F.T. Anderson, Diedrich Bader, Field Cate, Kendall Cross, Mike Dopud, Mark Downey","United States, Canada",05-11-21,2009,G,87 min,"Action-Adventure, Comedy, Kids","Disney's most adventurous talking pups take one small step for dog, one giant leap for dogkind.",Action-Adventure
s50,Movie,The Search for Santa Paws,Robert Vince,"Resse Alexander, Diedrich Bader, Sahar Biniaz, Jan Boss, Ameko Eks Mass Carroll, Melody Choi",Canada,05-11-21,2010,G,101 min,"Drama, Family, Fantasy",Discover how the legendary friendship of Santa Claus and Santa Paws began.,Drama
s51,Movie,X-Men: First Class,Matthew Vaughn,"James McAvoy, Michael Fassbender, Rose Byrne, Jennifer Lawrence, January Jones, Nicholas Hoult","United States, United Kingdom",05-11-21,2011,PG-13,132 min,"Action-Adventure, Science Fiction, Superhero","Following the classic mythology, X-Men: First Class charts the epic beginning of the X-Men saga.",Action-Adventure
s52,TV Show,Disney Amphibia,Missing Director,"Justin Felbinger, Amanda Leighton, Bill Farmer, Brenda Song","United States, South Korea",03-11-21,2018,TV-Y7,3 Seasons,"Animation, Comedy, Family",Anne Boonchuy is transported to the world of Amphibia.,Animation
s53,TV Show,Photo Ark,Missing Director,Joel Sartore,United States,03-11-21,2017,TV-PG,1 Season,"Animals & Nature, Docuseries, Family",National Geographic photographer Joel Sartore photographs some of the rarest animals in the world.,Animals & Nature
s54,TV Show,Storm Rising,Missing Director,Missing Cast,United States,03-11-21,2021,TV-14,1 Season,"Action-Adventure, Animals & Nature, Docuseries",Storm chasers Reed Timmer and Mike Theiss track and study a new category of deadly storms.,Action-Adventure
s55,Movie,Bob Ballard: An Explorer's Life,Missing Director,Missing Cast,United States,29-10-21,2021,TV-PG,44 min,"Biographical, Documentary","An intimate portrait of Bob Ballard, the legendary explorer who found the Titanic.",Biographical
s56,Movie,"McFarland, USA",Niki Caro,"Kevin Costner, Maria Bello, Morgan Saylor, Martha Higareda, Michael Aguero, Sergio Avelar",United States,29-10-21,2015,PG,131 min,"Drama, Sports",A coach guides underdogs past tremendous obstacles to become champions.,Drama
s57,Movie,Rookie of the Year,Daniel Stern,"Thomas Ian Nicholas, Gary Busey, Albert Hall, Amy Morton, Dan Hedaya, Eddie Bracken",United States,22-10-21,1993,PG,104 min,"Comedy, Family, Sports","A 12-year-old boy can throw a 100 mph fastball, and the Chicago Cubs want him as their new pitcher!",Comedy
s58,Movie,Thumbelina,"Don Bluth, Gary Goldman","Gino Conforti, Barbara Cook, Jodi Benson, Will Ryan, June Foray, Kenneth Mars","Ireland, United States, Canada, United Kingdom, Denmark, Spain, Poland, Hungary",22-10-21,1994,G,87 min,"Animation, Family, Fantasy",A digit-sized heroine evades the clutches of various creatures so she can reunite with her prince.,Animation
s59,TV Show,PJ Masks,Missing Director,"Kyle Breitkopf, Jacob Ursomarzo, Addison Holley","France, United Kingdom",20-10-21,2015,TV-Y7,5 Seasons,"Action-Adventure, Animation, Kids",Look out Night Time Baddies the PJ Masks are coming!,Action-Adventure
s60,TV Show,The Wild Life of Dr. Ole,Missing Director,Missing Cast,United States,20-10-21,2021,TV-PG,1 Season,"Animals & Nature, Reality","Doc Ole practices his unique brand of animal care with wit, expertise and insight.",Animals & Nature
s61,Movie,Lost Cities with Albert Lin: The Great Flood,Jim Greayer,Dr. Albert Yu-Min Lin,United States,15-10-21,2021,TV-PG,44 min,"Documentary, Historical",Albert Lin is on a global quest to find the origins of Great Flood stories.,Documentary
s62,Movie,Megacity of the Maya Warriors,Ben Crichton,Albert Lin,United States,15-10-21,2021,TV-PG,44 min,Documentary,Albert Lin sets out to solve an ancient mystery and find a Lost Maya city.,Documentary
s63,TV Show,Apollo: Back To The Moon,Missing Director,"Bill Anders, Jack Clemons, Fred Haise, Glynn Lunney, Jay Barbree, Brad Vinikow",United States,13-10-21,2019,TV-PG,1 Season,"Docuseries, Historical","Follow the Apollo lunar landing program from the inside, as never shown before.",Docuseries
s64,TV Show,Just Beyond,Missing Director,"Mckenna Grace, Lexi Underwood, Cedric Joe, Tim Heidecker, Riki Lindhome, Nasim Pedrad",United States,13-10-21,2021,TV-PG,1 Season,"Anthology, Comedy, Coming of Age","Inspired by the writings of R.L. Stine, “Just Beyond” is a supernatural anthology series.",Anthology
s65,TV Show,Secrets Of The Zoo: Down Under,Missing Director,Naomi Watts,United States,13-10-21,2020,TV-14,2 Seasons,"Animals & Nature, Docuseries, Family",This series is a behind-the-scenes look at one of the world’s most famous zoos.,Animals & Nature
s66,TV Show,Secrets of the Zoo: North Carolina,Missing Director,Missing Cast,United States,13-10-21,2020,TV-14,1 Season,Reality,"The North Carolina Zoo has more than 1,000 animals that live in lush natural habitats.",Reality
s67,TV Show,The Wizard of Paws,Missing Director,Missing Cast,United States,13-10-21,2021,TV-PG,1 Season,"Animals & Nature, Docuseries, Medical",Follow pet prosthetics pioneer Derrick Campana as he gives troubled animals a second chance.,Animals & Nature
s68,TV Show,Zombies: Addison's Moonstone Mystery,Missing Director,Missing Cast,United States,13-10-21,2020,TV-G,1 Season,"Animation, Coming of Age, Fantasy",Things are smooth sailing at Seabrook High until ...,Animation
s69,Movie,Just Roll With It: You Decide Live!,Missing Director,"Tobie Windham, Suzi Barrett, Ramon Reed, Kaylin Hayman, JC Currais, Raven-Symoné",United States,08-10-21,2019,G,52 min,Comedy,The Bennett-Blatts set out to reverse an evil curse!,Comedy
s70,Movie,Mickey's Tale of Two Witches,Jeff Gordon,"Bret Iwan, Kaitlyn Robrock, Bill Farmer, Daniel Ross, Tress MacNeille, Jim Cummings",United States,08-10-21,2021,TV-Y,47 min,"Animation, Family, Fantasy",Mickey tells a tale of two witches-in-training!,Animation
s71,Movie,Muppets Haunted Mansion,Kirk Thatcher,"Dave Goelz, Bill Barretta, Will Arnett, Taraji P. Henson, Yvette Nicole Brown, Darren Criss",United States,08-10-21,2021,TV-PG,53 min,"Comedy, Family, Musical",Gonzo is challenged to spend Halloween night in the scariest place on Earth – the Haunted Mansion.,Comedy
s72,Movie,The Most Magical Story on Earth: 50 Years of Walt Disney World,Dave Hoffman,"Whoopi Goldberg, Christina Aguilera, Halle Bailey, Orlando Philharmonic Orchestra, Anthony Anderson, Tom Brady",United States,08-10-21,2021,TV-PG,85 min,"Family, Variety",Celebrating 50 years of the Walt Disney World Resort.,Family
s73,Movie,Under Wraps,Alex Zamm,"Malachi Barton, Christian J. Simon, Sophia Hammons, Melanie Brook, Brent Stait, Jordana Largy",United States,08-10-21,2021,TV-G,92 min,"Action-Adventure, Comedy, Kids",Three friends revive a mummy in a neighbor's basement.,Action-Adventure
s74,TV Show,Among the Stars,Missing Director,Chris Cassidy,United States,06-10-21,2021,TV-PG,1 Season,Docuseries,NASA Astronaut Captain Chris Cassidy and the NASA team take on the challenges of space exploration.,Docuseries
s75,Movie,Black Widow,Cate Shortland,"Scarlett Johansson, Florence Pugh, David Harbour, O-T Fagbenle, Rachel Weisz, Ray Winstone",United States,06-10-21,2021,PG-13,135 min,"Action-Adventure, Science Fiction, Spy/Espionage",Natasha confronts her history as a spy and the broken relationships left in her wake.,Action-Adventure
s76,TV Show,Drain the Oceans,Missing Director,Russell Boulter,"United Kingdom, Australia",06-10-21,2017,TV-PG,4 Seasons,"Docuseries, Historical",Pull the plug on the ocean to reveal hidden secrets using groundbreaking technology.,Docuseries
s77,TV Show,Drain The Oceans: The Mississippi River & Arctic War,Missing Director,Kerry Shale,United States,06-10-21,2021,TV-14,1 Season,"Docuseries, Historical",Drain the Oceans takes underwater archaeology into a whole new era.,Docuseries
s78,Movie,Fauci,"John Hoffman, Janet Tobias","Dr. Anthony Fauci, Bono, George W. Bush, Peter Staley",United States,06-10-21,2021,PG-13,105 min,"Biographical, Documentary","""Fauci"" reveals the extraordinary life and career of Dr. Anthony Fauci.",Biographical
s79,TV Show,IMPACT with Gal Gadot,Missing Director,Gal Gadot,United States,06-10-21,2021,TV-14,1 Season,Docuseries,National Geographic Presents IMPACT with Gal Gadot honors impactful women.,Docuseries
s80,TV Show,The Ghost and Molly McGee,Missing Director,"Ashly Burch, Dana Snyder",United States,06-10-21,2021,TV-Y7,1 Season,"Animation, Buddy, Coming of Age",A grumpy ghost and cheerful tween are eternally bound.,Animation
s81,Movie,Alvin and the Chipmunks,Tim Hill,"Jason Lee, David Cross, Cameron Richardson, Jane Lynch, Justin Long, Matthew Gray Gubler",United States,01-10-21,2007,PG,91 min,"Animation, Comedy, Family","Pop-singer Chipmunks Alvin, Simon and Theodore turn a songwriter's life upside-down.",Animation
s82,Movie,Alvin and the Chipmunks: The Road Chip,Walt Becker,"Jason Lee, Tony Hale, Kimberly Williams-Paisley, Josh Green, Bella Thorne, Uzo Aduba",United States,01-10-21,2015,PG,92 min,"Comedy, Family, Music","Your favorite fur balls, the Chipmunks, hit the road for an all-new, music-filled adventure.",Comedy
s83,Movie,LEGO Star Wars Terrifying Tales,Ken Cunningham,"Jake Green, Raphael Alejandro, Dana Snyder, Tony Hale, Christian Slater, Trevor Devall",United States,01-10-21,2021,TV-Y7-FV,47 min,"Action-Adventure, Animation, Science Fiction",Poe and BB-8 are told terrifying tales as they search for help in Darth Vader’s creepy old castle.,Action-Adventure
s84,Movie,Maleficent,Robert Stromberg,"Angelina Jolie, Sharlto Copley, Elle Fanning, Sam Riley, Imelda Staunton, Juno Temple","United States, United Kingdom",01-10-21,2014,PG,99 min,"Action-Adventure, Family, Fantasy","Driven by revenge, Maleficent places a curse upon the king’s newborn infant, Aurora.",Action-Adventure
s85,Movie,The Scariest Story Ever: A Mickey Mouse Halloween Spooktacular,"Alonso Ramirez Ramos, Eddie Trigueros, Dave Wasson","Chris Diamantopoulos, Tony Anselmo, Tress MacNeille, Bill Farmer, Russi Taylor",United States,01-10-21,2017,TV-G,22 min,"Animation, Family, Parody",Mickey tells a scary story on Halloween.,Animation
s86,TV Show,Disney Vampirina,Missing Director,"Isabella Crovetti, Lauren Graham, James Van Der Beek, Jordan Davis, Wanda Sykes, Mitchell Whitfield","Ireland, United States",29-09-21,2017,TV-Y7,3 Seasons,"Animation, Fantasy, Kids",Vampirina is the new girl in town!,Animation
s87,TV Show,Disney's Magic Bake-Off,Missing Director,"Issac Ryan Brown, Dara Reneé, Graciela Gomez",United States,29-09-21,2021,TV-G,1 Season,"Family, Game Show / Competition",Kid bakers compete to be named Disney Baking Champion.,Family
s88,TV Show,Great Barrier Reef,Missing Director,Don Halbert,United States,29-09-21,2020,TV-PG,1 Season,"Animals & Nature, Docuseries",Explore the complex Great Barrier Reef along with the wildlife that inhabit it.,Animals & Nature
s89,TV Show,Ready for Preschool,Missing Director,Missing Cast,United States,29-09-21,2019,TV-Y,2 Seasons,"Kids, Music",The love of learning begins with Disney Junior!,Kids
s90,TV Show,Rolie Polie Olie,Missing Director,"Cole Caplan, Kristen Bone, Robert Smith, Catherine Disher, Adrian Truss, Len Carlson","Canada, United States, France",29-09-21,1998,TV-Y,5 Seasons,"Animation, Science Fiction",Rolie Polie Olie’s life and adventures center on his Robo-family.,Animation
s91,TV Show,Star Wars Galaxy of Sounds,Missing Director,Missing Cast,United States,29-09-21,2021,TV-PG,1 Season,"Animation, Anthology, Science Fiction","""Star Wars Galaxy of Sounds"" immerses audiences in the nostalgic ambience of a galaxy far, far away.",Animation
s92,TV Show,The Hatcher Family Dairy,Missing Director,Missing Cast,United States,29-09-21,2021,TV-14,1 Season,"Animals & Nature, Docuseries, Reality","The Hatcher Family enjoys a nonstop circus of animals, farming and family.",Animals & Nature
s93,TV Show,The Simpsons,Missing Director,"Dan Castellaneta, Julie Kavner, Nancy Cartwright, Yeardley Smith, Hank Azaria, Pamela Hayden",United States,29-09-21,1989,TV-PG,32 Seasons,"Animation, Comedy","The world’s favorite nuclear family, in the award-winning, history-making series.",Animation
s94,Movie,A Spark Story,"Jason Sterman, Leanne Dare","Apthon Corbin, Louis Gonzales",United States,24-09-21,2021,TV-PG,88 min,Documentary,Two Pixar filmmakers strive to bring their uniquely personal SparkShorts visions to the screen.,Documentary
s95,Movie,Spooky Buddies,Robert Vince,"Tucker Albrizzi, Diedrich Bader, Ameko Eks Mass Carroll, Max Charles, Tim Conway, Jennifer Elise Cox","United States, Canada",24-09-21,2011,G,93 min,"Comedy, Fantasy, Kids",The puppies go on a spooky adventure through a mysterious haunted mansion in this fur-raising flick.,Comedy
s96,Movie,The Fault in Our Stars,Josh Boone,"Shailene Woodley, Ansel Elgort, Laura Dern, Sam Trammell, Nat Wolff, Willem Dafoe",United States,24-09-21,2014,PG-13,127 min,"Coming of Age, Drama, Romance",Hazel and Gus share a love that sweeps them on an unforgettable journey.,Coming of Age
s97,TV Show,Dog: Impossible,Missing Director,Matt Beisner,United States,22-09-21,2019,TV-PG,2 Seasons,"Animals & Nature, Docuseries, Family",Matt Beisner uses unique approaches to modifying canine behavior and focuses on each animal’s needs.,Animals & Nature
s98,TV Show,Spidey And His Amazing Friends,Missing Director,"Benjamin Valic, Lily Sanfelippo, Jakari Fraser, Dee Bradley Baker, Melanie Minichino",United States,22-09-21,2021,TV-Y,1 Season,"Action-Adventure, Animation, Kids",Spidey teams up with pals to become The Spidey Team!,Action-Adventure
s99,TV Show,Star Wars: Visions,Missing Director,Missing Cast,United States,22-09-21,2021,TV-PG,1 Season,"Action-Adventure, Animation, Anime",An animated anthology celebrating Star Wars through the lens of the world’s best anime creators.,Action-Adventure
s100,Movie,Confessions of a Shopaholic,P.J. Hogan,"Isla Fisher, Hugh Dancy, Joan Cusack, John Goodman, John Lithgow, Kristin Scott Thomas",United States,17-09-21,2009,PG,106 min,"Comedy, Romance, Romantic Comedy",Becky writes a personal finance column en route to a high-fashion mag job.,Comedy
s101,Movie,Descendants: Royal Wedding,Salvador Simó,"Dove Cameron, Sofia Carson, Booboo Stewart, Mitchell Hope, Sarah Jeffery, Melanie Paxson",United States,17-09-21,2021,TV-G,22 min,"Animation, Fantasy, Musical",Mal and Ben’s wedding is finally here!,Animation
s102,Movie,Disney's Broadway Hits at London's Royal Albert Hall,Jay Hatcher,"John Barrowman, Ashley Brown, Merle Dandridge, Trevor Dion Nicholas, Jade Ewen, Alton Fitzgerald White",United States,17-09-21,2016,TV-G,116 min,"Concert Film, Music",Experience the magic of Disney on Broadway in an unforgettable night of music.,Concert Film
s103,Movie,Flooded Tombs of the Nile,Katie Bauer Murdock,Devin E. Haqq,United States,17-09-21,2021,TV-PG,44 min,Documentary,Archaeologists dive into a pyramid flooded by the Nile to search for a king’s burial.,Documentary
s104,Movie,Jade Eyed Leopard,Missing Director,Jeremy Irons,United States,17-09-21,2020,TV-PG,44 min,"Animals & Nature, Documentary","Jade Eyed Leopard follows a leopard, Toto, throughout the first three years of her life.",Animals & Nature
s105,Movie,Nona,Louis Gonzales,Missing Cast,United States,17-09-21,2021,G,9 min,"Animation, Comedy, Family",A grandmother's plan for a day alone is upended by an unexpected visit from her granddaughter.,Animation
s106,Movie,Smoky Mountain Park Rangers,Missing Director,Peter Jessop,United States,17-09-21,2021,TV-PG,42 min,"Animals & Nature, Documentary",Park Rangers protect the wildlife in Great Smoky Mountain National Park.,Animals & Nature
s107,TV Show,Life Below Zero,Missing Director,"Chip Hailstone, Agnes Hailstone, Sue Aikens, Andy Bassich",United States,15-09-21,2012,TV-14,16 Seasons,"Action-Adventure, Animals & Nature, Docuseries","Experience life deep in Alaska where the primal way lives on – brave the wild, fight the freeze.",Action-Adventure
s108,TV Show,Miraculous: Tales Of Ladybug & Cat Noir,Missing Director,"Cristina Vee, Bryce Papenbrook, Keith Silverstein, Mela Lee, Max Mittelman, Carrie Keranen","France, South Korea, Japan, United States",15-09-21,2015,TV-Y7,1 Season,"Action-Adventure, Animation, Fantasy",Superheroes Ladybug and Cat Noir protect the city.,Action-Adventure
s109,TV Show,Unknown Waters with Jeremy Wade,Missing Director,Jeremy Wade,United States,15-09-21,2021,TV-14,1 Season,"Animals & Nature, Docuseries","Angler and adventurer, Jeremy Wade, explores the greatest river system in the world.",Animals & Nature
s110,Movie,Far Away From Raven’s Home,Missing Director,"Raven-Symoné, Issac Ryan Brown, Navia Robinson, Jason Maybaum, Sky Katz, Anneliese van der Pol",United States,10-09-21,2021,TV-G,11 min,Comedy,Our gang is off for an exotic vacation of a lifetime!,Comedy
s111,Movie,Pirates of the Caribbean: On Stranger Tides,Rob Marshall,"Johnny Depp, Penélope Cruz, Ian McShane, Geoffrey Rush, Kevin R. McNally, Sam Claflin","United States, United Kingdom",10-09-21,2011,PG-13,140 min,"Action-Adventure, Fantasy",A woman from his past uses Jack to help find the fabled Fountain of Youth.,Action-Adventure
s112,Movie,Twenty Something,Aphton Corbin,"Kaylin Price, Ariana Brown, Aliyah Taylor, Janelle LaSalle, Napoleon Highbrou",United States,10-09-21,2021,PG,11 min,"Animation, Family","Adulting is hard. One day you're nailing it, the next you're a stack of kids hiding in a trenchcoat.",Animation
s113,TV Show,"Doogie Kamealoha, M.D.",Missing Director,"Peyton Elizabeth Lee, Emma Meisel, Matthew Sato, Wes Tian, Jeffrey Bowyer-Chapman, Mapuana Makia",United States,08-09-21,2021,TV-PG,1 Season,"Comedy, Coming of Age, Family",A 16-year-old prodigy juggles her budding medical career with the daily challenges of teenage life.,Comedy
s114,TV Show,"Mira, Royal Detective",Missing Director,"Leela Ladnier, Utkarsh Ambudkar, Roshni Edwards, Kal Penn, Kamran Lucas",United States,08-09-21,2020,TV-Y,2 Seasons,"Animation, Fantasy, Kids",Mira is the new royal detective in the land of Jalpur!,Animation
s115,TV Show,Pepper Ann,Missing Director,"Kathleen Wilhoite, Clea Lewis, Danny Cooksey, Pamela Segall, April Winchell, Don Adams",United States,08-09-21,1997,TV-Y,3 Seasons,"Animation, Comedy, Coming of Age",Pepper Ann Pearson is a teenage girl on an eternal quest for coolness.,Animation
s116,TV Show,The Incredible Dr. Pol,Missing Director,"Rick Robles, Dr. Pol",United States,08-09-21,2011,TV-14,19 Seasons,"Animals & Nature, Docuseries, Family",Dr. Pol and his team handle challenging veterinary cases and animal emergencies in central Michigan.,Animals & Nature
s117,Movie,Happier Than Ever: A Love Letter to Los Angeles,"Robert Rodriguez, Patrick Osborne","Billie Eilish, FINNEAS",United States,03-09-21,2021,TV-14,66 min,"Concert Film, Music","Billie Eilish makes her Disney+ debut with ""Happier Than Ever: A Love Letter to Los Angeles.""",Concert Film
s118,Movie,X-Men: Dark Phoenix,Simon Kinberg,"James McAvoy, Michael Fassbender, Jennifer Lawrence, Nicholas Hoult, Sophie Turner, Tye Sheridan","United States, Canada",03-09-21,2019,PG-13,115 min,"Action-Adventure, Family, Science Fiction","When Jean Grey transforms into the Dark Phoenix, the X-Men unite to face their greatest enemy yet.",Action-Adventure
s119,TV Show,Alaska Animal Rescue,Missing Director,Victoria Vosburg,United States,01-09-21,2019,TV-PG,2 Seasons,"Animals & Nature, Docuseries, Family",Conservation heroes rescue and rehabilitate the wild animals of America’s last frontier.,Animals & Nature
s120,TV Show,Dug Days,Missing Director,"Bob Peterson, Ed Asner, Jordan Nagai",United States,01-09-21,2021,TV-PG,1 Season,"Animation, Comedy, Family","“Dug Days” is a collection of shorts that follows the adventures of Dug, the dog from Pixar’s “Up.”",Animation
s121,Movie,Cruella,Craig Gillespie,"Emma Stone, Emma Thompson, Joel Fry, Paul Walter Hauser, Emily Beecham, Kirby Howell-Baptiste","United States, United Kingdom",27-08-21,2021,PG-13,137 min,"Crime, Drama","Witness the origin of Disney’s most notorious and notoriously fashionable villain, Cruella de Vil.",Crime
s122,Movie,Dan in Real Life,Peter Hedges,"Steve Carell, Juliette Binoche, Dane Cook, John Mahoney, Emily Blunt, Alison Pill",United States,27-08-21,2007,PG-13,99 min,"Comedy, Drama, Romance",A relationship expert falls in love with his brother's new girlfriend.,Comedy
s123,Movie,Disney Princess Remixed - An Ultimate Princess Celebration,Napoleon Dumo,"Txunamy Oriz, Natalie Peyser, Dara Reneé, Frankie Rodriguez, Julia Lester, Ruth Righi",United States,27-08-21,2021,TV-G,22 min,"Family, Music, Variety",Celebrate the timeless music of Disney Princess!,Family
s124,Movie,Marvel One-Shot: All Hail the King,Drew Pearce,"Ben Kingsley, Scoot McNairy, Lester Speight, Sam Rockwell, Matt Gerald, Allen Maldonado",United States,27-08-21,2014,TV-14,14 min,"Comedy, Drama, Thriller","Locked up in prison, infamous icon Trevor Slattery agrees to meet with a documentary filmmaker.",Comedy
s125,Movie,Underdog,Frederik Du Chau,"Jason Lee, Amy Adams, Jim Belushi, Peter Dinklage, Patrick Warburton, Alex Neuberger",United States,27-08-21,2007,PG,85 min,"Action-Adventure, Family, Parody",A super-powered beagle tries to save Capital City from a mad scientist.,Action-Adventure
s126,TV Show,Dr. K's Exotic Animal ER,Missing Director,"Dr. Susan Kelleher, Art Edmonds",United States,25-08-21,2014,TV-14,9 Seasons,"Animals & Nature, Docuseries, Family",Dedicated veterinarians treat a colorful array of exotic pets in south Florida.,Animals & Nature
s127,TV Show,Gigantosaurus,Missing Director,"Dylan Schombing, Áine Sunderland, Nahanni Mitchell, Nicholas Holmes",France,25-08-21,2018,TV-Y,2 Seasons,"Action-Adventure, Animation, Kids",Four dinos explore the mystery of the Gigantosaurus!,Action-Adventure
s128,TV Show,Life Below Zero: Next Generation,Missing Director,Mocean Melvin,United States,25-08-21,2020,TV-14,2 Seasons,"Action-Adventure, Animals & Nature, Docuseries",The next generation of Alaskans struggle to survive without modern-day comforts.,Action-Adventure
s129,Movie,Eragon,Stefen Fangmeier,"Ed Speleers, Jeremy Irons, Sienna Guillory, Robert Carlyle, John Malkovich, Garrett Hedlund","United States, United Kingdom, Hungary",20-08-21,2006,PG,104 min,"Action-Adventure, Family, Fantasy","In a mythical time, a teenage boy becomes a dragon rider and embarks on a journey of adventure.",Action-Adventure
s130,TV Show,Growing Up Animal,Missing Director,Tracee Ellis Ross,United States,18-08-21,2021,TV-PG,1 Season,"Animals & Nature, Docuseries, Family",Magical stories of baby animals on the journey from womb to the wild.,Animals & Nature
s131,Movie,Fantastic Four,Tim Story,"Ioan Gruffudd, Jessica Alba, Chris Evans, Michael Chiklis, Julian McMahon, Kerry Washington","United States, Germany",13-08-21,2005,PG-13,106 min,"Action-Adventure, Family, Science Fiction",Four astronauts develop superpowers and must join forces to protect mankind from doom.,Action-Adventure
s132,Movie,X-Men,Bryan Singer,"Patrick Stewart, Hugh Jackman, Ian McKellen, Halle Berry, Famke Janssen, James Marsden",United States,13-08-21,2000,PG-13,105 min,"Action-Adventure, Family, Science Fiction","The X-Men, a small band of outcast mutants, fight to save a world that hates and fears them.",Action-Adventure
s133,TV Show,America's Funniest Home Videos: Animal Edition,Missing Director,Alfonso Ribeiro,United States,11-08-21,2021,TV-PG,1 Season,Reality,NatGeo meets AMERICA’S FUNNIEST HOME VIDEOS in a hilarious new animal show,Reality
s134,TV Show,Chicken Squad,Missing Director,"Ramone Hamilton, Gabriella Graves, Maxwell Simkins, Yvette Nicole Brown",United States,11-08-21,2021,TV-Y,1 Season,"Animation, Kids, Police/Cop",BAGAWK! Say hello to the Chicken Squad.,Animation
s135,TV Show,Disney Presents Goofy in How to Stay at Home,Missing Director,"Bill Farmer, Corey Burton",United States,11-08-21,2021,TV-G,1 Season,"Animation, Comedy, Family","Goofy’s back in a trio of all-new, hand-drawn animated shorts from Walt Disney Animation Studios.",Animation
s136,TV Show,Gabby Duran And The Unsittables,Missing Director,"Kylie Cantrall, Maxwell Donovan, Callan Farris, Coco Christo, Valery Ortiz, Nathan Lovejoy",United States,11-08-21,2018,TV-G,2 Seasons,"Comedy, Family, Science Fiction","Meet Gabby Duran, your average alien-babysitting girl.",Comedy
s137,TV Show,What If...?,Missing Director,Missing Cast,United States,11-08-21,2021,TV-14,1 Season,"Action-Adventure, Animation, Anthology",“What If…?” flips the script on the MCU by reimagining events from the films in unexpected ways.,Action-Adventure
s138,Movie,Beverly Hills Chihuahua 2,Alex Zamm,"George Lopez, Odette Yustman, Miguel Ferrer, Ernie Hudson, Loretta Devine, Jon Huertas",United States,06-08-21,2011,G,88 min,"Action-Adventure, Comedy, Family","Papi and Chloe, those talking Chihuahuas, are back... with a few surprises.",Action-Adventure
s139,Movie,Beverly Hills Chihuahua 3: Viva La Fiesta!,Lev L. Spiro,"George Lopez, Odette Annable, Ernie Hudson, Miguel Ferrer, Kay Panabaker, Tom Kenny",United States,06-08-21,2012,G,92 min,"Comedy, Coming of Age, Family","Papi plans a ""Quince"" for the littlest member of his pack.",Comedy
s140,Movie,Killer Shark vs Killer Whale,Missing Director,Edward Marcoux,United States,06-08-21,2021,TV-14,44 min,"Animals & Nature, Documentary",Orcas attack white sharks for their livers leaving scientists baffled.,Animals & Nature
s141,Movie,Mrs. Doubtfire,Chris Columbus,"Robin Williams, Sally Field, Pierce Brosnan, Harvey Fierstein, Polly Holliday, Lisa Jakub",United States,06-08-21,1993,PG-13,126 min,"Comedy, Drama",An eccentric dad dresses as a British nanny so he can care for his kids at the home of their mother.,Comedy
s142,TV Show,Cesar Millan: Better Human Better Dog,Missing Director,Dustin Rubin,United States,04-08-21,2021,TV-14,1 Season,"Animals & Nature, Docuseries, Family",Renowned Dog Behaviorist Cesar Millan transforms dogs and pet parents.,Animals & Nature
s143,TV Show,Walt Disney Animation Studios: Short Circuit Experimental Films,Missing Director,Missing Cast,United States,04-08-21,2020,PG,2 Seasons,"Animation, Anthology, Family",Welcome to Short Circuit - an experimental short film program at Disney Animation.,Animation
s144,Movie,Built for Mars: The Perseverance Rover,Mark J Davis,Steven French,United States,30-07-21,2021,TV-PG,88 min,Documentary,BUILT FOR MARS: THE PERSEVERANCE ROVER follows the birth of the Perseverance rover.,Documentary
s145,Movie,Garfield,Peter Hewitt,"Breckin Meyer, Jennifer Love Hewitt, Stephen Tobolowsky, Bill Murray, Evan Arnold, Mark Lawrence",United States,30-07-21,2004,PG,82 min,"Comedy, Family","Garfield lures Odie out of the house but once he's lost, Garfield springs into action to save him.",Comedy
s146,TV Show,Chip 'n' Dale: Park Life,Missing Director,"Matthew Géczy, Kaycie Chase, Bill Farmer, Sylvain Caruso",United States,28-07-21,2021,TV-Y7,1 Season,"Animation, Buddy, Comedy",Two tiny chipmunks have huge adventures while trying to live the good life in a big city park.,Animation
s147,TV Show,Critter Fixers: Country Vets,Missing Director,Sullivan Jones,United States,28-07-21,2020,TV-14,2 Seasons,"Animals & Nature, Docuseries, Family",Dr. Hodges and Dr. Ferguson own and operate a bustling veterinary clinic.,Animals & Nature
s148,TV Show,Disney Junior T.O.T.S.,Missing Director,"Vanessa Williams, Megan Hilty, Jet Jurgensmeyer, Christian Simon",United States,28-07-21,2018,TV-Y,2 Seasons,"Animation, Buddy, Kids",Pip and Freddy are new Junior Fliers at T.O.T.S.!,Animation
s149,TV Show,Mickey Mouse Funhouse,Missing Director,"Bret Iwan, Kaitlyn Robrock, Bill Farmer, Tony Anselmo, Tress MacNeille, Harvey Guillén",United States,28-07-21,2021,TV-Y,1 Season,"Animation, Kids",Mickey Mouse Funhouse is filled with silly adventure!,Animation
s150,TV Show,Minnie's Bow-Toons: Party Palace Pals,Missing Director,"Tress MacNeille, Nika Futterman, Kaitlyn Robrock",United States,28-07-21,2021,TV-Y7,1 Season,"Animation, Kids",Minnie and Daisy open a party planning business!,Animation
s151,TV Show,Turning the Tables with Robin Roberts,Missing Director,Robin Roberts,United States,28-07-21,2021,TV-PG,1 Season,Talk Show,Robin Roberts sits down with iconic Hollywood women for intimate & inspirational conversations.,Talk Show
s152,Movie,Ice Age: The Meltdown,Carlos Saldanha,"Ray Romano, John Leguizamo, Denis Leary, Seann William Scott, Josh Peck, Queen Latifah","United States, United Kingdom, Australia",23-07-21,2006,PG,94 min,"Animation, Comedy, Family","Manny, Sid, Diego and Scrat join forces with new friends to save the valley from an epic flood.",Animation
s153,Movie,Playing with Sharks,Missing Director,"Valerie Taylor, Dr. Sylvia Earle, Jeremiah Sullivan, Wendy Benchley, Jean Michel Cousteau, Michele Hall",United States,23-07-21,2021,TV-14,91 min,"Animals & Nature, Biographical, Documentary","""Playing with Sharks"" captures the life of conservationist Valerie Taylor.",Animals & Nature
s154,Movie,Shark vs. Surfer,Phil Stebbing,Billy Lloyd,United States,23-07-21,2020,TV-14,44 min,"Animals & Nature, Documentary",Shark vs. Surfer visits shark-infested surf spots to relive the harrowing encounters.,Animals & Nature
s155,Movie,Shark vs. Whale,Missing Director,Ted Stewart,United States,23-07-21,2020,TV-PG,44 min,"Animals & Nature, Documentary",Marine biologist Ryan Johnson discovers rare behavior of a whale attacking a great white.,Animals & Nature
s156,Movie,Stuntman,Kurt Mattila,Eddie Braun,United States,23-07-21,2021,TV-14,87 min,Documentary,Stuntman Eddie Braun attempts to complete Evel Knievel's legendary Snake River Canyon rocket jump.,Documentary
s157,Movie,Walking with Dinosaurs: The Movie,"Barry Cook, Neil Nightingale","John Leguizamo, Justin Long, Tiya Sircar, Skyler Stone, Angourie Rice, Charlie Rowe",United States,23-07-21,2013,PG,88 min,"Action-Adventure, Family, Fantasy",A young dinosaur named Patchi must find his courage to lead the herd.,Action-Adventure
s158,Movie,What the Shark?,Missing Director,Robert Davi,United States,23-07-21,2020,TV-PG,44 min,"Animals & Nature, Documentary",What the Shark? dives deep into the environments where adaptation is critical to survival.,Animals & Nature
s159,TV Show,Behind the Attraction,Missing Director,Paget Brewster,United States,21-07-21,2021,TV-PG,1 Season,"Docuseries, Family",Behind the Attraction takes you on a wild ride behind Disney Parks' most iconic attractions!,Docuseries
s160,TV Show,Disney The Owl House,Missing Director,"Sarah-Nicole Robles, Wendie Malick, Alex Hirsch, Tati Gabrielle, Issac Brown, Mae Whitman","United States, United Kingdom",21-07-21,2020,TV-Y7,2 Seasons,"Action-Adventure, Animation, Anime",Luz stumbles upon a portal to a magical new world.,Action-Adventure
s161,TV Show,Meet Spidey and His Amazing Friends (Shorts),Missing Director,"Ben Valic, Melanie Minichino",United States,21-07-21,2021,TV-Y,1 Season,"Action-Adventure, Animation, Kids",Meet the friends that help Spidey save the day!,Action-Adventure
s162,TV Show,Mission Force One,Missing Director,"Justin Felbinger, Fiona Bishop, Ivy Bishop, Issac Ryan Brown, Sam Lavagnino, Dee Bradley Baker",United States,21-07-21,2017,TV-Y,1 Season,"Action-Adventure, Animation, Kids",Five kids form an elite team to protect the universe!,Action-Adventure
s163,TV Show,Turner & Hooch,Missing Director,"Josh Peck, Carra Patterson, Lyndsy Fonseca, Vanessa Lengies, Brandon Jay Mclaren, Anthony Ruivivar",United States,21-07-21,2021,TV-PG,1 Season,"Action-Adventure, Buddy, Comedy",A Deputy Marshal inherits an unruly dog who helps him solve crimes and investigate a family mystery.,Action-Adventure
s164,Movie,Most Wanted Sharks,Missing Director,Missing Cast,United States,16-07-21,2020,TV-PG,44 min,"Animals & Nature, Documentary","In Most Wanted Sharks, Jeremiah Sullivan dives into the stories of shark all-stars.",Animals & Nature
s165,Movie,Secrets of the Bull Shark,Missing Director,Keston John,United States,16-07-21,2020,TV-14,44 min,"Animals & Nature, Documentary",Secrets of the Bull Shark unravels the mystery of some of the most dangerous predators.,Animals & Nature
s166,TV Show,Shark Attack Files,Missing Director,Missing Cast,United States,16-07-21,2021,TV-14,1 Season,"Animals & Nature, Docuseries, Reality",Learn the truth behind the most dramatic shark attacks of our time.,Animals & Nature
s167,Movie,Shark Attack Investigation: The Paige Winter Story,Missing Director,Missing Cast,United States,16-07-21,2021,TV-14,44 min,"Animals & Nature, Documentary",A teen survives facing one of the ocean’s deadliest predators.,Animals & Nature
s168,Movie,Sharkcano,Andy Seestedt,Dan Nachtrab,United States,16-07-21,2020,TV-PG,44 min,"Animals & Nature, Documentary",Dr. Michael Heithaus sets out to reveal the connection between sharks and volcanoes.,Animals & Nature
s169,Movie,We Bought a Zoo,Cameron Crowe,"Matt Damon, Scarlett Johansson, Thomas Haden Church, Patrick Fugit, Colin Ford, Elle Fanning",United States,16-07-21,2011,PG,125 min,"Animals & Nature, Drama, Family",A single dad tries to give his family a fresh start by moving to a home in the middle of a zoo.,Animals & Nature
s170,Movie,World's Biggest Bullshark,Missing Director,Jason Hildebrandt,United States,16-07-21,2021,TV-PG,44 min,"Animals & Nature, Documentary","How one of the largest Bull Sharks ever caught, grew to become a giant.",Animals & Nature
s171,Movie,World's Most Dangerous Shark?,Kevin Bachar,Brain Cade,United States,16-07-21,2021,TV-14,44 min,"Animals & Nature, Documentary",Are Oceanic White Tips the most dangerous of all the sharks?,Animals & Nature
s172,TV Show,So Random!,Missing Director,"Tiffany Thornton, Sterling Knight, Brandon Mychal Smith, Doug Brochu, Allisyn Ashley Arm",United States,14-07-21,2011,TV-G,1 Season,"Comedy, Coming of Age",A musical sketch comedy show.,Comedy
s173,Movie,Flicka,Michael Mayer,"Alison Lohman, Tim McGraw, Maria Bello, Ryan Kwanten, Danny Pino, Dallas Roberts","United States, United Kingdom",09-07-21,2006,PG,95 min,"Animals & Nature, Coming of Age, Drama",A 14-year-old girl befriends a wild filly and tries to rescue the horse from a rodeo entrepreneur.,Animals & Nature
s174,Movie,"Miraculous World: Shanghai, The Legend of Ladydragon",Thomas Astruc,"Cristina 'Vee"" Valenzuela, Bryce Papenbrook, Keith Silverstein, Carrie Keranen, Todd Haberkorn, Max Mittelman",United States,09-07-21,2021,TV-Y7-FV,54 min,"Animation, Fantasy",Marinette heads to Shanghai to meet Adrien.,Animation
s175,Movie,Orca vs. Great White,Sigmund Spath Jr.,"Kina Scollay, Ingrid Visser, Ray Robertson",United States,09-07-21,2021,TV-14,44 min,"Animals & Nature, Documentary",Researchers investigate if orcas are hunting great whites in New Zealand.,Animals & Nature
s176,Movie,Rogue Shark?,Mark Woodward,Mocean Melvin,United States,09-07-21,2021,TV-14,44 min,"Animals & Nature, Documentary","A vacation hot spot is rocked by a series of shark attacks, chaos reigns.",Animals & Nature
s177,Movie,Shark Beach with Chris Hemsworth,Sally Aitken,Chris Hemsworth,United States,09-07-21,2021,TV-PG,44 min,"Animals & Nature, Documentary",Chris Hemsworth investigates how we can live harmoniously with sharks.,Animals & Nature
s178,Movie,Shark Gangs,"Jacob Cobi Benattia, Pete Berg, James Buchanan",Missing Cast,United States,09-07-21,2021,TV-14,44 min,"Animals & Nature, Documentary",Scientists investigate why some sharks roam the oceans in gangs.,Animals & Nature
s179,Movie,The Croc That Ate Jaws,Mark Woodward,Dan Nachtrab,United States,09-07-21,2021,TV-14,44 min,"Animals & Nature, Documentary",What happens when two of the deadliest predators go head to head?,Animals & Nature
s180,TV Show,When Sharks Attack,Missing Director,Eric Meyers,United States,09-07-21,2013,TV-14,7 Seasons,Reality,National Geographic investigates shark attacks.,Reality
s181,TV Show,Breaking Bobby Bones,Missing Director,Bobby Bones,United States,07-07-21,2021,TV-14,1 Season,"Action-Adventure, Docuseries, Reality",Bobby Bones travels to meet local heroes who challenge him to conquer their trades.,Action-Adventure
s182,TV Show,Mickey Mouse Mixed-Up Adventures,Missing Director,"Bret Iwan, Russi Taylor, Bill Farmer, Daniel Ross, Tress MacNeile",United States,07-07-21,2019,TV-Y,1 Season,"Animation, Kids, Sports",Hot Dog! Get mixed-up with Mickey and all of his pals!,Animation
s183,TV Show,Monsters at Work,Missing Director,"Billy Crystal, John Goodman, Ben Feldman, Mindy Kaling, Henry Winkler, Lucas Neff",United States,07-07-21,2021,TV-G,1 Season,"Animation, Comedy, Family","""Monsters at Work"" tells the story of Tylor Tuskmon and his dream to become a Jokester.",Animation
s184,Movie,"The Good, The Bart, and The Loki",David Silverman,"Dan Castellaneta, Nancy Cartwright, Yeardley Smith",United States,07-07-21,2021,TV-PG,6 min,"Animation, Comedy, Fantasy","Banished from Asgard once again, Loki takes on the Simpsons and Springfield’s mightiest heroes.",Animation
s185,TV Show,Disney Raven's Home,Missing Director,"Raven-Symoné , Issac Brown, Navia Robinson, Jason Maybaum, Sky Katz, Anneliese van der Pol",United States,02-07-21,2016,TV-G,4 Seasons,"Comedy, Family, Fantasy",Raven and Chelsea raise their three children together.,Comedy
s186,Movie,The Sandlot,David Mickey Evans,"Art La Fleur, Tom Guiry, Mike Vitar, Patrick Renna, Chauncey Leopardi, Marty York",United States,02-07-21,1993,PG,101 min,"Comedy, Coming of Age, Family",A shy boy moves to a new neighborhood and becomes involved with a ragtag baseball team.,Comedy
s187,Movie,The Sandlot 2,David Mickey Evans,"Max Lloyd-Jones, James Willson, Samantha Burton, Brett Kelly, James Earl Jones, Cole Evan Weiss",United States,02-07-21,2005,PG,98 min,"Comedy, Sports","10 years after the events at The Sandlot, a team of boys and girls overcome an all-new challenge.",Comedy
s188,Movie,Adventures in Babysitting,Chris Columbus,"Elisabeth Shue, Maia Brewton, Keith Coogan, Anthony Rapp, Calvin Levels, Vincent Phillip D'Onofrio",United States,25-06-21,1987,TV-PG,102 min,"Action-Adventure, Comedy, Coming of Age",A seemingly quiet night turns into a wild expedition for a teen babysitter.,Action-Adventure
s189,TV Show,Running Wild with Bear Grylls,Missing Director,Bear Grylls,United States,25-06-21,2019,TV-PG,2 Seasons,"Action-Adventure, Reality, Survival",Survivalist Bear Grylls takes celebrities on wild adventures they won’t forget.,Action-Adventure
s190,TV Show,The Mysterious Benedict Society,Missing Director,"Tony Hale, Kristen Schaal, Mystic Inscho, Seth Carr, Marta Kessler, Emmy DeOliveira",United States,25-06-21,2021,TV-PG,1 Season,"Action-Adventure, Family",Four gifted orphans are recruited by the eccentric Mr. Benedict to save the world.,Action-Adventure
s191,Movie,Wolfgang,David Gelb,Wolfgang Puck,United States,25-06-21,2021,TV-PG,80 min,"Biographical, Documentary",Wolfgang Puck persevered after a troubled childhood to become the world’s most famous chef.,Biographical
s192,TV Show,Dino Ranch,Missing Director,"Tyler Nathan, Jacob Mazeral, Ava Ro, Scott Gorman, Athena Karkanis",Canada,18-06-21,2021,TV-Y,1 Season,"Animation, Kids, Western","Join the Cassidy family on their ""prewestoric"" farm!",Animation
s193,TV Show,Disney Just Roll With It,Missing Director,"Ramon Reed, Kaylin Hayman, Suzi Barrett, Tobie Windham",United States,18-06-21,2018,TV-Y7,2 Seasons,"Comedy, Family",This family's fate rests in the hands of the audience!,Comedy
s194,TV Show,"Heartland Docs, DVM",Missing Director,"Dr. Erin Schroeder, Dr. Ben Schroeder",United States,18-06-21,2019,TV-14,3 Seasons,"Animals & Nature, Docuseries, Family",Heartland vets Ben and Erin Schroeder live and work among farmers in the Midwest.,Animals & Nature
s195,Movie,Luca,Enrico Casarosa,"Jacob Tremblay, Jack Dylan Grazer, Emma Berman, Maya Rudolph, Marco Barricelli, Jim Gaffigan",United States,18-06-21,2021,PG,101 min,"Animation, Buddy, Coming of Age","Join Luca, a young sea monster, as he experiences an unforgettable summer on the Italian Riviera.",Animation
s196,TV Show,Star Wars Vintage: Droids,Missing Director,"Anthony Daniels, R2-D2, Lesleh Donaldson, Andrew Sabiston, Don Francks, Dan Hennessey",United States,18-06-21,1985,TV-Y7-FV,2 Seasons,"Action-Adventure, Animation, Fantasy",Share the early adventures of R2-D2 and C-3PO in this action-packed animated series!,Action-Adventure
s197,TV Show,Puppy Dog Pals,Missing Director,"Harland Williams, Isaac Brown, Jessica DiCicco, Sam Lavagnino, Leslie Baker, Tara Strong","United States, India",11-06-21,2016,TV-G,4 Seasons,"Animation, Kids",Two puppies are on a mission for fun and adventure!,Animation
s198,Movie,Strange Magic,Gary Rydstrom,"Alan Cumming, Evan Rachel Wood, Elijah Kelley, Meredith Anne Bull, Sam Palladio, Kristin Chenoweth","United States, Canada, United Kingdom, Singapore, Australia, Thailand",11-06-21,2015,PG,101 min,"Action-Adventure, Animation, Family",A tough fairy princess crosses paths with the sinister Bog King.,Action-Adventure
s199,Movie,The Happiest Millionaire,Norman Tokar,"Fred MacMurray, Tommy Steele, Greer Garson, Geraldine Page, Gladys Cooper, Hermione Baddeley",United States,11-06-21,1967,G,170 min,"Biographical, Coming of Age, Family",An immigrant finds a butler position in the home of a millionaire.,Biographical
s200,Movie,The Pacifier,Adam Shankman,"Vin Diesel, Lauren Graham, Faith Ford, Brittany Snow, Max Thieriot, Chris Potter","Canada, United States",11-06-21,2005,PG,97 min,"Action-Adventure, Comedy, Spy/Espionage",A Navy SEAL gets his toughest mission yet: Babysitting.,Action-Adventure
s201,TV Show,Zenimation,Missing Director,Missing Cast,United States,11-06-21,2020,TV-G,2 Seasons,"Animation, Anthology, Family","Unplug, relax and refresh your senses with the soundscapes of Disney Animation’s Zenimation.",Animation
s202,TV Show,Loki,Missing Director,Tom Hiddleston,United States,09-06-21,2021,TV-14,1 Season,"Action-Adventure, Fantasy, Science Fiction",The mercurial villain Loki (Tom Hiddleston) resumes his role as the God of Mischief.,Action-Adventure
s203,TV Show,Gordon Ramsay: Uncharted,Missing Director,Gordon Ramsay,United States,04-06-21,2018,TV-14,3 Seasons,"Action-Adventure, Docuseries, Lifestyle",Gordon Ramsay travels the globe on an epic adventure in search of culinary inspiration.,Action-Adventure
s204,TV Show,MUPPET BABIES,Missing Director,"Matt Danner, Melanie Harrison, Ben Diskin, Eric Bauza, Dee Baker, Jessica DiCicco","South Korea, United States, China, Japan",04-06-21,2017,TV-Y,3 Seasons,"Animation, Kids",The Muppet Babies are here to make dreams come true!,Animation
s205,Movie,Raya and the Last Dragon,"Don Hall, Carlos López Estrada","Kelly Marie Tran, Awkwafina , Izaac Wang, Gemma Chan, Daniel Dae Kim, Benedict Wong",United States,04-06-21,2021,PG,112 min,"Action-Adventure, Animation, Family","When evil threatens Kumandra, Raya must find the last dragon to save it.",Action-Adventure
s206,Movie,Red Tails,Anthony Hemingway,"Terrence Howard, Cuba Gooding Jr., Nate Parker, David Oyelowo, Tristan Wilds, Ne-Yo",United States,04-06-21,2012,PG-13,126 min,"Action-Adventure, Drama, Historical",Black fighter pilots get the chance to prove themselves during WWII.,Action-Adventure
s207,Movie,Us Again,Zach A. Parrish,Missing Cast,United States,04-06-21,2021,G,7 min,"Animation, Dance, Family",An elderly man and his young-at-heart wife rekindle their passion for life on one magical night.,Animation
s208,Movie,American Eid,Aqsa Altaf,"Shanessa Khawaja, Jenna Qureshi, Cash Herrera, Fazeelat Aslam, Maya Bednarek, Iris Starlett Perry",United States,28-05-21,2021,G,21 min,Drama,"Ameena, a homesick Muslim Pakistani immigrant, wakes up on Eid to find out she has to go to school.",Drama
s209,TV Show,Bluey,Missing Director,"Dave Mccormack, Melanie Zanetti, Brad Elliot, Hsiao-Ling Tang","Australia, United Kingdom",28-05-21,2019,TV-Y,2 Seasons,"Animation, Kids","Bluey is a six year-old Blue Heeler dog, who turns everyday family life into adventures.",Animation
s210,Movie,Dinner Is Served,Hao Zheng,"Qi Sun, Briana Liu, Ben Wang, Harry Jarvis, Ray Wise, DeJean Brown",United States,28-05-21,2021,TV-PG,21 min,"Coming of Age, Drama",A Chinese student uncovers his true identity when trying out for a leadership role at a U.S. school.,Coming of Age
s211,TV Show,Disney Sydney To The Max,Missing Director,"Ruth Righi, Ava Kolker, Jackson Dollinger, Christian Simon, Ian Kesler, Caroline Rhea",United States,28-05-21,2018,TV-G,3 Seasons,"Comedy, Coming of Age, Family",Sydney navigates middle school with help from her Dad.,Comedy
s212,Movie,Growing Fangs,Ann Marie Pace,"Keyla Monterroso Mejia, Cristela Alonzo, Grace Song, Olivia Sullivent, Gilberto Ortiz, Sean Burgos",United States,28-05-21,2021,TV-PG,20 min,"Coming of Age, Fantasy","Val Garcia, a Mexican-American half human/half vampire teenager, struggles to fit in either world.",Coming of Age
s213,TV Show,Kingdom of the Polar Bears,Missing Director,Dennis Compayre,United States,28-05-21,2021,TV-PG,1 Season,"Animals & Nature, Docuseries",Follow a mother polar bear as she raises two cubs on the Hudson Bay’s receding ice.,Animals & Nature
s214,Movie,Let's Be Tigers,Stephanie Abel Horowitz,"Otmara Marrero, Dash McCloud, Greg Worswick, Mike Millan",United States,28-05-21,2021,PG,15 min,Drama,"Grieving for her mother, Avalon finds comfort when she's put in charge of a 4-year-old for a night.",Drama
s215,Movie,The Last of the Chupacabras,Jessica Mendez Siqeiros,"Melba Martinez ph.D, Cici Lau, Seven True-Divine Purnell, William Knight, Amanda Maddock, Ronald Binion",United States,28-05-21,2021,TV-PG,14 min,Fantasy,A lonely Mexican-American woman unknowingly summons a dark and ancient creature.,Fantasy
s216,Movie,The Little Prince(ss),Moxie Peng,"Kalo Moss, Ching Yin Ryan Hu, Evan Lai, Brian Yang, Lynn Chen, Danni Wang",United States,28-05-21,2021,PG,19 min,Drama,"When Chinese kids Gabriel and Rob become friends, Rob's dad questions Gabriel's feminine behavior.",Drama
s217,TV Show,Wicked Tuna,Missing Director,Mike Rowe,United States,28-05-21,2016,TV-14,10 Seasons,"Action-Adventure, Animals & Nature, Docuseries",Massachusetts fishermen make their living one catch at a time in pursuit of the bluefin tuna.,Action-Adventure
s218,TV Show,Big City Greens,Missing Director,"Chris Houghton, Marieve Herington, Bob Joles, Artemis Pebdani","United States, South Korea",21-05-21,2017,TV-Y7,2 Seasons,"Action-Adventure, Animation, Comedy",The Green family moves from the country to Big City.,Action-Adventure
s219,TV Show,Fury Files,Missing Director,Chi McBride,United States,21-05-21,2013,TV-Y7,1 Season,"Animation, Superhero",Get top-secret access to S.H.I.E.L.D. video dossiers on key Marvel heroes and villains.,Animation
s220,TV Show,Ice Road Rescue,Missing Director,"David Wartnaby, Bjørn Lægreid, Thord Paulsen",United Kingdom,21-05-21,2015,TV-14,5 Seasons,"Docuseries, Reality, Survival",Ice Road Rescue follows Norwegian towing teams who rescue trucks and trailers on icy mountain roads.,Docuseries
s221,Movie,Tinker Bell and the Legend of the NeverBeast,Steve Loter,"Ginnifer Goodwin, Mae Whitman, Rosario Dawson, Lucy Liu, Raven-Symoné , Megan Hilty",United States,21-05-21,2014,G,79 min,"Action-Adventure, Animation, Fantasy",Tink and her friends risk everything to rescue the mysterious NeverBeast.,Action-Adventure
s222,TV Show,Schoolhouse Rock!,Missing Director,"Bob Dorough, Jack Sheldon, Lynn Ahrens, Grady Tate, Blossom Dearie, Essra Mohawk",United States,17-05-21,1973,TV-G,6 Seasons,"Animals & Nature, Animation, Kids","Musical shorts teach kids history, grammar, and math.",Animals & Nature
s223,TV Show,Disney Special Agent Oso: Three Healthy Steps (Shorts),Missing Director,"Sean Astin, Meghan Strange, Phill Lewis, Amber Hood, Brad Garrett",United States,14-05-21,2011,TV-Y,1 Season,"Action-Adventure, Animation, Kids",Oso and his friends watch a kid as they demonstrate the steps to performing a healthy activity.,Action-Adventure
s224,TV Show,Race to the Center of the Earth,Missing Director,Chris Payne Gilbert,United States,14-05-21,2021,TV-14,1 Season,"Action-Adventure, Family, Game Show / Competition",Race to the Center of the Earth. Four epic courses. One finish line.,Action-Adventure
s225,TV Show,Special Agent Oso,Missing Director,"Sean Astin, Meghan Strange, Gary Anthony Williams, Amber Hood, Cam Clarke, Phill Lewis","United States, United Kingdom, South Korea",14-05-21,2009,TV-Y,2 Seasons,"Action-Adventure, Animation, Kids",Special Agent Oso is an adorable stuffed bear and an agent-in-training!,Action-Adventure
s226,Movie,X-Men: The Last Stand,Brett Ratner,"Hugh Jackman, Halle Berry, Ian McKellen, Famke Janssen, Anna Paquin, Kelsey Grammer","United States, United Kingdom, Canada",14-05-21,2006,PG-13,105 min,"Action-Adventure, Family, Science Fiction","When Professor X clashes with Magneto, the battle lines are drawn for the war to end all wars.",Action-Adventure
s227,TV Show,The Incredible Hulk,Missing Director,"Neal McDonough, John Vernon, Luke Perry, Lou Ferrigno, Genie Francis",United States,10-05-21,1996,TV-Y7,2 Seasons,"Action-Adventure, Animation, Kids",Scientist Bruce Banner develops a dangerous alter ego – a monster known as the Incredible Hulk.,Action-Adventure
s228,Movie,Fantastic Four: Rise of the Silver Surfer,Tim Story,"Ioan Gruffudd, Jessica Alba, Chris Evans, Michael Chiklis, Julian McMahon, Kerry Washington","United States, Germany, United Kingdom",07-05-21,2007,PG,93 min,"Action-Adventure, Family, Science Fiction","The Fantastic Four meet The Silver Surfer, who comes to Earth to prepare it for destruction.",Action-Adventure
s229,TV Show,Wander Over Yonder,Missing Director,"Jack McBrayer, April Winchell, Keith Ferguson, Tom Kenny","United States, Canada, Ireland",07-05-21,2013,TV-Y7,2 Seasons,Comedy,Best friends travel through the cosmos.,Comedy
s230,Movie,Wild Hearts Can't Be Broken,Steve Miner,"Gabrielle Anwar, Michael Schoeffling, Kathleen York, Dylan Kussman, Cliff Robertson, Frank Renzulli",United States,07-05-21,1991,G,89 min,"Biographical, Drama","A runaway is determined to become a death-defying horse ""diving girl.""",Biographical
s231,Movie,"Maggie Simpson in ""The Force Awakens from its Nap""",David Silverman,Missing Cast,United States,04-05-21,2021,TV-PG,4 min,"Animation, Comedy, Parody","In a daycare far, far away… but still in Springfield, Maggie goes on a quest for her lost pacifier.",Animation
s232,Movie,Star Wars Biomes,Missing Director,Missing Cast,United States,04-05-21,2021,TV-G,18 min,Science Fiction,"Fly over the surface of some of the most iconic Star Wars biomes, planets, and moons.",Science Fiction
s233,TV Show,Star Wars Vehicle Flythroughs,Missing Director,Missing Cast,United States,04-05-21,2021,TV-G,1 Season,"Anthology, Science Fiction",Fly through some of the most iconic Star Wars ships and vehicles.,Anthology
s234,TV Show,The Bad Batch,Missing Director,Dee Bradley Baker,United States,04-05-21,2021,TV-PG,1 Season,"Action-Adventure, Animation, Science Fiction",The Bad Batch must find their way in a rapidly changing galaxy.,Action-Adventure
s235,TV Show,Spider-Man,Missing Director,"Christopher Daniel Barnes, Edward Asner, Linda Gray, Rodney Saulsberry, Liz Georges, Saratoga Ballantine",United States,03-05-21,1994,TV-Y7,5 Seasons,"Action-Adventure, Animation, Kids",A young man with spider-like abilities fights crime while trying to have a normal personal life.,Action-Adventure
s236,Movie,22 vs. Earth,Kevin Nolting,"Tina Fey, Richard Ayoade, Alice Braga",United States,30-04-21,2021,TV-PG,9 min,"Animation, Comedy, Family","22 refuses to go to Earth, enlisting a gang of 5 other new souls in her attempt at rebellion.",Animation
s237,TV Show,Adventures in Wonderland,Missing Director,"Patrick Richwood, Reece Holland, John Robert Hoffman, Wesley Mann, Harry Waters Jr., John Lovelady",United States,30-04-21,1996,TV-G,1 Season,"Fantasy, Musical",This Emmy award-winning series mixes music and fantasy with language and social skills.,Fantasy
s238,Movie,Disney My Music Story SUKIMASWITCH,Kentaro Takayanagi,"Takuya Ohashi, Shintaro Tokita",United States,30-04-21,2020,TV-PG,81 min,"Biographical, Documentary, Music",This episode features SUKIMASWITCH. They share their thoughts on music.,Biographical
s239,TV Show,DuckTales,Missing Director,"David Tennant, Danny Pudi, Ben Schwartz, Bobby Moynihan, Kate Micucci, Tony Anselmo",United States,30-04-21,2017,TV-Y7,3 Seasons,"Action-Adventure, Animation, Comedy",Join Scrooge and family on globe-trotting adventures!,Action-Adventure
s240,Movie,Oklahoma!,Fred Zinnemann,"Gordon MacRae, Gloria Grahame, Gene Nelson",United States,30-04-21,1956,TV-PG,148 min,"Musical, Romance, Western",Two young cowboys vie with a ranch hand and peddler for the hearts of the women they love.,Musical
s241,Movie,Baby's Day Out,Patrick Read Johnson,"Joe Mantegna, Lara Flynn Boyle, Joe Pantoliano, Brian Haley, Cynthia Nixon, Fred Dalton Thompson",United States,23-04-21,1994,PG,99 min,"Action-Adventure, Comedy, Crime",Three bumbling kidnappers attempt to nab the baby of a rich couple.,Action-Adventure
s242,Movie,Being the Queen,Tom Jennings,Missing Cast,United States,23-04-21,2020,TV-14,44 min,"Biographical, Documentary",Being the Queen tells the story of Queen Elizabeth II from those who know her best.,Biographical
s243,TV Show,Liv and Maddie,Missing Director,"Dove Cameron, Joey Bragg, Tenzing Norgay Trainor, Kali Rocha, Benjamin King",United States,23-04-21,2013,TV-G,4 Seasons,"Comedy, Coming of Age, Kids",The series follows 15-year-old twins Liv and Maddie.,Comedy
s244,TV Show,Secrets of the Whales,Missing Director,"Sigourney Weaver, James Cameron, Brian Skerry",United States,22-04-21,2021,TV-PG,1 Season,"Animals & Nature, Docuseries",Secrets of the Whales reveals the mysterious and beautiful world of whales.,Animals & Nature
s245,TV Show,Big Shot,Missing Director,"John Stamos, Jessalyn Gilsig, Yvette Nicole Brown, Richard Robichaux, Sophia Mitri Schloss, Nell Verlaque",United States,16-04-21,2021,TV-PG,1 Season,"Comedy, Drama, Sports","After being ousted from NCAA, a men’s basketball coach takes a job at an elite private high school.",Comedy
s246,TV Show,Earth Moods,Missing Director,Missing Cast,United States,16-04-21,2021,TV-G,1 Season,"Animals & Nature, Anthology",Relax and reset as you journey around the world with Earth Moods.,Animals & Nature
s247,TV Show,Primal Survivor,Missing Director,Hazen Audel,United States,16-04-21,2014,TV-PG,5 Seasons,"Docuseries, Reality, Survival",Hazen Audel relives his most thrilling moments and reveals what it takes to become Primal Survivor.,Docuseries
s248,Movie,Rio,Carlos Saldanha,"Anne Hathaway, Jesse Eisenberg, will.i.am , Jamie Foxx, George Lopez, Tracy Morgan","United States, Brazil",16-04-21,2011,G,99 min,"Action-Adventure, Animation, Comedy","Blu, a rare macaw leaves his home in small town Minnesota and heads to Rio to help save his species.",Action-Adventure
s249,Movie,The Kid Who Would Be King,Joe Cornish,"Louis Ashbourne Serkis, Tom Taylor, Rebecca Ferguson, Patrick Stewart, Denise Gough, Dean Chaumoo","United Kingdom, United States",16-04-21,2019,PG,121 min,"Action-Adventure, Coming of Age, Family","When a kid discovers the legendary sword, Excalibur, he and his friends join Merlin to fight evil!",Action-Adventure
s250,Movie,Treasure Buddies,Robert Vince,"Richard Riehle, Mason Cook, Adam Alexi-Malle, Lochlyn Munro, Mo Gallini, Christopher Maleki","United States, Canada",16-04-21,2012,G,96 min,"Action-Adventure, Comedy, Kids",Travel across the globe on a treasure hunt with the adorable thrill-seeking Buddies.,Action-Adventure
s251,Movie,White Fang 2: Myth of the White Wolf,Ken Olin,"Scott Bairstow, Charmaine Craig, Alfred Molina, Geoffrey Lewis, Al Harrington, Anthony Michael Ruivivar",United States,16-04-21,1994,PG,106 min,"Action-Adventure, Animals & Nature, Drama",A dog-wolf stops miners from destroying a sacred land.,Action-Adventure
s252,Movie,Cesar Millan: The Real Story,Doug Shultz,Cesar Millan,United States,09-04-21,2012,TV-PG,45 min,"Biographical, Documentary",Follow Cesar Millan's incredible rise from impoverished illegal immigrant to celebrity dog trainer.,Biographical
s253,TV Show,Future-Worm!,Missing Director,"Andy Milonakis, James Adomian, Corey Burton, Melanie Lynskey, Ryan Quincy, Neil deGrasse Tyson",United States,09-04-21,2016,TV-Y7,1 Season,"Family, Kids","One boy, one worm... these are their adventures!",Family
s254,TV Show,Kick Buttowski: Suburban Daredevil,Missing Director,"Charlie Schlatter, Matt Jones, Danny Cooksey",United States,09-04-21,2010,TV-Y7,2 Seasons,"Action-Adventure, Animation",Kick Buttowski is an extraordinary kid determined to become the worlds greatest daredevil.,Action-Adventure
s255,Movie,Man of the House,James Orr,"Chevy Chase, Farrah Fawcett, Jonathan Taylor Thomas, George Wendt",United States,09-04-21,1995,PG,97 min,"Comedy, Coming of Age, Crime",A man joins the YMCA to impress the son of the woman of his dreams.,Comedy
s256,Movie,Mark Twain and Me,Daniel Petrie,"Jason Robards, Talia Shire, R.H. Thomson, Fiona Reid, Chris Wiggins, Amy Stewart","Canada, United States",09-04-21,1991,TV-PG,93 min,"Biographical, Coming of Age, Drama","A shy 11 -year- old is thrilled to meet Mark Twain, the man she most admires in all the world.",Biographical
s257,Movie,Squanto: A Warrior's Tale,Xavier Koller,"Adam Beach, Eric Schweig, Michael Gambon, Nathaniel Parker, Alex Norton, Sheldon Peters Wolfchild","United States, Canada",09-04-21,1994,PG,102 min,"Action-Adventure, Biographical, Drama",A vivid true story of one man's unquenchable thirst for independence.,Action-Adventure
s258,Movie,Caravan of Courage: An Ewok Adventure,John Korty,"Eric Walker, Warwick Davis, Fionnula Flanagan, Guy Boyd, Aubree Miller, Daniel Frishman",United States,02-04-21,1984,TV-PG,97 min,"Action-Adventure, Fantasy, Science Fiction","After Cindel and Mace are separated from their parents, courageous Ewoks aid in reuniting them.",Action-Adventure
s259,Movie,Ewoks: The Battle for Endor,"Jim Wheat, Ken Wheat","Wilford Brimley, Warwick Davis, Aubree Miller, Siân Phillips, Carel Struycken, Niki Botelho",United States,02-04-21,1985,TV-PG,97 min,"Action-Adventure, Fantasy, Science Fiction",The adventures of the Ewoks continue as Wicket and friends confront the evil Marauders.,Action-Adventure
s260,TV Show,Higglytown Heroes,Missing Director,"Frankie Ryan Manriquez, Taylor Masamitsu, Liliana Mumy, Rory Thost, Edie McClurg","United States, South Korea",02-04-21,2004,TV-Y,2 Seasons,"Animation, Kids, Musical","You're invited to meet the heroes all around you, since everyone's a hero in their own way!",Animation
s261,Movie,Island at the Top of the World,Robert Stevenson,"David Hartman, Donald Sinden, Jacques Marin, Mako , David Gwillim, Agneta Eckemyr",United States,02-04-21,1974,G,94 min,"Action-Adventure, Fantasy, Survival",A man commissions an airship and crew to search for his missing son.,Action-Adventure
s262,TV Show,Made in a Day,Missing Director,Craig Whitney,United States,02-04-21,2020,TV-PG,1 Season,Reality,This is the story of how today’s biggest brands are made today.,Reality
s263,Movie,Night at the Museum,Shawn Levy,"Ben Stiller, Carla Gugino, Dick Van Dyke, Mickey Rooney, Bill Cobbs, Jake Cherry","United States, United Kingdom",02-04-21,2006,PG,109 min,"Action-Adventure, Comedy, Family",A new guard at the Natural History Museum finds that when visitors leave the exhibits come to life.,Action-Adventure
s264,TV Show,Secrets Of The Zoo,Missing Director,Mocean Melvin,United States,02-04-21,2017,TV-PG,4 Seasons,"Animals & Nature, Docuseries, Family",Go behind the scenes at The Columbus Zoo and Aquarium.,Animals & Nature
s265,Movie,Sharks Of The Bermuda Triangle,Missing Director,Mike New,United States,02-04-21,2020,TV-PG,45 min,"Animals & Nature, Documentary",The Bermuda Triangle’s greatest wonder may be the secret breeding grounds of tiger sharks.,Animals & Nature
s266,TV Show,Star Wars Vintage: Clone Wars 2D Micro-Series,Missing Director,"Mat Lucas, James Arnold Taylor, Tom Kane, Grey DeLisle, Corey Burton, André Sogliuzzo",United States,02-04-21,2021,TV-Y7-FV,1 Season,Series,"Enjoy this thrilling, Emmy® Award-winning animated series that continues the Star Wars story.",Series
s267,Movie,Star Wars Vintage: Story of the Faithful Wookiee,Missing Director,Missing Cast,United States,02-04-21,2021,TV-Y7-FV,9 min,Animation,"With his friends ailing from a sleeping virus, Chewbacca gets “help” from Boba Fett.",Animation
s268,TV Show,Star Wars: Ewoks,Missing Director,"Jim Henshaw, Cree Summer Francks, Jackie Burroughs, George Buza, Doug Chamberlain, Paul Chato",United States,02-04-21,1985,TV-Y7-FV,2 Seasons,"Action-Adventure, Animation, Fantasy","Join your favorite, furry Star Wars heroes, the Ewoks, in an action-packed, animated series!",Action-Adventure
s269,Movie,The Big Year,David Frankel,"Steve Martin, Jack Black, Owen Wilson, Brian Dennehy, Anjelica Huston, Rashida Jones","United States, Canada",02-04-21,2011,PG,101 min,"Animals & Nature, Comedy",Three men pursue the Birder of the Year title across the continent.,Animals & Nature
s270,Movie,The Last Ice,Scott Ressler,Missing Cast,United States,02-04-21,2020,TV-14,82 min,"Animals & Nature, Documentary","As climate change melts the Arctic ice, the indigenous people fight to protect the land.",Animals & Nature
s271,Movie,Third Man on the Mountain,Ken Annakin,"Michael Rennie, James MacArthur, Janet Munro, James Donald, Herbert Lom, Laurence Naismith","United States, United Kingdom",02-04-21,1959,G,107 min,"Action-Adventure, Coming of Age, Family","A boy attempts the impossible - climbing the ""Citadel.""",Action-Adventure
s272,TV Show,Walk the Prank,Missing Director,"Cody Veith, Bryce Gheisar, Brandon Severs, Jillian Shea Spaeder, Tobie Windham",United States,02-04-21,2016,TV-Y7,3 Seasons,"Comedy, Reality",Chance and his crew prank unsuspecting targets.,Comedy
s273,Movie,Gnomeo & Juliet,Kelly Asbury,"James McAvoy, Emily Blunt, Matt Lucas, Ashley Jensen, Michael Caine, Jim Cummings","United Kingdom, United States, Canada, Ireland",26-03-21,2011,G,86 min,"Action-Adventure, Animation, Family",Two garden gnomes remain star-crossed lovers during a feud among neighbors.,Action-Adventure
s274,TV Show,Pickle and Peanut,Missing Director,"Johnny Pemberton, Jon Heder, Dana Snyder, Joel Trussell",United States,26-03-21,2015,TV-Y7,2 Seasons,Comedy,The freewheeling adventures of Pickle and Peanut.,Comedy
s275,TV Show,The Mighty Ducks: Game Changers,Missing Director,Missing Cast,United States,26-03-21,2021,TV-PG,1 Season,"Comedy, Drama, Sports",A new group of misfits rediscovers the joys of playing hockey for the love of the game.,Comedy
s276,TV Show,Disney Big Hero 6 The Series,Missing Director,"Scott Adsit, Ryan Potter, Brooks Wheelan, Jamie Chung, Khary Payton, Genesis Rodriguez",United States,19-03-21,2017,TV-G,3 Seasons,"Action-Adventure, Animation, Kids","Hiro, Baymax and team protect the city from villains.",Action-Adventure
s277,Movie,Disney My Music Story: Perfume,Kentaro Takayanagi,"a-chan , KASHIYUKA , NOCCHi",United States,19-03-21,2019,TV-PG,53 min,"Biographical, Documentary, Music",J-Pop band Perfume shares their passion for music and Disney memories.,Biographical
s278,TV Show,Mexico Untamed,Missing Director,Juan Monsalvez,United States,19-03-21,2018,TV-PG,1 Season,"Animals & Nature, Docuseries",Predator and prey fight age-old battles for survival in Mexico Untamed,Animals & Nature
s279,TV Show,The Falcon and The Winter Soldier,Missing Director,"Anthony Mackie, Sebastian Stan, Daniel Brühl, Emily VanCamp, Wyatt Russell",United States,19-03-21,2021,TV-14,1 Season,"Action-Adventure, Buddy, Science Fiction",Sam Wilson aka The Falcon and Bucky Barnes aka The Winter Soldier team up on a global adventure.,Action-Adventure
s280,Movie,Doc McStuffins: The Doc Is In,Chris Hamilton,"Laya DeLeon Hayes, Loretta Devine, Lara Jill Miller, Robbie Rist, Anthony Anderson, Dr Myiesha Taylor,  MD",United States,12-03-21,2020,TV-Y,24 min,"Animation, Kids, Medical",Doc McStuffins helps kids learn about healthy habits.,Animation
s281,TV Show,Marvel Studios ASSEMBLED,Missing Director,Missing Cast,United States,12-03-21,2021,TV-PG,1 Season,"Anthology, Docuseries",ASSEMBLED is an immersive series of docu-specials examining the next phase of the MCU.,Anthology
s282,Movie,Miss Peregrine's Home for Peculiar Children,Tim Burton,"Eva Green, Asa Butterfield, Samuel L. Jackson, Judi Dench, Rupert Everett, Allison Janney","United States, United Kingdom, Belgium, Canada",12-03-21,2016,PG-13,127 min,"Coming of Age, Fantasy",A wildly imaginative fantasy-adventure about a secret world for children with unusual powers.,Coming of Age
s283,Movie,Own the Room,"Cristina Costantini, Darren Foster","Alondra Toledo, Daniela Blanco, Henry Onyango, Jason Hadzikostas, Santosh Pandey",United States,12-03-21,2021,TV-14,91 min,Documentary,"Five young entrepreneurs from across the world vie for $100,000.",Documentary
s284,Movie,Garfield: A Tail of Two Kitties,Tim Hill,"Breckin Meyer, Jennifer Love Hewitt, Billy Connolly, Bill Murray","United Kingdom, United States",05-03-21,2006,PG,79 min,"Comedy, Family, Kids",Garfield is adopted by a greedy Lord with nefarious plans to open up his estate as a hunting ground.,Comedy
s285,TV Show,American Dragon: Jake Long,Missing Director,"Dante Basco, Jeff Bennett, Amy Bruckner, John DiMaggio, Charlie Finn, Kittie",United States,26-02-21,2004,TV-Y7,2 Seasons,"Action-Adventure, Animation, Comedy",Jake strives to find balance in his life as a New York teen learning to master his mystical powers.,Action-Adventure
s286,TV Show,Car SOS,Missing Director,Missing Cast,United Kingdom,26-02-21,2012,TV-PG,8 Seasons,"Buddy, Comedy, Docuseries","Decaying classic cars are revived by two experts for unsuspecting, grateful owners.",Buddy
s287,TV Show,Disney Channel Games 2008,Missing Director,Missing Cast,United States,26-02-21,2008,TV-G,1 Season,"Game Show / Competition, Sports, Variety",Disney Channel stars from around the globe compete in the third annual Disney Channel Games.,Game Show / Competition
s288,TV Show,Disney Roll It Back (Shorts),Missing Director,"Ramon Reed, Kaylin Hayman, Suzi Barrett, Tobie Windham, JC Currais",United States,26-02-21,2019,TV-Y7,1 Season,"Comedy, Docuseries, Family",Join the cast of Just Roll With It as they recap all the crazy that happened in the latest episode!,Comedy
s289,TV Show,Dog With a Blog,Missing Director,"G Hannelius, Blake Michael, Francesca Capaldi, Stephen Full, Regan Burns, Beth Littleford",United States,26-02-21,2012,TV-G,3 Seasons,"Comedy, Fantasy",Tyler and Avery hide the fact that their new dog can talk.,Comedy
s290,TV Show,Mickey Go Local,Missing Director,"Azran Bin Ahmad, Rozita Binti Mohamed Hussain, Shamsir Bin Mohd Shahar, Suzana Binti Ahmad",United States,26-02-21,2019,TV-G,1 Season,"Animation, Comedy, Kids","Mickey and his friends explore Singapore and Malaysia’s finest, from food to clothing.",Animation
s291,Movie,Myth: A Frozen Tale,Jeff Gipson,Evan Rachel Wood,United States,26-02-21,2021,TV-G,12 min,"Animation, Family, Fantasy",A family sits down for a bedtime story and is transported to a forest filled with elemental spirits.,Animation
s292,Movie,Okavango: River of Dreams,"Dereck Joubert, Beverly Joubert",Dereck Joubert,"Austria, South Africa",26-02-21,2020,TV-PG,95 min,"Animals & Nature, Documentary",The story of the Okavango River through the wildlife who dwell amongst its waters.,Animals & Nature
s293,TV Show,Pair of Kings,Missing Director,"Mitchel Musso, Doc Shaw, Kelsey Chow, Ryan Ochoa, Geno Segers",United States,26-02-21,2010,TV-Y7,3 Seasons,"Action-Adventure, Comedy, Coming of Age","Fraternal teenage twins, Brady and Boomer, are suddenly informed of their royal lineage.",Action-Adventure
s294,TV Show,Secrets of Sulphur Springs,Missing Director,"Preston Oliver, Kyliegh Curran, Elle Graham, Madeleine McGraw, Landon Gordon, Kelly Frye",United States,26-02-21,2021,TV-PG,1 Season,"Family, Fantasy, Mystery",Griffin and his family move to a mysterious town.,Family
s295,Movie,Shanghai Disney Resort Grand Opening Gala,Missing Director,Missing Cast,United States,26-02-21,2016,TV-G,24 min,Variety,A grand extravaganza which celebrates the opening of Shanghai Disney Resort.,Variety
s296,Movie,Cheaper By the Dozen,Shawn Levy,"Steve Martin, Bonnie Hunt, Hilary Duff, Tom Welling, Piper Perabo",United States,19-02-21,2003,PG,99 min,"Comedy, Family",Tom and Kate Baker discover that managing twelve children and big careers are a difficult mix.,Comedy
s297,Movie,Cheaper by the Dozen 2,Adam Shankman,"Steve Martin, Eugene Levy, Bonnie Hunt, Tom Welling, Piper Perabo, Carmen Electra","United States, Canada",19-02-21,2005,PG,95 min,"Comedy, Family",The Bakers go toe-to-toe against the Murtaughs in the ultimate inter-family battle.,Comedy
s298,Movie,Flora & Ulysses,Lena Khan,"Matilda Lawler, Alyson Hannigan, Ben Schwartz, Anna Deavere Smith, Danny Pudi, Benjamin Evan Ainsworth",United States,19-02-21,2021,PG,95 min,"Comedy, Coming of Age, Drama",Comic book fan Flora saves a squirrel whose superhero powers bring hope and wonder to her family.,Comedy
s299,Movie,The Book of Life,Jorge R. Gutiérrez,"Diego Luna, Zoe Saldana, Channing Tatum, Ron Perlman, Christina Applegate, Ice Cube",United States,19-02-21,2014,PG,101 min,"Action-Adventure, Animation, Comedy",A young man embarks on a journey that spans three fantastical worlds.,Action-Adventure
s300,TV Show,The Muppet Show,Missing Director,"Jim Henson, Frank Oz, Dave Goelz, Richard Hunt, Eren Ozker, John Lovelady","United States, United Kingdom",19-02-21,1976,TV-PG,5 Seasons,"Comedy, Family, Variety",It's time to raise the curtain on The Muppet Show!,Comedy
s301,TV Show,Marvel Battleworld: Mystery of the Thanostones,Missing Director,"Giles Panton, Rebecca Shoichet, Jesse Inocalla, Brad Swaile, Deven Mack, Ian Hanlin",United States,12-02-21,2020,TV-Y7-FV,1 Season,"Action-Adventure, Animation, Fantasy",Iron Man and Captain Marvel team up to stop Thanos!,Action-Adventure
s302,Movie,Marvel's Behind the Mask,Missing Director,Missing Cast,United States,12-02-21,2021,TV-14,65 min,"Anthology, Documentary",A documentary special exploring the power of identity behind superheroes we know and love today.,Anthology
s303,Movie,Rodgers & Hammerstein's Cinderella,Robert Iscove,"Brandy Norwood, Whitney Houston, Bernadette Peters, Paolo Montalbán, Whoopi Goldberg, Victor Garber",United States,12-02-21,1997,G,86 min,"Comedy, Family, Fantasy",History’s most enduring fairy tale returns with a thoroughly modern twist.,Comedy
s304,Movie,You Again,Andy Fickman,"Kristen Bell, Sigourney Weaver, Jamie Lee Curtis, Odette Yustman, Kristin Chenoweth, Victor Garber",United States,12-02-21,2010,PG,106 min,Comedy,An unlikely reunion causes high school drama to resurface between a nice girl and her arch nemesis.,Comedy
s305,Movie,Disney My Music Story: Yoshiki,Kentaro Takayanagi,YOSHIKI,"United States, Japan",05-02-21,2019,TV-PG,48 min,"Biographical, Documentary, Music",Yoshiki from “X Japan” performs two Disney songs and talks about his music.,Biographical
s306,Movie,Expedition Everest,Katie Bauer Murdock,Tate Donovan,United States,05-02-21,2020,TV-PG,45 min,"Animals & Nature, Documentary",Scientists and Sherpas team up on Mount Everest to install the highest weather station in the world.,Animals & Nature
s307,Movie,Upside-Down Magic,Joe Nussbaum,"Izabela Rose, Siena Agudong, Kyle Howard, Elie Samouhi, Alison Fernandez, Max Torina","United States, Canada",05-02-21,2020,TV-PG,97 min,"Coming of Age, Fantasy",Nory enters the Sage Academy for Magical Studies!,Coming of Age
s308,TV Show,Wicked Tuna: Outer Banks,Missing Director,Bill Ratner,United States,05-02-21,2013,TV-14,7 Seasons,"Animals & Nature, Docuseries, Family",Fishermen venture to North Carolina’s Outer Banks to battle for the ocean’s most lucrative prize.,Animals & Nature
s309,TV Show,Dinosaurs,Missing Director,Missing Cast,United States,29-01-21,1991,TV-PG,4 Seasons,"Comedy, Family",Dinosaurs raise a family during the Stone Age.,Comedy
s310,Movie,Texas Storm Squad,Natalie Hewit,Sam Douglas,United States,29-01-21,2020,TV-14,44 min,Documentary,An elite search and rescue team battles to save lives during record-breaking Storm Imelda.,Documentary
s311,TV Show,Pixar Popcorn,Missing Director,"Ellen DeGeneres, Craig T. Nelson, Holly Hunter, Keegan-Michael Key, Jordan Peele",United States,22-01-21,2021,TV-PG,1 Season,"Animation, Anthology, Family",Grab a quick snack of Pixar with this collection of mini shorts starring your favorite characters.,Animation
s312,Movie,Wild Uganda,Harald Pokieser,Russell Boulter,United States,22-01-21,2018,TV-PG,45 min,"Animals & Nature, Documentary",Uganda boasts one of the most diverse landscapes on Earth and wildlife is thriving.,Animals & Nature
s313,TV Show,Elena of Avalor,Missing Director,"Aimee Carrero, Jenna Ortega, Keith Ferguson, Jillian Reed, Carlos Alazraqui, Mikey Kelley",United States,15-01-21,2015,TV-Y7,3 Seasons,"Action-Adventure, Animation, Fantasy",Elena of Avalor must learn to rule!,Action-Adventure
s314,Movie,Isle of Dogs,Wes Anderson,"Bryan Cranston, Koyu Rankin, Edward Norton, Bob Balaban, Jeff Goldblum, Bill Murray","United States, Germany, United Kingdom",15-01-21,2018,PG-13,102 min,"Action-Adventure, Animation, Comedy","Set in Japan, ISLE OF DOGS follows a boy's odyssey in search of his dog.",Action-Adventure
s315,Movie,Mary Poppins Returns,Rob Marshall,"Emily Blunt, Lin-Manuel Miranda, Ben Whishaw, Emily Mortimer, Julie Walters, Pixie Davies","United States, United Kingdom",15-01-21,2018,PG,140 min,"Family, Fantasy, Musical",Mary Poppins is back to help the Banks family in this reimagined classic.,Family
s316,TV Show,WandaVision,Missing Director,"Elizabeth Olsen, Paul Bettany, Teyonah Parris, Kathryn Hahn, Randall Park, Kat Dennings",United States,15-01-21,2021,TV-14,1 Season,"Drama, Fantasy, Mystery",Two super-powered beings living idealized suburban lives suspect that everything is not as it seems.,Drama
s317,TV Show,Disney Fam Jam,Missing Director,"Phil Wright, Ariel Martin, Trevor Tordjman",United States,08-01-21,2020,TV-G,1 Season,"Family, Game Show / Competition, Reality",Families across America compete in epic dance battles!,Family
s318,Movie,Ferdinand,Carlos Saldanha,"Jack Gore, Jet Jurgensmeyer, Nile Diaz, Colin H. Murphy, Carlos Saldanha, Jeremy Sisto","United States, Spain",08-01-21,2017,PG,111 min,"Action-Adventure, Animation, Comedy","Ferdinand, a peace-loving bull, rallies a misfit team of friends on the ultimate adventure home.",Action-Adventure
s319,TV Show,Marvel Studios LEGENDS,Missing Director,Missing Cast,United States,08-01-21,2021,TV-14,1 Season,"Action-Adventure, Docuseries, Fantasy",Marvel Studios LEGENDS celebrates the heroes and villains of the highly anticipated Disney+ shows.,Action-Adventure
s320,Movie,Toy Story: That Time Forgot,Steve Purcell,"Tom Hanks, Tim Allen, Kristen Schaal, Kevin McKidd, Emily Hahn, Wallace Shawn",United States,08-01-21,2014,TV-G,22 min,"Action-Adventure, Animation, Comedy",The Toy Story crew meet a delusional set of action figures.,Action-Adventure
s321,Movie,700 Sharks,Luc Marescot,Paul Bandey,France,01-01-21,2018,TV-PG,45 min,"Animals & Nature, Documentary",Follow an international team of scientists in Polynesia as they study a school of 700 sharks.,Animals & Nature
s322,Movie,Big Sharks Rule,Missing Director,Lance Lewman,United States,01-01-21,2018,TV-14,45 min,"Animals & Nature, Documentary","In the waters of South Africa, sharks reign supreme.",Animals & Nature
s323,Movie,Dr. Seuss' Horton Hears a Who!,"Jimmy Hayward, Steve Martino","Jim Carrey, Steve Carell, Will Arnett, Seth Rogen, Isla Fisher, Amy Poehler",United States,01-01-21,2008,G,88 min,"Animation, Comedy, Family",Horton must save a civilization living on a speck of dust from those who don't believe they exist.,Animation
s324,Movie,Great Shark Chow Down,Mark Woodward,Dan Nachtrab,United States,01-01-21,2019,TV-PG,45 min,"Animals & Nature, Documentary",Great Shark Chow Down – prepare for a feast of extraordinary shark-feeding events.,Animals & Nature
s325,Movie,Mega Hammerhead,"Brandon Hill, Marc Ostrick",Neil Hammerschlag,United States,01-01-21,2016,TV-PG,43 min,"Animals & Nature, Documentary",Dr. Neil Hammerschlag and his team are setting off on a quest to learn more the Great Hammerhead.,Animals & Nature
s326,Movie,Burrow,Madeline Sharafian,Missing Cast,United States,25-12-20,2020,G,6 min,"Animation, Family",A rabbit attempts to dig a burrow and learns there’s no shame in asking for help.,Animation
s327,TV Show,Cosmos: Possible Worlds,Missing Director,Neil deGrasse Tyson,United States,25-12-20,2020,TV-14,1 Season,"Action-Adventure, Docuseries, Family",COSMOS: POSSIBLE WORLDS continues Carl Sagan’s legacy that began more than 40 years ago.,Action-Adventure
s328,TV Show,Disney Gallery / Star Wars: The Mandalorian,Missing Director,"Jon Favreau, Dave Filoni, Pedro Pascal, Bryce Howard, Taika Waititi, Carl Weathers",United States,25-12-20,2020,TV-PG,2 Seasons,"Action-Adventure, Docuseries, Family",DISNEY GALLERY / STAR WARS: THE MANDALORIAN is a docuseries about the making of The Mandalorian.,Action-Adventure
s329,Movie,Max Keeble's Big Move,Tim Hill,"Alex D. Linz, Larry Miller, Jamie Kennedy, Zena Grey, Josh Peck, Nora Dunn",United States,25-12-20,2001,PG,88 min,"Comedy, Family","After a week of creating mayhem, Max has to face the consequences.",Comedy
s330,Movie,Soul,Pete Docter,"Jamie Foxx, Tina Fey, Angela Bassett, Ahmir-Khalib ""Questlove"" Thompson, Phylicia Rashad, Daveed Diggs",United States,25-12-20,2020,PG,107 min,"Animation, Comedy, Family","Jamie Foxx stars in Pixar’s ""Soul,"" a comedy about what makes you... YOU.",Animation
s331,Movie,Arendelle Castle Yule Log,Missing Director,Missing Cast,United States,18-12-20,2020,TV-G,180 min,"Animation, Family",Set the wintry mood for your holiday celebration with Anna and Elsa’s Arendelle Castle yule log.,Animation
s332,Movie,Buried Truth of the Maya,Missing Director,Josh Bernstein,United States,18-12-20,2020,TV-PG,48 min,"Documentary, Historical",A high-tech archaeological team explores the hidden secrets of Chichen Itza.,Documentary
s333,TV Show,Disney Parks Sunrise Series,Missing Director,Missing Cast,United States,18-12-20,2021,TV-G,1 Season,"Animals & Nature, Docuseries, Family","An inspiring view of Disney Parks few have experienced before, at sunrise. Previously Recorded.",Animals & Nature
s334,Movie,Dory's Reef Cam,Michal Makarewicz,Missing Cast,United States,18-12-20,2020,TV-G,182 min,"Animation, Family",Dive into the waters below and watch the aquatic wildlife from the world of Nemo and Dory.,Animation
s335,Movie,Into the Woods,Rob Marshall,"Meryl Streep, Emily Blunt, James Corden, Anna Kendrick, Chris Pine, Tracey Ullman",United States,18-12-20,2014,PG,126 min,"Action-Adventure, Fantasy, Musical",A baker and his wife's desperation to have a child sends them on a quest to reverse a witch’s curse.,Action-Adventure
s336,Movie,"Miraculous World: New York, United Heroez",Thomas Astruc,"Cristina Vee, Bryce Papenbrook, Keith Silverstein, Carrie Keranen, Selah Victor, Sabrina Weisz","United Kingdom, United States, France",18-12-20,2020,TV-Y7-FV,60 min,"Action-Adventure, Animation, Fantasy",Marinette’s class is headed to New York!,Action-Adventure
s337,TV Show,On Pointe,Missing Director,Missing Cast,United States,18-12-20,2020,TV-PG,1 Season,"Docuseries, Family",On Pointe follows students during a season in the School of American Ballet (SAB) in New York City.,Docuseries
s338,TV Show,Wild Nordic,Missing Director,Dan Nachtrab,United States,18-12-20,2019,TV-PG,1 Season,"Animals & Nature, Docuseries, Reality","As seen by the Viking gods, the fabled wildernesses of Norway, Finland and Sweden are revealed.",Animals & Nature
s339,Movie,Disney Channel's Epic Holiday Showdown,Missing Director,Missing Cast,United States,11-12-20,2020,TV-G,50 min,"Fantasy, Variety",DC stars try to save the holidays from Scrooge.,Fantasy
s340,Movie,Disney Holiday Magic Quest,Missing Director,Missing Cast,United States,11-12-20,2020,TV-G,46 min,Movies,ZOMBIES stars race to save the holiday magic!,Movies
s341,Movie,Gender Revolution: A Journey With Katie Couric,Missing Director,Katie Couric,United States,11-12-20,2017,TV-14,93 min,Documentary,Katie Couric explores questions about gender identity with experts and everyday people.,Documentary
s342,Movie,High School Musical: The Musical: The Holiday Special,Missing Director,"Olivia Rodrigo, Joshua Bassett, Sofia Wylie, Matt Cornett, Larry Saperstein, Julia Lester",United States,11-12-20,2020,TV-G,46 min,"Drama, Music, Romance",The cast of High School Musical: The Musical: The Series celebrates the holidays with music & more!,Drama
s343,Movie,Ralph Breaks the Internet,"Rich Moore, Phil Johnston","John C. Reilly, Sarah Silverman, Gal Gadot, Jane Lynch, Jack McBrayer, Alan Tudyk",United States,11-12-20,2018,PG,116 min,"Action-Adventure, Animation, Comedy",Ralph and Vanellope are swept into the internet.,Action-Adventure
s344,Movie,Safety,Reginald Hudlin,"Jay Reeves, Thaddeus J. Mixson, Corinne Foxx, Matthew Glave, James Badge Dale, Hunter Sansone",United States,11-12-20,2020,PG,123 min,"Biographical, Drama, Sports",A drama inspired by the empowering story of former Clemson University safety Ray McElrathbey.,Biographical
s345,Movie,Anastasia,"Don Bluth, Gary Goldman","Meg Ryan, John Cusack, Kelsey Grammer, Christopher Lloyd, Hank Azaria, Bernadette Peters",United States,04-12-20,1997,G,95 min,"Animation, Family, Fantasy","A girl heads to Paris to learn if she is the long lost princess, Anastasia.",Animation
s346,Movie,Godmothered,Sharon Maguire,"June Squibb, Jillian Bell, Jane Curtin, Carlease Burke, Sonia Manzano, Erica Parks",United States,04-12-20,2020,PG,113 min,"Comedy, Family, Fantasy",An inexperienced fairy godmother-in-training tries to prove that people still need fairy godmothers.,Comedy
s347,Movie,Man vs. Shark,Missing Director,"Jeremiah Sullivan, Dave Hoffman",United States,04-12-20,2019,TV-PG,45 min,"Animals & Nature, Documentary",Marine biologist attempts to get bitten by a deadly tiger shark and survive,Animals & Nature
s348,Movie,Mulan,Niki Caro,"Yifei Liu, Donnie Yen, Gong Li, Jet Li, Jason Lee, Yoson An","United States, Canada, Hong Kong",04-12-20,2020,PG-13,117 min,"Action-Adventure, Coming of Age, Drama",A young woman risks it all to be a great Chinese warrior in Disney’s MULAN.,Action-Adventure
s349,Movie,Sky High,Mike Mitchell,"Kelly Preston, Lynda Carter, Michael Angarano, Danielle Panabaker, Mary Elizabeth Winstead, Bruce Campbell",United States,04-12-20,2005,PG,101 min,"Action-Adventure, Comedy, Family",It takes inner and outer strength to make a name for yourself when you're the son of heroes.,Action-Adventure
s350,Movie,The Disney Holiday Singalong,Missing Director,"Ryan Seacrest, Andrea Bocelli, BTS , Michael Bublé, Ciara , Chloe x Halle",United States,04-12-20,2020,TV-G,45 min,"Family, Music, Variety",A festive musical event with more Disney melodies and classic holiday songs.,Family
s351,Movie,The Nutcracker and the Four Realms,"Lasse Hallström, Joe Johnston","Keira Knightley, Mackenzie Foy, Eugenio Derbez, Jayden Fowora-Knight, Matthew Macfadyen, Richard Grant",United States,04-12-20,2018,PG,101 min,"Action-Adventure, Family, Fantasy",From Disney comes the reimagined tale of The Nutcracker.,Action-Adventure
s352,Movie,"Alexander and the Terrible, Horrible, No Good, Very Bad Day",Miguel Arteta,"Steve Carell, Jennifer Garner, Ed Oxenbould, Dylan Minnette, Kerris Dorsey, Jennifer Coolidge",United States,27-11-20,2014,PG,83 min,"Comedy, Coming of Age, Family",It's one calamity after another during the worst day of Alexander's life.,Comedy
s353,Movie,Black Beauty,Ashley Avis,"Mackenzie Foy, Kate Winslet, Iain Glen, Calam Lynch, Claire Forlani, Fern Deacon",United States,27-11-20,2020,TV-PG,111 min,"Animals & Nature, Coming of Age, Drama",A wild horse and a teenage girl forge an unbreakable bond which keeps them connected for a lifetime.,Animals & Nature
s354,Movie,From Our Family to Yours,Angela Affinita,Missing Cast,United Kingdom,27-11-20,2020,TV-G,3 min,"Animation, Family","A granddaughter brings joy on Christmas by mending a beloved Mickey, evoking memories of the past.",Animation
s355,TV Show,Once Upon a Time in Wonderland,Missing Director,"Sophie Lowe, Michael Socha, Peter Gadiot, Emma Rigby, Naveen Andrews, John Lithgow","Canada, United States",27-11-20,2013,TV-PG,1 Season,"Action-Adventure, Fantasy, Soap Opera / Melodrama",Alice tells a tale of a strange new land.,Action-Adventure
s356,TV Show,Party Animals,Missing Director,Missing Cast,United States,27-11-20,2016,TV-G,1 Season,"Animals & Nature, Kids, Music",This music video series captures the funny moments animals have in their day-to-day lives.,Animals & Nature
s357,Movie,Folklore: the long pond studio sessions,Missing Director,"Taylor Swift, Aaron Dessner, Jack Antonoff, Justin Vernon",United States,25-11-20,2020,TV-14,107 min,"Documentary, Music",An intimate musical concert featuring Taylor Swift performing every song from “folklore.”,Documentary
s358,TV Show,Bia,Missing Director,"Isabela Souza, Giulia Guerrini, Julio Peña, Guido Messina, Andrea de Alba, Agustina Palma",Argentina,20-11-20,2019,TV-G,1 Season,"Coming of Age, Drama, Music","Bia is filled with passion, after the loss of her sister she will rediscover music and find love.",Coming of Age
s359,TV Show,Marvel's 616,Missing Director,Missing Cast,United States,20-11-20,2020,TV-14,1 Season,"Anthology, Docuseries",An anthology documentary series exploring the impact of the Marvel Comics Universe.,Anthology
s360,Movie,Planes,Klay Hall,"Dane Cook, Stacy Keach, Brad Garrett, Teri Hatcher, Julia Louis-Dreyfus, Priyanka Chopra",United States,20-11-20,2013,PG,94 min,"Action-Adventure, Animation, Comedy",A crop duster takes on the world’s fastest in the greatest air race ever.,Action-Adventure
s361,Movie,Planes: Fire & Rescue,Bobs Gannaway,"Dane Cook, Ed Harris, Julie Bowen, Curtis Armstrong, John Higgins, Hal Holbrook",United States,20-11-20,2014,PG,85 min,"Action-Adventure, Animation, Comedy",Air racer Dusty teams up with a dynamic crew of flying firefighters.,Action-Adventure
s362,Movie,The Real Right Stuff,Missing Director,Missing Cast,United States,20-11-20,2020,TV-PG,90 min,"Documentary, Historical",The Real Right Stuff tells the story of the nation’s first astronauts.,Documentary
s363,TV Show,The Wonderful World of Mickey Mouse,Missing Director,"Chris Diamantopoulos, Kaitlyn Robrock, Bill Farmer, Tony Anselmo, Tress MacNeille",United States,18-11-20,2020,TV-G,1 Season,"Action-Adventure, Animation, Anthology",It's nothing but fun for Mickey and friends as they embark on their greatest adventures yet.,Action-Adventure
s364,Movie,LEGO Star Wars Holiday Special,Ken Cunningham,"Helen Sadler, Omar Miller, Jake Green, Kelly Marie Tran, Trevor Devall, Matt Sloan",United States,17-11-20,2020,TV-Y7-FV,48 min,"Action-Adventure, Animation, Comedy","On the festive Life Day, Rey and BB-8 embark on an epic adventure across Star Wars history.",Action-Adventure
s365,Movie,Home Alone,Chris Columbus,"Macaulay Culkin, Joe Pesci, Daniel Stern, John Heard, Roberts Blossom, Catherine O'Hara",United States,13-11-20,1990,PG,103 min,"Comedy, Family","When Kevin is home while his family goes on a Christmas trip, he must defend his home from burglars.",Comedy
s366,Movie,Home Alone 2: Lost in New York,Chris Columbus,"Macaulay Culkin, Joe Pesci, Daniel Stern, John Heard, Devin Ratray, Catherine O'Hara",United States,13-11-20,1992,PG,121 min,"Comedy, Family",Kevin is home alone in NYC but won't be for long since the Wet Bandits are also in the Big Apple.,Comedy
s367,Movie,Home Alone 3,Raja Gosnell,"Alex D. Linz, Haviland Morris, Olek Krupa",United States,13-11-20,1997,PG,103 min,"Comedy, Family","A gang of criminals come up against 8 year-old Alex Pruitt, who is home alone with the chicken pox.",Comedy
s368,TV Show,Inside Pixar,Missing Director,Missing Cast,United States,13-11-20,2020,TV-PG,1 Season,"Docuseries, Family","An inside look at the people, artistry, and culture of Pixar Animation Studios.",Docuseries
s369,Movie,Petra: Secrets of the Ancient Builders,"Thierry Fessard, Yohann Thiriet",Bert Morris,United Arab Emirates,13-11-20,2019,TV-G,45 min,"Documentary, Historical","Discover the technical prowess behind Petra, a wonder in the middle of the desert.",Documentary
s370,Movie,Ultimate Viking Sword,Peter Yost,Jay Sanders,United States,13-11-20,2019,TV-PG,45 min,"Documentary, Historical","National Geographic reconstructs the Ulfberht, a Viking warrior’s ultimate weapon.",Documentary
s371,Movie,Disney's A Christmas Carol,Robert Zemeckis,"Jim Carrey, Gary Oldman, Colin Firth, Bob Hoskins, Robin Penn, Cary Elwes",United States,06-11-20,2009,PG,97 min,"Animation, Fantasy",Three ghosts take Ebenezer Scrooge on an eye-opening journey.,Animation
s372,TV Show,Fancy Nancy (Shorts),Missing Director,"Mia Sinclair Jenness, Dana Heath, Spencer Moss, Alyson Hannigan",United States,06-11-20,2019,TV-Y,1 Season,"Animation, Kids",Follow Nancy as she shows you how to be more Fancy!,Animation
s373,TV Show,Goldie & Bear,Missing Director,"Georgie Kidder, Justine Huxley, Natalie Lander, Jim Cummings, David Kaufman, David Lodge",United States,06-11-20,2015,TV-Y,2 Seasons,"Action-Adventure, Animation, Buddy",Goldie and Bear go on adventures in Fairytale Forest.,Action-Adventure
s374,Movie,Mr. Magoo,Stanley Tong,"Leslie Nielsen, Kelly Lynch, Ernie Hudson, Stephen Tobolowsky, Nick Chinlund, Matt Keeslar",United States,06-11-20,1997,PG,88 min,"Action-Adventure, Comedy, Crime",Clueless Mr. Magoo sets out to get back a stolen precious gem.,Action-Adventure
s375,Movie,Prep & Landing,"Kevin Deters, Stevie Wermers-Skelton","Dave Foley, Sarah Chalke, Mason Cotton, Lino DiSalvo, Derek Richardson, William Sheppard",United States,06-11-20,2009,TV-G,23 min,"Animation, Family, Fantasy",An elite elf unit ensures homes around the world are prepared for Santa.,Animation
s376,Movie,Prep & Landing: Naughty vs. Nice,"Kevin Deters, Stevie Wermers-Skelton","Dave Foley, Derek Richardson, Sarah Chalke, Rob Riggle, Chris Parnell, W. Sheppard",United States,06-11-20,2011,TV-G,23 min,"Animation, Family, Fantasy",Wayne and Lanny race to save Christmas!,Animation
s377,Movie,Disney Channel Halloween House Party,Trevor Moore,"Tobie Windham, Raphael Alejandro, Suzi Barrett, Isaac Ryan Brown, Kylie Cantrall, Scarlett Estevez",United States,30-10-20,2020,TV-G,23 min,"Comedy, Variety","Disney Channel Stars celebrate Halloween in a sketch comedy special with tricks, treats, and more!",Comedy
s378,TV Show,The Mandalorian,Missing Director,"Pedro Pascal, Carl Weathers, Gina Carano, Omid Abtahi, Nick Nolte",United States,30-10-20,2019,TV-14,2 Seasons,"Action-Adventure, Family, Science Fiction","After the fall of the Empire, a lone gunfighter makes his way through the lawless galaxy.",Action-Adventure
s379,Movie,The Sorcerer's Apprentice,Jon Turteltaub,"Nicolas Cage, Jay Baruchel, Alfred Molina, Teresa Palmer, Monica Bellucci, Omar Miller",United States,30-10-20,2010,PG,111 min,"Action-Adventure, Fantasy",A modern-day sorcerer must make his seemingly average recruit into the ultimate apprentice.,Action-Adventure
s380,TV Show,X-Ray Earth,Missing Director,Missing Cast,United States,30-10-20,2020,TV-PG,1 Season,"Animals & Nature, Docuseries, Reality",What if we could x-ray the Earth to reveal the origins of natural disasters? Now we can.,Animals & Nature
s381,TV Show,Gathering Storm,Missing Director,Tucker McDougall,United States,23-10-20,2020,TV-PG,1 Season,"Animals & Nature, Docuseries","Witness first hand stories combined with scientific insight, analysis and satellite mapping.",Animals & Nature
s382,TV Show,India From Above,Missing Director,Dev Patel,United States,23-10-20,2019,TV-PG,1 Season,"Docuseries, Reality","India From Above, a two-part aerial documentary of a nation and its people.",Docuseries
s383,TV Show,Marvel Super Hero Adventures,Missing Director,Missing Cast,United States,23-10-20,2017,TV-Y,4 Seasons,"Action-Adventure, Animation, Kids",Spider-Man sets off on adventures with Marvel heroes!,Action-Adventure
s384,Movie,Once Upon a Snowman,"Dan Abraham, Trent Correy","Josh Gad, Idina Menzel, Kristen Bell, Jonathan Groff, Chris Williams",United States,23-10-20,2020,TV-PG,12 min,"Animation, Comedy, Coming of Age",This new short film follows Olaf’s first steps as he comes to life and searches for his identity.,Animation
s385,Movie,Pompeii: Secrets Of The Dead,Ben Finney,Maite Jauregui,United States,23-10-20,2019,TV-PG,45 min,"Documentary, Historical",Forensic experts scan Pompeii’s victims to investigate why they didn’t escape the eruption.,Documentary
s386,Movie,Toy Story of Terror!,Angus MacLane,"Tom Hanks, Tim Allen, Joan Cusack, Carl Weathers, Stephen Tobolowsky, Timothy Dalton",United States,23-10-20,2013,TV-G,22 min,"Animation, Comedy, Family",Join the Toy Story gang in a frighteningly fun animated adventure.,Animation
s387,Movie,Beverly Hills Chihuahua,Raja Gosnell,"Piper Perabo, Manolo Cardona, Jamie Curtis, Jose Yazpik, Maury Sterling, Jesus Ochoa","United States, Mexico",16-10-20,2008,PG,95 min,"Action-Adventure, Comedy, Family","Papi has to rescue his true love, Chloe, when she gets lost in Mexico.",Action-Adventure
s388,Movie,Clouds,Justin Baldoni,"Fin Argus, Sabrina Carpenter, Madison Iseman, Neve Campbell, Tom Scott, Lil Rel Howery",United States,16-10-20,2020,PG-13,122 min,"Biographical, Drama, Music",A young musician with months to live turns to music to make the most of the time he has left.,Biographical
s389,Movie,Lost on Everest,Renan Ozturk,Tate Donovan,United States,16-10-20,2020,TV-14,60 min,"Animals & Nature, Documentary, Survival",The quest to reveal what happened to the explorers who first set out to summit Mt. Everest.,Animals & Nature
s390,Movie,Marvel's Iron Man & Captain America: Heroes United,Leo Riley,"Adrian Pasdar, Roger Smith, Fred Tatasciore, David Kaye, Liam O'Brien, Clancy Brown",United States,16-10-20,2014,PG,72 min,"Action-Adventure, Animation, Science Fiction",Iron Man and Captain America battle the Red Skull and Taskmaster.,Action-Adventure
s391,TV Show,Meet The Chimps,Missing Director,Jane Lynch,United States,16-10-20,2020,TV-PG,1 Season,"Animals & Nature, Docuseries, Family","Meet the Chimps takes viewers inside the secret life of Chimp Haven, a unique wildlife sanctuary.",Animals & Nature
s392,TV Show,The Rocketeer,Missing Director,"Kitana Turnbull, Billy Campbell, Kathy Najimy, Callan Farris, Frank Welker",United States,16-10-20,2019,TV-Y,1 Season,"Action-Adventure, Animation, Kids",Kit becomes a rocket-pack wearing superhero!,Action-Adventure
s393,Movie,Oil Spill of The Century,Missing Director,Loïck Peyron,United States,09-10-20,2019,TV-PG,45 min,"Documentary, Historical",Loïck Peyron investigates the 1978 Amoco Cadiz oil spill and its impact.,Documentary
s394,Movie,The Chronicles Of Narnia: The Voyage of the Dawn Treader,Michael Apted,"Georgie Henley, Skandar Keynes, Ben Barnes, Will Poulter, Tilda Swinton","United States, United Kingdom",09-10-20,2010,PG,113 min,"Action-Adventure, Family, Fantasy",Three heroes sail with King Caspian to help Narnian lords banished by an evil usurper of the throne.,Action-Adventure
s395,TV Show,The Right Stuff,Missing Director,"Jake McDorman, Patrick Adams, Colin O’Donoghue, Eloise Mumford, James Lafferty, Nora Zehetner",United States,09-10-20,2020,TV-14,1 Season,"Drama, Historical",The incredible story of the Mercury Seven astronauts and their extraordinary achievements.,Drama
s396,Movie,Wild Portugal,Christian Baumeister,Bart Thomasson,United States,09-10-20,2020,TV-14,45 min,"Animals & Nature, Documentary, Family",Explore a rugged world where diverse species fight for survival.,Animals & Nature
s397,Movie,X2,Bryan Singer,"Patrick Stewart, Hugh Jackman, Ian McKellen, Halle Berry, Famke Janssen, James Marsden","Canada, United States",09-10-20,2003,PG-13,134 min,"Action-Adventure, Family, Science Fiction","X-Men newcomer, Night Crawler, joins Magneto to rescue their brethren and forestall a holocaust.",Action-Adventure
s398,Movie,Mr. Holland's Opus,Stephen Herek,"Richard Dreyfuss, Glenne Headly, Jay Thomas, W.H. Macy, Alicia Witt, Jean Kelly",United States,02-10-20,1996,PG,143 min,"Drama, Music",A musician finds his passion when he takes a “day job” as a music teacher.,Drama
s399,Movie,Disneynature Oceans,"Jacques Perrin, Jacques Cluzaud","Pierce Brosnan, Lancelot Perrin","France, Switzerland, Spain, United States, United Arab Emirates",25-09-20,2010,G,84 min,"Animals & Nature, Documentary, Family",Journey into the depths of a wonderland filled with beauty and power.,Animals & Nature
s400,Movie,Hidden Figures,Theodore Melfi,"Taraji Henson, Octavia Spencer, Janelle Monáe, Kevin Costner, Kirsten Dunst, Jim Parsons",United States,25-09-20,2016,PG,128 min,"Biographical, Drama, Family",A story about three women at NASA who helped launch John Glenn into orbit.,Biographical
s401,TV Show,Magic of Disney's Animal Kingdom,Missing Director,Josh Gad,United Kingdom,25-09-20,2020,TV-PG,1 Season,"Animals & Nature, Docuseries, Family",Magic of Disney’s Animal Kingdom goes backstage at Walt Disney World Resort. Narrated by Josh Gad.,Animals & Nature
s402,Movie,Secret Society of Second-Born Royals,Missing Director,"Peyton Lee, Niles Fitch, Isabella Blake-Thomas, Olivia Deeble, Skylar Astin, Elodie Yung",United States,25-09-20,2020,TV-PG,99 min,"Action-Adventure, Coming of Age, Family","Sam, a rebellious royal, learns she is part of the Secret Society of Second-Born Royals.",Action-Adventure
s403,Movie,The Giant Robber Crab,Moritz Katz,Colin Solman,United States,25-09-20,2019,TV-PG,44 min,"Animals & Nature, Documentary","As we follow the robber’s life cycle, we learn that crabs are much more than creepy crawlies.",Animals & Nature
s404,TV Show,Wild Central America,Missing Director,Nigel Marven,United States,25-09-20,2020,TV-PG,1 Season,"Action-Adventure, Animals & Nature, Docuseries",Presenter Nigel Marven discovers the colourful and varied wildlife and culture of Central America.,Action-Adventure
s405,TV Show,Ancient China from Above,Missing Director,Dr. Allan Maca,United States,18-09-20,2020,TV-14,1 Season,"Docuseries, Historical",Archaeologist Allan Maca reveals the amazing wonders of Ancient China like never before.,Docuseries
s406,TV Show,Becoming,Missing Director,Missing Cast,United States,18-09-20,2020,TV-PG,1 Season,"Anthology, Docuseries, Family","Becoming chronicles the origin stories of world-class entertainers, musicians and athletes.",Anthology
s407,TV Show,Coop & Cami Ask The World,Missing Director,"Ruby Turner, Dakota Lotus, Olivia Sanabia, Albert Tsai, Paxton Booth, Rebecca Metz",United States,18-09-20,2018,TV-G,2 Seasons,"Comedy, Family, Kids","Cooper and Cami Wrather co-host ""Would You Wrather.""",Comedy
s408,TV Show,Europe from Above,Missing Director,Julian Barratt,United Kingdom,18-09-20,2019,TV-G,1 Season,"Docuseries, Reality",Europe from Above takes to the air over Europe’s finest cultural and geographical landmarks.,Docuseries
s409,Movie,Ever After: A Cinderella Story,Andy Tennant,"Drew Barrymore, Anjelica Huston, Dougray Scott, Patrick Godfrey, Megan Dodds, Melanie Lynskey",United States,18-09-20,1998,PG-13,122 min,"Drama, Romance",A young woman falls in love with a prince while pretending to be a princess.,Drama
s410,TV Show,Kingdom of the Mummies,Missing Director,Kerry Shale,United States,18-09-20,2020,TV-14,1 Season,"Docuseries, Historical, Reality",A team of archaeologists uncover the first Egyptian funeral parlor ever found.,Docuseries
s411,Movie,Morning Light,Mark Monroe,Patrick Warburton,United States,18-09-20,2008,PG,99 min,"Documentary, Sports","Fifteen rookie sailors race to be part of the ""Morning Light"" crew.",Documentary
s412,Movie,Notre Dame: Race Against The Inferno,"Fabrice Gardel, Simon Kessler, Josselin Mahot",Paul Bandey,"United Kingdom, France",18-09-20,2019,TV-PG,45 min,Documentary,"On April 15, 2019, Paris’ firefighters gave everything to save the Notre Dame cathedral.",Documentary
s413,TV Show,Once Upon a Time,Missing Director,"Ginnifer Goodwin, Jennifer Morrison, Robert Carlyle, Lana Parrilla, Jared Gilmore, Josh Dallas",United States,18-09-20,2011,TV-PG,7 Seasons,"Action-Adventure, Fantasy, Soap Opera / Melodrama",Fairy tale characters inhabit a land of good and evil.,Action-Adventure
s414,TV Show,Soy Luna,Missing Director,"Karol Sevilla, Ruggero Pasquarelli, Valentina Zenere, Lucila Gandolfo, Michael Ronda, Carolina Kopelioff","Argentina, Mexico",18-09-20,2015,TV-G,3 Seasons,"Comedy, Coming of Age, Drama",Luna will learn that love transcends distance.,Comedy
s415,TV Show,Violetta,Missing Director,"Diego Ramos, Martina Stoessel, Pablo Espinosa, Jorge Blanco, Mercedes Lambre, Nicolás Garnier",Argentina,18-09-20,2011,TV-G,3 Seasons,"Coming of Age, Drama, Music",Violetta is a talented teen following her dream.,Coming of Age
s416,Movie,Christopher Robin,Marc Forster,"Ewan McGregor, Hayley Atwell, Bronte Carmichael, Mark Gatiss, Oliver Davies, Ronke Adekoluejo","United Kingdom, United States",11-09-20,2018,PG,109 min,"Drama, Family, Fantasy",Pooh leaves the Hundred Acre Wood to help grown-up Christopher Robin.,Drama
s417,Movie,D2: The Mighty Ducks,Sam Weisman,"Emilio Estevez, Michael Tucker, Jan Rubeš, Kathryn Erbe, Joshua Jackson, Elden Ratliff",United States,04-09-20,1994,PG,107 min,"Comedy, Drama, Family",The Mighty Ducks face the meanest team on ice at the Junior Goodwill Games.,Comedy
s418,Movie,D3: The Mighty Ducks,Robert Lieberman,"Emilio Estevez, Jeffrey Nordling, David Selby, Heidi Kling, Joshua Jackson, Elden Ratliff",United States,04-09-20,1996,PG,104 min,"Comedy, Coming of Age, Drama",The Mighty Ducks inherit a new coach and a new set of problems.,Comedy
s419,TV Show,Earth to Ned,Missing Director,Missing Cast,United States,04-09-20,2020,TV-PG,1 Season,"Comedy, Parody, Science Fiction","From the Jim Henson Company, alien commander Ned hosts a late-night talk show with celebrity guests.",Comedy
s420,Movie,Trick or Treat,Jack Hannah,Missing Cast,United States,04-09-20,1952,TV-G,9 min,"Animation, Family, Fantasy","Donald plays a trick on his nephews, but a witch helps them out. See details for advisory.",Animation
s421,Movie,Alice Through the Looking Glass,James Bobin,"Johnny Depp, Anne Hathaway, Mia Wasikowska, Matt Lucas, Rhys Ifans, Helena Carter","United States, United Kingdom",28-08-20,2016,PG,115 min,"Action-Adventure, Fantasy",Alice returns to Underland to save the Mad Hatter in a race against time.,Action-Adventure
s422,Movie,Phineas and Ferb The Movie: Candace Against the Universe,Missing Director,"Ashley Tisdale, Vincent Martella, Ali Wong, Dan Povenmire, Alyson Stoner, Maulik Pancholy",United States,28-08-20,2020,TV-G,86 min,"Action-Adventure, Animation, Comedy","Phineas and Ferb set out across the galaxy to rescue Candace, who has been abducted by aliens.",Action-Adventure
s423,Movie,Back to the Titanic,Missing Director,Missing Cast,United Kingdom,21-08-20,2020,TV-PG,44 min,"Documentary, Historical",Back to the Titanic documents the first manned dives to Titanic in nearly 15 years.,Documentary
s424,Movie,Beauty and the Beast,Bill Condon,"Emma Watson, Dan Stevens, Luke Evans, Kevin Kline, Josh Gad, Ewan McGregor",United States,21-08-20,2017,PG,138 min,"Family, Fantasy, Musical",Belle must look beyond the Beast’s exterior to find the true Prince within.,Family
s425,Movie,Mars: One Day on the Red Planet,Martin Johnson,Nigel Barber,United States,21-08-20,2020,TV-PG,88 min,Documentary,"An epic journey around the real Mars – built from data, as you’ve never seen it before.",Documentary
s426,Movie,The One and Only Ivan,Thea Sharrock,"Sam Rockwell, Angelina Jolie, Danny DeVito, Helen Mirren, Brooklynn Prince, Ramón Rodríguez",United States,21-08-20,2020,PG,95 min,"Drama, Family, Fantasy",An adaptation of the award-winning book about a very special gorilla.,Drama
s427,TV Show,"Weirdest, Bestest, Truest",Missing Director,"Charlie Engelman, Kirby Engelman",United States,21-08-20,2018,TV-G,1 Season,"Animals & Nature, Kids, Variety",Siblings Kirby and Charlie share strange discoveries and fun facts from the world of Weird But True!,Animals & Nature
s428,TV Show,Disney Junior T.O.T.S.: Calling All T.O.T.S. (Shorts),Missing Director,"Jet Jurgensmeyer, Christian Simon, Megan Hilty",United States,14-08-20,2020,TV-Y,1 Season,"Animation, Kids, Music",What happens after the baby animals are delivered?,Animation
s429,Movie,Disney Zombies 2,Paul Hoen,"Milo Manheim, Meg Donnelly, Trevor Tordjman, Kylee Russell, Carla Jeffery, Chandler Kinney",United States,14-08-20,2020,TV-G,84 min,"Coming of Age, Fantasy, Musical",Zed and Addison encounter a group of werewolves!,Coming of Age
s430,Movie,India's Wild Leopards,Missing Director,"Sandesh Kadur, Priya Singh",India,14-08-20,2020,TV-14,45 min,"Animals & Nature, Documentary",Cameraman Sandesh Kadur’s mission is to uncover the secretive lives of India’s leopards.,Animals & Nature
s431,TV Show,Jungle Animal Rescue,Missing Director,Dan Nachtrab,United States,14-08-20,2019,TV-PG,1 Season,"Animals & Nature, Docuseries, Family",A team of conservationists and veterinarians helps India’s people and wildlife coexist.,Animals & Nature
s432,Movie,Magic Camp,Mark Waters,"Adam DeVine, Gillian Jacobs, Nathaniel McIntyre, Jeffrey Tambor, Cole Sand, Isabella Crovetti",United States,14-08-20,2020,PG,101 min,"Comedy, Family",A group of misfit campers help a down-on-his-luck magician rediscover his love of magic.,Comedy
s433,Movie,Marvel Studios' Ant-Man and the Wasp,Peyton Reed,"Paul Rudd, Evangeline Lilly, Michael Peña, Walton Goggins, Hannah John-Kamen, David Dastmalchian",United States,14-08-20,2018,PG-13,120 min,"Action-Adventure, Comedy, Science Fiction",Ant-Man and the Wasp must join forces to uncover secrets from the past.,Action-Adventure
s434,TV Show,Nature Boom Time,Missing Director,"Charlie Engelman, Kirby Engelman, Patrick Rahill",United States,14-08-20,2016,TV-G,1 Season,"Animals & Nature, Docuseries, Kids","Charlie, Kirby, and Patrick travel around the U.S. to learn about what makes nature awesome.",Animals & Nature
s435,TV Show,Sam's Zookeeper Challenge,Missing Director,Sam Peltz,United States,14-08-20,2018,TV-G,1 Season,"Animals & Nature, Docuseries, Family",Sam is put to the test to care for animals in “Zookeeper’s Challenge.”,Animals & Nature
s436,TV Show,Scuba Sam's World,Missing Director,Sam Peltz,United States,14-08-20,2018,TV-G,1 Season,"Animals & Nature, Docuseries, Kids",Take a deep dive and learn all about the beloved sea animals in our oceans!,Animals & Nature
s437,TV Show,Spaced Out,Missing Director,Ben DeTour,United States,14-08-20,2018,TV-G,1 Season,"Docuseries, Kids",Learn about our universe through imagery taken from the Hubble Space Telescope.,Docuseries
s438,Movie,The Greatest Showman,Michael Gracey,"Hugh Jackman, Zac Efron, Michelle Williams, Rebecca Ferguson, Zendaya , Keala Settle",United States,14-08-20,2017,PG,106 min,"Biographical, Drama, Family",A bold and original musical celebrating the birth of show business and dreams coming to life.,Biographical
s439,TV Show,Weird But True!,Missing Director,"Charlie Engelman, Kirby Engelman",United States,14-08-20,2017,TV-G,3 Seasons,"Animals & Nature, Kids, Variety","Come along as we reveal fun, strange & surprising facts about our world in Weird But True!",Animals & Nature
s440,TV Show,Wild Cats of India,Missing Director,James Murray,United States,14-08-20,2020,TV-PG,1 Season,"Animals & Nature, Docuseries, Family",Journey across the country’s landscapes to paint an intimate portrait of India's Wild Cats.,Animals & Nature
s441,Movie,Howard,Don Hahn,Howard Ashman,United States,07-08-20,2020,TV-PG,95 min,"Biographical, Documentary, Music","“Howard” is the untold story of Howard Ashman, the brilliant lyricist behind Disney classics.",Biographical
s442,Movie,Prince of Persia: The Sands of Time,Mike Newell,"Jake Gyllenhaal, Ben Kingsley, Gemma Arterton, Alfred Molina, Richard Coyle, Toby Kebbell",United States,07-08-20,2010,PG-13,117 min,"Action-Adventure, Fantasy",A rogue prince and rival princess safeguard a magical dagger with the power to reverse time.,Action-Adventure
s443,Movie,Star Wars: Galaxy's Edge-Adventure Awaits,Missing Director,"Neil Harris, Kaley Cuoco, Oscar Isaac, Sarah Hyland, Keegan-Michael Key, Jay Leno",United States,07-08-20,2019,TV-PG,81 min,"Documentary, Family",Celebrating Disney’s new land that brings Star Wars to life!,Documentary
s444,Movie,The Hidden Kingdoms of China,"Ben Wallis, Emma Fraser, Jess Tombs",Michelle Yeoh,United States,07-08-20,2020,TV-PG,88 min,"Animals & Nature, Documentary, Family",THE HIDDEN KINGDOMS OF CHINA takes audiences into the secret wilds of China.,Animals & Nature
s445,Movie,The Peanuts Movie,Steve Martino,"Noah Schnapp, Alex Garfin, Hadley Miller, Mariel Sheets, Venus Schultheis, Noah Johnston",United States,07-08-20,2015,G,89 min,"Animation, Comedy, Family","Snoopy takes to the skies against The Red Baron, while his pal, Charlie Brown, begins an epic quest.",Animation
s446,TV Show,UFO Europe: The Untold Stories,Missing Director,Robert Ashby,United States,07-08-20,2012,TV-PG,1 Season,"Docuseries, Reality",A selection of stories featuring encounters and sightings of the unexplained.,Docuseries
s447,TV Show,Animal Showdown,Missing Director,Brian Peck,United States,31-07-20,2018,TV-G,1 Season,"Animals & Nature, Docuseries, Family",Animals face-off in this surprising competition of the toughest and biggest in the animal kingdom.,Animals & Nature
s448,TV Show,Best Job Ever,Missing Director,Missing Cast,United States,31-07-20,2018,TV-G,1 Season,"Animals & Nature, Docuseries, Family",Check out the cool jobs Nat Geo explorers do every day!,Animals & Nature
s449,Movie,Big Cat Games,Jeremy Turner,Boone Smith,United States,31-07-20,2015,TV-PG,44 min,"Animals & Nature, Family, Reality","Boone Smith hosts a feline showdown as lion, tiger and cheetah battle for top cat title.",Animals & Nature
s450,Movie,Black Is King,Beyoncé Knowles-Carter,Beyoncé Knowles-Carter,United States,31-07-20,2020,TV-14,86 min,"Dance, Music, Musical","This visual album from Beyoncé reimagines lessons of ""The Lion King"" for young kings and queens.",Dance
s451,Movie,Cradle of the Gods,Tim Conrad,Tim Conrad,United Kingdom,31-07-20,2012,TV-PG,45 min,"Documentary, Historical","Located on a hilltop sanctuary, G – bekli Tepe in Turkey is the world's first known temple.",Documentary
s452,TV Show,Destination World,Missing Director,Rick Robles,United States,31-07-20,2018,TV-G,1 Season,"Animals & Nature, Docuseries, Kids",Check out the continents and find out what makes them unique from each other!,Animals & Nature
s453,TV Show,Fearless Adventures with Jack Randall,Missing Director,Jack Randall,United States,31-07-20,2018,TV-PG,1 Season,"Animals & Nature, Docuseries, Family",Check out Jack Randall go head-to-head with all kinds of critters.,Animals & Nature
s454,Movie,Hunt for the Abominable Snowman,Dan Oliver,Stephen Rashbrook,United States,31-07-20,2011,TV-PG,45 min,Documentary,"Across the Himalayas are stories of the yeti, or abominable snowman.",Documentary
s455,Movie,Incredibles 2,Brad Bird,"Craig Nelson, Holly Hunter, Sarah Vowell, Huckleberry Milner, Catherine Keener, Eli Fucile",United States,31-07-20,2018,PG,118 min,"Action-Adventure, Animation, Family",The Incredibles spring into action when a dangerous new villain emerges.,Action-Adventure
s456,TV Show,King Fishers,Missing Director,Stephen Mangan,United Kingdom,31-07-20,2013,TV-PG,1 Season,"Action-Adventure, Animals & Nature, Docuseries","With so many fishermen and so many fishing disciplines, who is best?",Action-Adventure
s457,Movie,Lost Temple of the Inca,Jim Aikman,Dan Nachtrab,United States,31-07-20,2020,TV-PG,44 min,Documentary,A scientist discovers artifacts in Peru that could lead him to one of the country’s missing temples.,Documentary
s458,TV Show,Marvel Funko Shorts,Missing Director,Missing Cast,United States,31-07-20,2016,TV-Y7,2 Seasons,"Action-Adventure, Animation, Anthology",Marvel and Funko present Pop! style Marvel heroes.,Action-Adventure
s459,TV Show,Muppets Now,Missing Director,"Dave Goelz, Matt Vogel, David Rudman, Peter Linz, Bill Barretta, Eric Jacobson",United States,31-07-20,2020,TV-PG,1 Season,"Comedy, Family, Lifestyle",The Muppets have a brand-new series ready to stream… but only if they can upload it in time.,Comedy
s460,Movie,Surviving the Mount St. Helens Disaster,Sophie Harris,Bill Ratner,United Kingdom,31-07-20,2020,TV-PG,44 min,"Animals & Nature, Documentary",Eyewitness accounts and rare images chart the violent 1980 eruption of Mount St. Helens.,Animals & Nature
s461,TV Show,What Sam Sees,Missing Director,Sam Peltz,United States,31-07-20,2018,TV-G,1 Season,"Animals & Nature, Docuseries, Family","Join Sam on an underwater journey and learn about sharks, eels, and more!",Animals & Nature
s462,Movie,Pirates of the Caribbean: Dead Men Tell No Tales,"Joachim Rønning, Espen Sandberg","Johnny Depp, Javier Bardem, Brenton Thwaites, Kaya Scodelario, Kevin McNally, Golshifteh Farahani",United States,24-07-20,2017,PG-13,129 min,"Action-Adventure, Fantasy",Captain Jack Sparrow searches for the Trident of Poseidon.,Action-Adventure
s463,TV Show,PJ Masks (Shorts),Missing Director,Missing Cast,United States,24-07-20,2017,TV-Y,1 Season,"Action-Adventure, Animation, Kids",The PJ Masks are protecting the city from villains!,Action-Adventure
s464,TV Show,Rogue Trip,Missing Director,"Bob Woodruff, Mack Woodruff",United States,24-07-20,2020,TV-PG,1 Season,"Buddy, Docuseries",Bob Woodruff and his son travel the world searching for beauty and adventure in unexpected places.,Buddy
s465,TV Show,Wild Congo,Missing Director,Corey Johnson,United States,24-07-20,2014,TV-PG,1 Season,"Animals & Nature, Docuseries, Family",The Congo: the most mysterious river in the dark heart of Africa.,Animals & Nature
s466,TV Show,Wild Sri Lanka,Missing Director,Paul McGann,United Kingdom,24-07-20,2016,TV-PG,1 Season,"Animals & Nature, Docuseries",This three-part series reveals the spectacular nature and amazing wildlife of Sri Lanka.,Animals & Nature
s467,Movie,A Pre-Opening Report from Disneyland,Wilfred Jackson,"Walt Disney, Winston Hibler",United States,17-07-20,1955,TV-PG,55 min,"Documentary, Family, Historical",Walt provides a look at the details needed to get the Park ready to open. See details for advisory.,Documentary
s468,Movie,Diary of a Wimpy Kid: The Long Haul,David Bowers,"Jason Drucker, Alicia Silverstone, Tom Scott, Charlie Wright, Owen Asztalos, Dylan Walters",United States,17-07-20,2017,PG,92 min,"Comedy, Family",A trip to Meemaw’s 90th birthday takes a detour due to Greg’s scheme to attend a gaming convention!,Comedy
s469,TV Show,Disney Junior Music Lullabies,Missing Director,Missing Cast,United States,17-07-20,2018,TV-Y,1 Season,"Animation, Kids, Music",Disney Junior songs reimagined as calming lullabies.,Animation
s470,Movie,Lost City of Machu Picchu,Missing Director,Craig Sechler,United States,17-07-20,2019,TV-14,44 min,"Documentary, Family",Who were the mysterious people who built Machu Picchu and why?,Documentary
s471,TV Show,Super Robot Monkey Team Hyperforce Go!,Missing Director,"Greg Cipes, Kevin Michael	Richardson, Tom Kenny, Kari Wahlgren, Clancy Brown, Corey Feldman","United States, Japan",17-07-20,2004,TV-Y7,2 Seasons,"Action-Adventure, Animation, Anime",Chiro and a team of five Robot Monkeys defend Shuggazoom City against Skeleton King and his minions.,Action-Adventure
s472,Movie,The Mouseketeers at Walt Disney World,John Tracy,"Jo Worley, Ronnie Schell, Dennis Underwood, Leslie Norris, Billy Attmore, Scott Craig",United States,17-07-20,1977,TV-PG,56 min,"Coming of Age, Drama, Family",The Mouseketeers arrive to perform at Walt Disney World. See details for advisory.,Coming of Age
s473,TV Show,Wild Chile,Missing Director,Peter Venn,United Kingdom,17-07-20,2017,TV-PG,1 Season,"Animals & Nature, Docuseries, Family",This beautiful and intriguing blue-chip series explores the incredibly varied wildlife of Chile.,Animals & Nature
s474,Movie,X-Men: Apocalypse,Bryan Singer,"James McAvoy, Michael Fassbender, Jennifer Lawrence, Oscar Isaac, Nicholas Hoult, Rose Byrne",United States,17-07-20,2016,PG-13,144 min,"Action-Adventure, Family, Science Fiction","Apocalypse, the most powerful mutant in the universe, tries to destroy all of mankind.",Action-Adventure
s475,TV Show,Cosmos: A Spacetime Odyssey,Missing Director,"Neil Tyson, Stoney Emshwiller",United States,10-07-20,2013,TV-PG,1 Season,"Action-Adventure, Docuseries, Family",A 13-part adventure across the universe of space and time.,Action-Adventure
s476,Movie,Hamilton: History Has Its Eyes on You,Missing Director,"Lin-Manuel Miranda, Thomas Kail, Christopher Jackson, Leslie Odom Jr., Phillipa Soo, Renee Goldsberry",United States,10-07-20,2020,TV-PG,47 min,"Historical, Musical","Robin Roberts hosts a discussion with Lin-Manuel Miranda, Thomas Kail, and original cast members.",Historical
s477,Movie,Solo: A Star Wars Story,Ron Howard,"Alden Ehrenreich, Woody Harrelson, Emilia Clarke, Donald Glover, Thandie Newton, Phoebe Waller-Bridge",United States,10-07-20,2018,PG-13,135 min,"Action-Adventure, Crime, Science Fiction",Witness the beginning of the Star Wars saga's most unlikely hero.,Action-Adventure
s478,Movie,X-Men: Days of Future Past,Bryan Singer,"Hugh Jackman, James McAvoy, Michael Fassbender, Jennifer Lawrence, Halle Berry, Nicholas Hoult","United States, United Kingdom, Canada",10-07-20,2014,PG-13,132 min,"Action-Adventure, Family, Science Fiction",Characters from the X-Men trilogy join their younger selves to change the past and save our future.,Action-Adventure
s479,Movie,The Undefeated Presents: Hamilton In-Depth,Missing Director,"Lin-Manuel Miranda, Thomas Kail, Renee Goldsberry, Leslie Odom Jr., Daveed Diggs, Phillipa Soo",United States,05-07-20,2020,TV-PG,33 min,"Historical, Musical",The Undefeated Presents: Hamilton In-Depth is a roundtable discussion with 9 stars and the director.,Historical
s480,TV Show,Animal ER,Missing Director,Dr. Brian Beale,United States,03-07-20,2016,TV-PG,2 Seasons,"Animals & Nature, Docuseries, Family",Animal ER brings you up close to the bleeding edge of animal care.,Animals & Nature
s481,Movie,Diary of a Wimpy Kid: Rodrick Rules,David Bowers,"Zachary Gordon, Devon Bostick, Rachael Harris, Robert Capron, Steve Zahn",United States,03-07-20,2011,PG,100 min,"Comedy, Family","In 7th grade, Greg must bond with his brother, Rodrick while also impressing the new girl in town.",Comedy
s482,Movie,Hamilton,Thomas Kail,"Daveed Diggs, Renée Goldsberry, Jonathan Groff, Christopher Jackson, Jasmine Jones, Lin-Manuel Miranda",United States,03-07-20,2020,PG-13,160 min,"Biographical, Historical, Musical",The filmed version of Broadway original “Hamilton” that soars in music and tale.,Biographical
s483,Movie,Ice Age: Collision Course,Mike Thurmeier,"Ray Romano, John Leguizamo, Denis Leary, Adam Devine, Jesse Ferguson, Max Greenfield","United States, United Kingdom, Australia",03-07-20,2016,PG,97 min,"Action-Adventure, Animation, Comedy","When their world is threatened, Manny and friends go on a quest to survive the Scrat-tastrophe!",Action-Adventure
s484,Movie,Race to Witch Mountain,Andy Fickman,"Dwayne Johnson, AnnaSophia Robb, Carla Gugino, Ciarán Hinds, Alexander Ludwig, Tom Scott",United States,03-07-20,2009,PG,100 min,"Action-Adventure, Family, Science Fiction",A Las Vegas cab driver helps two aliens disguised as teens get home to save their planet... and ours.,Action-Adventure
s485,Movie,The Big Green,Holly Sloan,"Steve Guttenberg, Olivia d'Abo, Jay Sanders, John Terry, Chauncey Leopardi, Patrick Renna",United States,03-07-20,1995,PG,100 min,"Comedy, Family, Sports",A group of bored misfits become local soccer heroes in a sleepy Texas town.,Comedy
s486,Movie,The Mighty Ducks,Stephen Herek,"Emilio Estevez, Joss Ackland, Lane Smith, Heidi Kling, Josef Sommer, Joshua Jackson",United States,03-07-20,1992,PG,104 min,"Comedy, Drama, Sports",A hotshot lawyer reluctantly coaches a hapless pee wee hockey team.,Comedy
s487,Movie,While You Were Sleeping,Jon Turteltaub,"Sandra Bullock, Bill Pullman, Peter Gallagher, Peter Boyle, Glynis Johns, Micole Mercurio",United States,03-07-20,1995,PG,104 min,"Comedy, Drama, Romance",A lonely subway worker is mistaken for a comatose man's finacée.,Comedy
s488,TV Show,Disney A.N.T. Farm,Missing Director,"China McClain, Sierra McCormick, Jake Short, Stefanie Scott, Carlon Jeffery",United States,26-06-20,2011,TV-G,3 Seasons,"Comedy, Coming of Age, Music",Chyna Sparks and her friends are the newest members of the A.N.T. program.,Comedy
s489,TV Show,Into the Unknown: Making Frozen 2,Missing Director,"Kristen Bell, Idina Menzel, Josh Gad, Jonathan Groff, Jennifer Lee, Chris Buck",United States,26-06-20,2020,TV-PG,1 Season,"Docuseries, Family","For the first time, go behind-the-scenes into the making of the #1 animated film, Frozen 2.",Docuseries
s490,Movie,Man in Space,Ward Kimball,"Walt Disney, Dick Tufeld, Ward Kimball, Willy Ley, Dr. Heinz Haber, Dr. Wernher von Braun",United States,26-06-20,1955,TV-PG,49 min,"Documentary, Family","From the TV series Disneyland, a look at the history of space travel. See details for advisory.",Documentary
s491,Movie,Mars and Beyond,Ward Kimball,"Walt Disney, Paul Frees, Dr. Ernst Stuhlinger, Dr. Wernher von Braun, Dr. E.C. Slipher",United States,26-06-20,1957,TV-G,53 min,"Animation, Documentary, Family",An animated look at humankind's early views of the universe and life on Mars.,Animation
s492,Movie,Marvel Studios' Avengers: Infinity War,"Anthony Russo, Joe Russo","Robert Downey Jr., Chris Hemsworth, Mark Ruffalo, Chris Evans, Scarlett Johansson, Don Cheadle",United States,26-06-20,2018,PG-13,152 min,"Action-Adventure, Fantasy, Science Fiction",The Avengers must be willing to sacrifice all to defeat Thanos.,Action-Adventure
s493,Movie,Tarzan,"Kevin Lima, Chris Buck","Tony Goldwyn, Minnie Driver, Glenn Close, Alex Linz, Rosie O'Donnell, Brian Blessed",United States,26-06-20,1999,G,93 min,"Action-Adventure, Animation, Coming of Age","Adopted by gorillas, Tarzan’s life changes forever when he meets other humans.",Action-Adventure
s494,Movie,Tarzan II,Brian Smith,"Harrison Chad, George Carlin, Brad Garrett, Ron Perlman, Estelle Harris, Glenn Close",United States,26-06-20,2005,G,75 min,"Action-Adventure, Animation, Coming of Age",Young Tarzan decides his ape family would be better off without him.,Action-Adventure
s495,TV Show,101 Dalmatians (Series),Missing Director,"Jeff Bennett, Christine Cavanaugh, Tara Charendoff, Jim Cummings, Tress MacNeille, Charlotte Rae",United States,19-06-20,1997,TV-Y7,1 Season,"Action-Adventure, Animation, Kids",The Dearly Family move to a new farm home in the country.,Action-Adventure
s496,Movie,Big Sur: Wild California,Missing Director,Hector Elizondo,United States,19-06-20,2010,TV-PG,47 min,"Animals & Nature, Documentary, Family",Why is California's Big Sur coastline experiencing an explosion in wildlife?,Animals & Nature
s497,TV Show,Disney Junior Muppet Babies Play Date,Missing Director,Missing Cast,United States,19-06-20,2018,TV-Y,1 Season,"Comedy, Kids",Time for a playdate with the Muppet Babies!,Comedy
s498,Movie,Egypt's Treasure Guardians,"Ben Allen, Tom Jenner",Dominic Frisby,United Kingdom,19-06-20,2016,TV-PG,44 min,"Documentary, Historical","This programme follows a select cast of individuals, determined to bring Egypt back from the brink.",Documentary
s499,Movie,The Jungle Book,Jon Favreau,"Bill Murray, Ben Kingsley, Idris Elba, Lupita Nyong'o, Scarlett Johansson, Giancarlo Esposito","United Kingdom, United States",19-06-20,2016,PG,108 min,"Action-Adventure, Coming of Age, Family",A man-cub who’s been raised by a family of wolves eludes a dangerous tiger.,Action-Adventure
s500,Movie,The Pirate Fairy,Peggy Holmes,"Mae Whitman, Christina Hendricks, Tom Hiddleston, Lucy Liu, Raven-Symoné , Megan Hilty",United States,19-06-20,2014,G,78 min,"Action-Adventure, Animation, Family",Tinker Bell and friends face the pirates of Skull Rock to save a friend.,Action-Adventure
s501,Movie,Trail Mix-Up,Barry Cook,"Charles Fleischer, Kathleen Turner, April Winchell, Lou Hirsch, Corey Burton, Frank Welker",United States,19-06-20,1993,TV-G,9 min,"Action-Adventure, Animation, Comedy",Roger Rabbit is left to care for Baby Herman in Yellowstone National Park.,Action-Adventure
s502,Movie,Tummy Trouble,"Frank Marshall, Rob Minkoff","Charles Fleischer, April Winchell, Lou Hirsch, Corey Burton, Richard Williams, Kathleen Turner",United States,19-06-20,1989,TV-G,8 min,"Action-Adventure, Animation, Comedy",Roger Rabbit is left to babysit with the mischievous Baby Herman,Action-Adventure
s503,Movie,Artemis Fowl,Kenneth Branagh,Missing Cast,United States,12-06-20,2020,PG,96 min,"Action-Adventure, Crime, Fantasy",A descendant of a long line of criminal masterminds seeks to find his father who has disappeared.,Action-Adventure
s504,TV Show,Mighty Med,Missing Director,"Bradley Perry, Jake Short, Paris Berelc, Devan Leos",United States,12-06-20,2013,TV-Y7,2 Seasons,"Comedy, Coming of Age, Medical","Check in to Mighty Med, the secret superhero hospital.",Comedy
s505,Movie,The Liberty Story,"Hamilton Luske, Robert Stevenson",Walt Disney,United States,12-06-20,1957,TV-PG,48 min,"Drama, Family, Historical",Walt Disney presents segments of America's fight for freedom. See details for advisory.,Drama
s506,Movie,The Story of the Animated Drawing,"Wilfred Jackson, William Beaudine",Missing Cast,United States,12-06-20,1955,TV-PG,49 min,"Documentary, Family",Walt Disney discusses the history of animation. See details for advisory.,Documentary
s507,Movie,Walt & El Grupo,Theodore Thomas,Missing Cast,United States,12-06-20,2009,PG,108 min,"Documentary, Historical",The U.S. Government sends Walt Disney to South America on a goodwill tour.,Documentary
s508,TV Show,Alaska's Grizzly Gauntlet,Missing Director,Les Stroud,United States,05-06-20,2018,TV-PG,1 Season,"Animals & Nature, Docuseries, Family",Survival expert Les Stroud explores the world of Alaska’s most formidable wildlife.,Animals & Nature
s509,Movie,America's Greatest Animals,Missing Director,"Bray Poor, Casey Anderson, Brady Barr, Andy Casagrande, Mireya Mayor",United States,05-06-20,2012,TV-PG,90 min,"Animals & Nature, Documentary, Family",Nat Geo WILD goes on a search for America's 'big five.' Can America compete with Africa's beasts?,Animals & Nature
s510,Movie,Chasing the Equinox,Kenny Scott,Stefan Frank,United States,05-06-20,2019,TV-PG,45 min,Documentary,Ancient civilizations shared an incredible knowledge of the sun.,Documentary
s511,TV Show,Howie Mandel's Animals Doing Things,Missing Director,Howie Mandel,United States,05-06-20,2017,TV-PG,2 Seasons,"Animals & Nature, Comedy, Family",This show combines Howie Mandel’s lovable comedic genius with clips of animals doing crazy things.,Animals & Nature
s512,TV Show,Japan: Between Earth and Sky,Missing Director,Bray Poor,"France, Japan",05-06-20,2017,TV-PG,1 Season,"Animals & Nature, Docuseries",Japan: Between Earth and Sky reveals the mystery of some the most beautiful sites in the country.,Animals & Nature
s513,Movie,Percy Jackson & The Olympians: The Lightning Thief,Chris Columbus,"Logan Lerman, Brandon T. Jackson, Alexandra Daddario, Sean Bean, Pierce Brosnan, Steve Coogan","United Kingdom, Canada, United States",05-06-20,2010,PG,119 min,"Action-Adventure, Family, Fantasy",A boy discovers he's the descendant of Poseidon and must settle an on-going battle between the gods.,Action-Adventure
s514,TV Show,Secrets of Wild India,Missing Director,David Attenborough,United Kingdom,05-06-20,2012,TV-PG,1 Season,"Animals & Nature, Docuseries, Family",'Secrets of Wild India' celebrates the diversity and drama of India's extraordinary landscapes.,Animals & Nature
s515,TV Show,The Greeks,Missing Director,Toby Moore,United States,05-06-20,2016,TV-PG,1 Season,"Docuseries, Historical","Quite simply, the Greeks created our world.",Docuseries
s516,TV Show,Wild Hawaii,Missing Director,JK Simmons,United States,05-06-20,2014,TV-PG,1 Season,"Animals & Nature, Docuseries, Family",National Geographic takes us on an untamed journey to Hawaii's remarkable lands.,Animals & Nature
s517,Movie,Women Of Impact: Changing The World,Missing Director,Julianna Margulies,United States,05-06-20,2019,TV-PG,44 min,"Documentary, Historical",How will you make the world a better place? Hear stories of the amazing women changing our world.,Documentary
s518,Movie,"Maggie Simpson in ""The Longest Daycare""",Missing Director,Missing Cast,United States,29-05-20,2012,PG,5 min,"Animation, Comedy","In this Oscar-nominated short from The Simpsons, Maggie navigates an eventful first day at daycare.",Animation
s519,Movie,Mickey and the Seal,Charles Nichols,Missing Cast,United States,29-05-20,1948,TV-G,7 min,"Animation, Family",Mickey and Pluto get into trouble with a mischievous seal.,Animation
s520,TV Show,The Evermoor Chronicles,Missing Director,"Naomi Sequeira, Finney Cassidy, Georgia Lock, Jordan Loughran, George Sear, Georgie Farmer","United Kingdom, United States",29-05-20,2015,TV-PG,2 Seasons,"Coming of Age, Fantasy, Mystery",Tara is trying to settle into a strange village.,Coming of Age
s521,Movie,The Moon-Spinners,James Neilson,"Hayley Mills, Joan Greenwood, Michael Davis, Irene Papas, Paul Stassino, Eli Wallach",United States,29-05-20,1964,PG,119 min,"Crime, Drama, Mystery",A teen finds romance and searches for stolen gems during her vacation.,Crime
s522,TV Show,Doc McStuffins,Missing Director,"Kiara Muhammad, Jaden Betts, Jess Harnell, Kimberly Brooks, Lara Miller, Loretta Devine","United States, Ireland",22-05-20,2011,TV-Y7,5 Seasons,"Animation, Kids, Medical",Doc McStuffins has a clinic for toys in her playhouse.,Animation
s523,Movie,Fantastic Mr. Fox,Wes Anderson,"George Clooney, Meryl Streep, Jason Schwartzman, Bill Murray, Wally Wolodarsky, Eric Anderson","United States, United Kingdom",22-05-20,2009,PG,88 min,"Animation, Comedy, Crime",Mr. Fox lives a happy life until he plots the greatest chicken heist the world has ever seen.,Animation
s524,Movie,"Hello, Dolly!",Gene Kelly,"Barbara Streisand, Walter Matthau, Michael Crawford, Marianne McAndrew, Danny Lockin, E.J. Peaker",United States,22-05-20,1969,G,147 min,"Comedy, Musical, Romance",Matchmaker Dolly Levi orchestrates the love lives of her friends while trying to figure out her own.,Comedy
s525,TV Show,Marvel's Future Avengers,Missing Director,"英司 花輪, 一博 中谷, 康之 加瀬, 健一郎 松田, かおり 水橋, 史絵 水沢",United States,22-05-20,2017,TV-Y7,2 Seasons,"Action-Adventure, Animation, Anime",Teenagers train to become superheroes.,Action-Adventure
s526,Movie,Out,Steven Hunter,"Bernadette Sullivan, Kyle McDaniel, Caleb Cabrera, Matthew Martin",United States,22-05-20,2020,PG,12 min,"Animation, Family, Fantasy","On an average day, Greg's life seems ordinary. But today is different - there’s magic in the air.",Animation
s527,TV Show,The Big Fib,Missing Director,Missing Cast,United States,22-05-20,2019,TV-PG,1 Season,"Family, Game Show / Competition",The Big Fib is a comedy game show where a truth-seeking kid chooses between a liar and an expert.,Family
s528,Movie,The Boys: The Sherman Brothers' Story,"Jeffrey Sherman, Gregory Sherman",Missing Cast,United States,22-05-20,2009,PG,102 min,"Biographical, Documentary, Music","A journey through the lives of the prolific, award-winning songwriting duo.",Biographical
s529,TV Show,It's a Dog's Life with Bill Farmer,Missing Director,Bill Farmer,United States,15-05-20,2020,TV-PG,1 Season,"Animals & Nature, Docuseries, Family","As the voice of Goofy and Pluto, Bill Farmer crosses the country meeting dogs doing incredible work!",Animals & Nature
s530,Movie,Maleficent: Mistress of Evil,Joachim Rønning,"Angelina Jolie, Elle Fanning, Chiwetel Ejiofor, Sam Riley, Harris Dickinson, Ed Skrein","United States, United Kingdom, Canada",15-05-20,2019,PG,121 min,"Action-Adventure, Family, Fantasy",The story of Disney's most iconic villain continues.,Action-Adventure
s531,Movie,Star Wars: The Rise of Skywalker (Episode IX),J.J. Abrams,"Carrie Fisher, Mark Hamill, Adam Driver, Daisy Ridley, John Boyega, Oscar Isaac",United States,04-05-20,2019,PG-13,142 min,"Action-Adventure, Family, Science Fiction",The landmark Skywalker saga comes to a conclusion.,Action-Adventure
s532,Movie,John Carter,Andrew Stanton,"Taylor Kitsch, Lynn Collins, Samantha Morton, Mark Strong, Ciarán Hinds, Dominic West",United States,02-05-20,2012,PG-13,134 min,"Action-Adventure, Family, Fantasy",A former military captain is inexplicably transported to Barsoom (Mars).,Action-Adventure
s533,TV Show,Awesome Animals,Missing Director,Missing Cast,United States,01-05-20,2017,TV-PG,1 Season,"Animals & Nature, Docuseries, Family",National Geographic Kids presents a natural history series just for kids.,Animals & Nature
s534,TV Show,Birth of Europe,Missing Director,Mark Halliley,United Kingdom,01-05-20,2014,TV-G,1 Season,Docuseries,Birth of Europe reveals the extraordinary story of how Europe has been created by Nature’s forces.,Docuseries
s535,Movie,Bride of Boogedy,Oz Scott,"Richard Masur, Mimi Kennedy, Tammy Lauren, David Faustino, Joshua Rudoy, Leonard Frey",United States,01-05-20,1987,TV-PG,93 min,"Action-Adventure, Family, Fantasy","Mr. Boogedy returns, and will not stop until he get his revenge.",Action-Adventure
s536,TV Show,Buried Secrets Of The Bible With Albert Lin,Missing Director,Albert Lin,United States,01-05-20,2019,TV-PG,1 Season,"Action-Adventure, Docuseries, Historical",Albert Lin investigates two great stories of the Bible.,Action-Adventure
s537,TV Show,Disney Prop Culture,Missing Director,Daniel Lanigan,United States,01-05-20,2020,TV-PG,1 Season,Docuseries,"Collector Dan Lanigan reunites iconic Disney movie props with filmmakers, actors, and crew.",Docuseries
s538,Movie,George of the Jungle,Sam Weisman,"Brendan Fraser, Leslie Mann, Thomas Church, Richard Roundtree, Greg Cruttwell, Abraham Benrubi",United States,01-05-20,1997,PG,93 min,"Action-Adventure, Comedy, Family","A baby raised by gorillas grows up to be a lovable, vine-swinging klutz.",Action-Adventure
s539,Movie,Homeward Bound II: Lost in San Francisco,David Ellis,"Robert Hays, Kim Greist, Veronica Lauren, Kevin Chevalia, Benj Thall, Max Perlich",United States,01-05-20,1996,G,90 min,"Action-Adventure, Animals & Nature, Family",Three lost pets must navigate through San Francisco to find their way home.,Action-Adventure
s540,Movie,Homeward Bound: The Incredible Journey,Duwayne Dunham,"Robert Hays, Kim Greist, Jean Smart, Veronica Lauren, Kevin Chevalia, Benj Thall",United States,01-05-20,1993,G,85 min,"Action-Adventure, Animals & Nature, Family",Two dogs and a cat embark on a great American journey to find their owners.,Action-Adventure
s541,Movie,How to Play Baseball,Jack Kinney,Missing Cast,United States,01-05-20,1942,TV-G,8 min,"Animation, Family, Sports",Goofy teaches you all about this all-American pastime.,Animation
s542,Movie,In Beaver Valley,James Algar,Winston Hibler,United States,01-05-20,1950,TV-PG,32 min,"Animals & Nature, Documentary, Family",A young male beaver races to build his new family a home before winter. See details for advisory.,Animals & Nature
s543,TV Show,Lost Treasures Of Egypt,Missing Director,Rick Robles,United Kingdom,01-05-20,2018,TV-PG,1 Season,"Docuseries, Historical","An immersive, discovery-led series following teams of archaeologists in Egypt.",Docuseries
s544,TV Show,Love & Vets,Missing Director,Mallory Kasdan,United States,01-05-20,2017,TV-PG,1 Season,"Animals & Nature, Docuseries, Family",We watch as doctors Will and Fran divide and conquer to treat the steady flow of claw-clad patients.,Animals & Nature
s545,Movie,Nature's Half Acre,James Algar,Winston Hibler,United States,01-05-20,1951,TV-PG,33 min,"Animals & Nature, Documentary, Family",The strange and wonderful world that lies beneath our feet. See details for advisory.,Animals & Nature
s546,TV Show,Prairie Dog Manor,Missing Director,Kevin Conway,United States,01-05-20,2019,TV-PG,1 Season,"Animals & Nature, Docuseries, Reality",Each episode takes the audience on a first-person journey following a few of the prairie dogs.,Animals & Nature
s547,Movie,Prowlers of the Everglades,James Algar,Missing Cast,United States,01-05-20,1953,TV-Y7,32 min,"Animals & Nature, Documentary","A primeval reptile stalks its prey in ""the swamp that time forgot."" See details for advisory.",Animals & Nature
s548,Movie,The Princess Bride,Rob Reiner,"Cary Elwes, Mandy Patinkin, Chris Sarandon, Christopher Guest, Wallace Shawn, Andre the Giant","United Kingdom, United States",01-05-20,1987,PG,99 min,"Action-Adventure, Comedy, Family",A man regales his ailing grandson with a tale of romance and adventure in a lighthearted fairy tale.,Action-Adventure
s549,TV Show,United States Of Animals,Missing Director,Quincy Dunn-Baker,United States,01-05-20,2015,TV-PG,1 Season,"Animals & Nature, Docuseries, Family",United States of Animals takes you on a fascinating journey across the United States.,Animals & Nature
s550,TV Show,Unlikely Animal Friends,Missing Director,Mark Keller,United States,01-05-20,2012,TV-G,3 Seasons,"Animals & Nature, Docuseries, Family",This series reveals the stories of unlikely duos that have struck up unusual relationships.,Animals & Nature
s551,Movie,Water Birds,Ben Sharpsteen,Winston Hibler,United States,01-05-20,1952,TV-G,31 min,"Animals & Nature, Documentary, Family",Experience the beauty and variety of majestic water birds. See details for advisory.,Animals & Nature
s552,Movie,National Treasure,Jon Turteltaub,"Nicolas Cage, Jon Voight, Harvey Keitel, Diane Kruger, Sean Bean, Justin Bartha",United States,30-04-20,2004,PG,132 min,"Action-Adventure, Mystery, Thriller",A treasure hunter must steal America's most sacred and guarded document.,Action-Adventure
s553,Movie,Born Wild: The Next Generation,Liliana Olszewski,Robin Roberts,United States,28-04-20,2020,TV-PG,44 min,"Animals & Nature, Documentary",BORN WILD: THE NEXT GENERATION gives viewers a look at our planet’s next generation of baby animals.,Animals & Nature
s554,TV Show,America's Funniest Home Videos,Missing Director,Tom Bergeron,United States,24-04-20,1989,TV-PG,9 Seasons,"Comedy, Family, Fantasy",Home videos compete for cash prizes. Program is presented as originally created.,Comedy
s555,Movie,The Olympic Elk,James Algar,Winston Hibler,United States,24-04-20,1952,TV-G,27 min,"Animals & Nature, Documentary, Family",Olympic elk trek toward the fertile grazing grounds of Mount Olympus. See details for advisory.,Animals & Nature
s556,TV Show,Tangled: The Series,Missing Director,"Zachary Levi, Mandy Moore, Eden Espinosa, Clancy Brown",United States,23-04-20,2016,TV-Y7,3 Seasons,"Action-Adventure, Animation, Comedy",Rapunzel must discover the secret of her hair.,Action-Adventure
s557,Movie,Jane Goodall: The Hope,"Elizabeth Leiter, Kimberly Woodard",Jane Goodall,United States,22-04-20,2020,TV-14,89 min,"Biographical, Documentary",Jane Goodall continues her lifetime of activism by continuously spreading a message of hope.,Biographical
s558,TV Show,Brain Games,Missing Director,Neil Harris,United States,17-04-20,2011,TV-G,8 Seasons,"Docuseries, Family, Game Show / Competition",Brain Games features games & experiments revealing the science of how your brain works.,Docuseries
s559,TV Show,Disney Mickey and the Roadster Racers - Chip 'N' Dale's Nutty Tales (Shorts),Missing Director,"Tress MacNeille, Corey Burton, Bret Iwan, Russi Taylor, Bill Farmer, Daniel Ross",United States,17-04-20,2017,TV-Y,2 Seasons,"Action-Adventure, Animation, Buddy",Chip and Dale set off on nutty adventures!,Action-Adventure
s560,Movie,Let's Stick Together,Jack Hannah,Missing Cast,United States,17-04-20,1952,TV-G,7 min,"Animation, Family","Spike, an old honey bee, recounts working with Donald in the good ol' days.",Animation
s561,Movie,Pluto's Purchase,Charles Nichols,"Pinto Colvig, James MacDonald",United States,17-04-20,1948,TV-G,7 min,"Animation, Family",Pluto is in for a surprise when Mickey sends him to buy a salami. See details for advisory.,Animation
s562,TV Show,Tron Uprising,Missing Director,"Elijah Wood, Bruce Boxleitner, Emmanuelle Chriqui, Mandy Moore, Nate Corddry, Lance Henriksen",United States,14-04-20,2011,TV-Y7,1 Season,"Action-Adventure, Animation, Kids","Inside the computer world of the grid, Beck becomes the unlikely leader of a revolution.",Action-Adventure
s563,Movie,A Celebration of the Music from Coco,Ron de Moraes,"Benjamin Bratt, Eva Longoria, Carlos Rivera, Natalia Jiménez, Alanna Ubach, Jaime Camil",United States,10-04-20,2020,TV-PG,48 min,"Concert Film, Music, Musical",“Coco” is brought to life on stage with musical performances at the historic Hollywood Bowl.,Concert Film
s564,TV Show,Disney Playtime with Puppy Dog Pals (Shorts),Missing Director,Missing Cast,United States,10-04-20,2017,TV-Y,2 Seasons,"Animation, Kids",Come play with the Puppy Dog Pals!,Animation
s565,Movie,"Maggie Simpson in ""Playdate with Destiny""",David Silverman,Missing Cast,United States,10-04-20,2020,G,5 min,"Animation, Comedy",A heroic baby saves Maggie Simpson from playground peril – and steals her heart.,Animation
s566,TV Show,Paradise Islands,Missing Director,Michael Izqueirdo,United States,10-04-20,2017,TV-PG,1 Season,"Animals & Nature, Docuseries, Family",The islands that lie between Asia and Australia can claim to be the biologically richest on earth.,Animals & Nature
s567,TV Show,Tut's Treasures: Hidden Secrets,Missing Director,Mark Bazeley,United Kingdom,10-04-20,2018,TV-PG,1 Season,"Docuseries, Historical",The pharaoh’s priceless grave goods are being reunited for the first time since their discovery.,Docuseries
s568,Movie,A Tale of Two Critters,Jack Speirs,Mayf Nutter,United States,03-04-20,1977,G,48 min,"Animals & Nature, Family",A bear cub and a raccoon become fast friends. See details for advisory.,Animals & Nature
s569,Movie,All in a Nutshell,Jack Hannah,Missing Cast,United States,03-04-20,1949,TV-G,7 min,"Animation, Family",Donald steals Chip and Dale's nuts and ends up in a lake. See details for advisory.,Animation
s570,Movie,Disneynature Penguins,"Alastair Fothergill, Jeff Wilson",Ed Helms,United States,03-04-20,2019,G,77 min,"Animals & Nature, Documentary, Family",Steve the penguin embarks on an epic quest to find love and start a family.,Animals & Nature
s571,Movie,Diving with Dolphins,Keith Scholey,Celine Cousteau,United States,03-04-20,2020,G,79 min,"Animals & Nature, Documentary, Family",Disneynature explores the making of Dolphin Reef. Céline Cousteau narrates English-language version.,Animals & Nature
s572,Movie,Dolphin Reef,Keith Scholey,Natalie Portman,United States,03-04-20,2018,G,78 min,"Animals & Nature, Documentary, Family",A playful young dolphin named Echo must master his vital role in the coral reef community.,Animals & Nature
s573,Movie,Don's Fountain of Youth,Jack Hannah,Missing Cast,United States,03-04-20,1953,TV-G,6 min,"Animation, Family",Donald's trick at the fountain of youth is cut short by an alligator. See details for advisory.,Animation
s574,Movie,Donald's Dog Laundry,Jack King,Missing Cast,United States,03-04-20,1940,TV-G,9 min,"Animation, Family",Donald entices Pluto to try his mechanical dog washer. See details for advisory.,Animation
s575,Movie,Double Dribble,Jack Hannah,Missing Cast,United States,03-04-20,1946,TV-G,8 min,"Animation, Family, Sports",Goofy explores the wonderful world of basketball. See details for advisory.,Animation
s576,Movie,Dragon Around,Jack Hannah,Missing Cast,United States,03-04-20,1954,TV-G,7 min,"Animation, Family",Chip and Dale defend their home against Donald's dragon-like steam shovel. See details for advisory.,Animation
s577,Movie,Elephant,Mark Linfield,"Meghan,  The Duchess of Sussex",United States,03-04-20,2020,G,89 min,"Animals & Nature, Documentary, Family",African elephant Shani and her spirited son Jomo make the epic journey of their ancestors.,Animals & Nature
s578,Movie,Elmer Elephant,Wilfred Jaxon,"Jeanie Roberts, Pinto Colvig, Hal Rees, Leone Ledoux, Carlisle Tupper, Gay Seabrook",United States,03-04-20,1936,TV-G,8 min,"Animation, Family",An elephant is ashamed of his trunk until he saves his friend with it. See details for advisory.,Animation
s579,TV Show,Fish Hooks,Missing Director,"Chelsea Kane, Kyle Massey, Justin Roiland",United States,03-04-20,2010,TV-G,3 Seasons,"Animation, Comedy, Coming of Age","Milo, Bea and Oscar are three BFFs, best fish friends.",Animation
s580,Movie,How To Play Football,Jack Kinney,Pinto Colvig,United States,03-04-20,1944,TV-G,9 min,"Animation, Family, Parody",Goofy demonstrates the game of football. See details for advisory.,Animation
s581,Movie,In the Footsteps of Elephant,Vanessa Berlowitz,Jeremy Sisto,United States,03-04-20,2020,G,88 min,"Animals & Nature, Documentary, Family",Filmmakers capture an epic journey through the Kalahari Desert for Disneynature’s “Elephant.”,Animals & Nature
s582,Movie,"Lambert, The Sheepish Lion",Jack Hannah,Sterling Holloway,United States,03-04-20,1952,TV-G,8 min,"Animation, Family",A mix-up finds a little lion cub in the care of a gentle flock of sheep.,Animation
s583,Movie,On Ice,Ben Sharpsteen,"Pinto Colvig, Walt Disney, Marcellite Garner",United States,03-04-20,1935,TV-G,9 min,"Animation, Comedy, Family",Mickey and friends enjoy skating on a frozen river. See details for advisory.,Animation
s584,Movie,Onward,Dan Scanlon,"Tom Holland, Chris Pratt, Julia Louis-Dreyfus, Octavia Spencer, Mel Rodriguez, Kyle Bornheimer",United States,03-04-20,2020,PG,103 min,"Action-Adventure, Animation, Comedy",Two elf brothers embark on an extraordinary quest in Disney and Pixar’s ONWARD!,Action-Adventure
s585,Movie,Out of Scale,Jack Hannah,Missing Cast,United States,03-04-20,1951,TV-G,8 min,"Animation, Family","Donald declares Chip n Dale's tree ""out of scale"" for his train set. See details for advisory.",Animation
s586,Movie,Penguins: Life on the Edge,"Alastair Fothergill, Jeff Wilson",Blair Underwood,United States,03-04-20,2020,G,78 min,"Animals & Nature, Documentary, Family",A witty and tenacious team of filmmakers brave the Antarctic to film Disneynature’s “Penguins.”,Animals & Nature
s587,Movie,Pluto's Party,Milt Schaffer,"Jimmy MacDonald, Pinto Colvig",United States,03-04-20,1952,TV-G,8 min,"Animation, Family",It's Pluto's birthday party!,Animation
s588,Movie,Sea Scouts,Dick Lundy,Missing Cast,United States,03-04-20,1939,TV-PG,8 min,"Animation, Family",Donald and his nephews encounter a shark. See details for advisory.,Animation
s589,TV Show,Sonny With A Chance,Missing Director,"Demi Lovato, Tiffany Thornton, Sterling Knight, Brandon Smith, Doug Brochu, Allisyn Arm",United States,03-04-20,2008,TV-G,2 Seasons,"Comedy, Coming of Age, Romance",A teen girl is selected from a nationwide search to join the cast of a sketch-comedy series.,Comedy
s590,Movie,The Boy Who Talked to Badgers,Gary Nelson,"Carl Betz, Salome Jens, Christian Juttner, Robert Donner, Denver Pyle, Stuart Lee",United States,03-04-20,1975,TV-PG,90 min,"Action-Adventure, Animals & Nature, Drama",A young farm boy relies on the help of a badger to survive the wilderness. See details for advisory.,Action-Adventure
s591,Movie,The New Neighbor,Jack Hannah,Missing Cast,United States,03-04-20,1953,TV-G,7 min,"Animation, Family",Sparks fly when Donald moves next door to Pete and his reckless dog. See details for advisory.,Animation
s592,Movie,The Small One,Don Bluth,"Sean Marshall, William Woodson, Olan Soulé, Joe Higgins, Gordon Jump, Hal Smith",United States,03-04-20,1978,TV-PG,25 min,"Animation, Family, Historical",A young boy discovers the true spirit of the Christmas season. See details for advisory.,Animation
s593,Movie,The Straight Story,David Lynch,"Richard Farnsworth, Sissy Spacek, Harry Stanton, Everett McGill, John Farley, Kevin Farley","France, United Kingdom, United States",03-04-20,1999,G,112 min,"Biographical, Drama",Story of a man who takes a six week trip on his riding lawn mower.,Biographical
s594,Movie,Frankenweenie,Tim Burton,"Catherine O'Hara, Martin Short, Martin Landau, Charlie Tahan, Atticus Shaffer, Winona Ryder",United States,01-04-20,2012,PG,88 min,"Animation, Comedy, Drama",Disney presents a comic twist on a classic tale from Tim Burton.,Animation
s595,Movie,Mars Needs Moms,Simon Wells,"Seth Green, Dan Fogler, Elizabeth Harnois, Mindy Sterling, Kevin Cahoon, Joan Cusack",United States,01-04-20,2011,PG,91 min,"Action-Adventure, Animation, Family",Nine-year-old Milo sets out to save his mom when she is abducted by Martians.,Action-Adventure
s596,Movie,Prom,Joe Nussbaum,"Aimee Teegarden, Thomas McDonell, De'Vaughn Nixon, Danielle Campbell, Yin Chang, Jared Kusnitz",United States,01-04-20,2011,PG,105 min,"Comedy, Coming of Age, Drama","At Prom, every couple has a story, and no two are exactly alike.",Comedy
s597,Movie,The Last Song,Julie Robinson,"Miley Cyrus, Liam Hemsworth, Bobby Coleman, Nick Searcy, Kelly Preston, Greg Kinnear",United States,01-04-20,2010,PG,109 min,"Coming of Age, Drama, Music",A rebellious daughter and her estranged father try to restore the loving relationship they once had.,Coming of Age
s598,Movie,The Odd Life of Timothy Green,Peter Hedges,"Jennifer Garner, Joel Edgerton, Dianne Wiest, CJ Adams, Rosemarie DeWitt, Ron Livingston",United States,01-04-20,2012,PG,106 min,"Drama, Family, Fantasy",An unexpected surprise arrives on the doorstep of a couple who can't have children of their own.,Drama
s599,TV Show,Be Our Chef,Missing Director,Angela Kinsey,United States,27-03-20,2020,TV-G,1 Season,"Family, Game Show / Competition",Angela Kinsey hosts five families in a Disney-inspired cooking competition.,Family
s600,Movie,A Wrinkle in Time,Ava DuVernay,"Oprah Winfrey, Reese Witherspoon, Mindy Kaling, Storm Reid, Levi Miller, Deric McCabe",United States,25-03-20,2018,PG,112 min,"Action-Adventure, Coming of Age, Family",Meg travels through time and space to find her father.,Action-Adventure
s601,TV Show,Disney I Didn't Do It,Missing Director,"Olivia Holt, Austin North, Piper Curda, Peyton Clark, Sarah Gilman",United States,20-03-20,2013,TV-G,2 Seasons,"Comedy, Family",Fraternal twins try to explain exactly what just happened.,Comedy
s602,TV Show,Disney Insider,Missing Director,Missing Cast,United States,20-03-20,2020,TV-PG,1 Season,"Anthology, Docuseries","“Disney Insider” tells the stories behind Disney’s films, parks, destinations, toys & more.",Anthology
s603,TV Show,Disney Vampirina Ghoul Girls Rock! (Shorts),Missing Director,"Isabella Crovetti, Jordan Davis, ViviAnn Yee, Mitchell Whitfield, Wanda Sykes, Ian Corlett",United States,20-03-20,2017,TV-Y7,2 Seasons,"Animation, Fantasy, Kids",Rock out to music videos from The Ghoul Girls!,Animation
s604,Movie,G-Force,Hoyt Yeatman IV,"Bill Nighy, Will Arnett, Zach Galifianakis, Kelli Garner, Tyler Jones, Jack Conley",United States,15-03-20,2009,PG,92 min,"Action-Adventure, Comedy, Family",Four highly trained FBI guinea pigs set out to save the world.,Action-Adventure
s605,Movie,Frozen 2,"Chris Buck, Jennifer Lee","Kristen Bell, Idina Menzel, Josh Gad, Jonathan Groff, Sterling Brown, Evan Wood",United States,14-03-20,2019,PG,107 min,"Action-Adventure, Animation, Family",Elsa journeys into the unknown to uncover truths about the past.,Action-Adventure
s606,Movie,Stargirl,Julia Hart,"Grace VanderWaal, Graham Verchere, Giancarlo Esposito, Karan Brar, Darby Stanchfield, Maximiliano Hernandez",United States,13-03-20,2020,PG,107 min,"Coming of Age, Drama, Musical",A coming-of-age story about a high schooler who finds himself drawn to the free-spirited new girl.,Coming of Age
s607,Movie,The Finest Hours,Craig Gillespie,"Chris Pine, Casey Affleck, Ben Foster, Holliday Grainger, John Ortiz, Kyle Gallner",United States,06-03-20,2016,PG-13,119 min,"Action-Adventure, Disaster, Drama",Based on a true story of the Coast Guard’s most daring rescue.,Action-Adventure
s608,Movie,The Sandlot: Heading Home,William Dear,"Danny Nucci, Luke Perry, Keanu Pires, Sarah Deakins, Chauncey Leopardi, Brandon Olds","United States, Canada",06-03-20,2007,PG,97 min,"Comedy, Family, Sports","An egotistical baseball star wakes up as a 12-year-old on his childhood playing field, the sandlot.",Comedy
s609,Movie,Bedtime Stories,Adam Shankman,"Adam Sandler, Keri Russell, Guy Pearce, Russell Brand, Richard Griffiths, Jonathan Pryce",United States,05-03-20,2008,PG,101 min,"Comedy, Family, Fantasy",A hotel handyman's bedtime stories go from fantasy to reality.,Comedy
s610,Movie,Marvel Studios' Black Panther,Ryan Coogler,"Chadwick Boseman, Michael Jordan, Lupita Nyong'o, Danai Gurira, Martin Freeman, Daniel Kaluuya",United States,04-03-20,2018,PG-13,137 min,"Action-Adventure, Science Fiction, Superhero",T’Challa battles a powerful foe when his homeland of Wakanda is threatened.,Action-Adventure
s611,TV Show,101 Dalmatian Street,Missing Director,"Josh Brener, Michaela Dietz, Ella Kenion, Rhashan Stone","United Kingdom, United States, Canada",28-02-20,2018,TV-Y7,1 Season,"Action-Adventure, Animation, Comedy",Pups Dolly and Dylan adventure to find their spots.,Action-Adventure
s612,Movie,Disney Phineas and Ferb: Phineas and Ferb Star Wars,Missing Director,"Vincent Martella, Ashley Tisdale, Thomas Brodie-Sangster, Caroline Rhea, Richard O'Brien, Dan Povenmire",United States,28-02-20,2014,TV-G,53 min,"Action-Adventure, Animation, Musical","Phineas, Ferb and the gang meet some iconic Star Wars characters.",Action-Adventure
s613,TV Show,Shop Class,Missing Director,Missing Cast,United States,28-02-20,2020,TV-G,1 Season,"Family, Game Show / Competition",Teams are challenged with designing and building their very unique creations.,Family
s614,Movie,Viking Warrior Women,Stuart Strickson,Ella Al-Shamahi,United Kingdom,28-02-20,2019,TV-PG,44 min,"Documentary, Historical",New discoveries challenge everything we thought we knew about Viking warriors.,Documentary
s615,TV Show,Star Wars Resistance,Missing Director,"Christopher Sean, Josh Brener, Scott Lawrence, Suzie McGrath, As Himself",United States,25-02-20,2018,TV-Y7,2 Seasons,"Action-Adventure, Animation, Kids","Kaz begins his spy mission, but is in over his head.",Action-Adventure
s616,TV Show,Lost Cities With Albert Lin,Missing Director,Dr. Albert Len,United States,21-02-20,2019,TV-PG,1 Season,"Action-Adventure, Docuseries, Historical",This series delivers stories with hi-tech imagery to bring the mysteries of the past to life.,Action-Adventure
s617,Movie,Marvel Rising: Operation Shuri,Chris Rutkowski,"Dee Baker, Dove Cameron, Jessica DiCicco, Skai Jackson, Kathreen Khavari, Daisy Lightfoot",United States,21-02-20,2019,TV-Y7,23 min,"Action-Adventure, Animation, Coming of Age",The Secret Warriors show Shuri how to be a teenager.,Action-Adventure
s618,Movie,Marvel Rising: Playing With Fire,Sol Choi,"Dee Baker, Dove Cameron, Gary Cole, Kathreen Khavari, Meera Kumbhani, Tony Mirrcandani",United States,21-02-20,2019,TV-Y7,45 min,"Action-Adventure, Animation, Coming of Age",The Secret Warriors help Inferno recover his powers.,Action-Adventure
s619,TV Show,Star Wars: The Clone Wars,Missing Director,"Tom Kane, Matt Lanter, Ashley Eckstein, James Arnold Taylor, Dee Baker, Corey Burton",United States,21-02-20,2008,TV-PG,7 Seasons,"Action-Adventure, Animation, Science Fiction","The saga continues, set in a faraway galaxy!",Action-Adventure
s620,Movie,Marvel's Iron Man & Hulk: Heroes United,Leo Riley,"Adrian Pasdar, Fred Tatasciore, David Kaye, Dee Baker, Robin Downes",United States,16-02-20,2013,PG,74 min,"Action-Adventure, Animation, Science Fiction",Avengers Iron Man and Hulk team up to fight an energy-devouring monster.,Action-Adventure
s621,Movie,Because of Winn-Dixie,Wayne Wang,"Jeff Daniels, Cicely Tyson, Dave Matthews, Eva Saint, AnnaSophia Robb",United States,14-02-20,2005,PG,107 min,"Comedy, Drama, Family","A heartwarming tale of a girl whose life is changed by a scruffy, fun-loving pooch named Winn-Dixie.",Comedy
s622,TV Show,Fairy Tale Weddings,Missing Director,"Stephen Boss, Allison Holker",United States,14-02-20,2017,TV-PG,2 Seasons,"Docuseries, Family, Lifestyle",A behind-the-scenes look at Disney's magical weddings.,Docuseries
s623,Movie,"My Dog, the Thief",Robert Stevenson,"Dwayne Hickman, Mary Mobley, Elsa Lanchester, Joe Flynn, Roger Carmel, Mickey Shaughnessy",United States,14-02-20,1969,TV-PG,89 min,"Action-Adventure, Comedy, Family",A St. Bernard lifts a million-dollar necklace from a team of jewel thieves.,Action-Adventure
s624,Movie,Splash,Ron Howard,"Tom Hanks, Daryl Hannah, Eugene Levy, John Candy, Dody Goodman, Shecky Greene",United States,14-02-20,1984,TV-PG,110 min,"Comedy, Fantasy, Romance",Allen Bauer (Tom Hanks) is rescued at sea by the mermaid of his dreams.,Comedy
s625,TV Show,That's So Raven,Missing Director,"Raven , Orlando Brown, Kyle Massey, Anneliese van der Pol, T’Keyah Keymáh, Rondell Sheridan",United States,08-02-20,2002,TV-G,4 Seasons,"Comedy, Coming of Age, Fantasy",Raven Baxter is a typical teenager who just happens to be psychic.,Comedy
s626,Movie,Timmy Failure: Mistakes Were Made,Tom McCarthy,"Winslow Fegley, Ophelia Lovibond, Craig Robinson, Wallace Shawn, Kyle Bornheimer, Chloe Coleman",United States,07-02-20,2020,PG,103 min,"Buddy, Comedy, Drama",“Timmy Failure” follows the hilarious exploits of a boy who operates a Portland detective agency.,Buddy
s627,Movie,Toy Story 4,Josh Cooley,"Tom Hanks, Tim Allen, Annie Potts, Tony Hale, Keegan-Michael Key, Madeleine McGraw",United States,05-02-20,2019,G,101 min,"Action-Adventure, Animation, Comedy",Pixar Animation Studios proudly presents the adventure of a lifetime!,Action-Adventure
s628,Movie,Descendants 3,Kenny Ortega,"Dove Cameron, Cameron Boyce, Sofia Carson, Booboo Stewart, Mitchell Hope, Sarah Jefferey",United States,02-02-20,2019,TV-G,109 min,"Coming of Age, Fantasy, Musical",A barrier breach jeopardizes the safety of Auradon.,Coming of Age
s629,Movie,Around the World in 80 Days,Frank Coraci,"Jackie Chan, Steve Coogan, Cécile de France, Jim Broadbent, Ewan Bremner, Ian McNeice","United States, Germany, Ireland, United Kingdom",01-02-20,2004,PG,121 min,"Action-Adventure, Comedy, Family",Phileas Fogg tries to beat the clock in a race around the world.,Action-Adventure
s630,Movie,Big Business,Jim Abrahams,"Bette Midler, Lily Tomlin, Fred Ward, Edward Herrmann, Michele Placido, Daniel Gerroll",United States,01-02-20,1988,PG,98 min,Comedy,"Two sets of identical twins, mismatched at birth, cross paths years later.",Comedy
s631,Movie,Lamp Life,Valerie LaPointe,"Annie Potts, Jim Hanks, Ally Maki, Emily Davis",United States,31-01-20,2020,TV-G,11 min,"Animation, Comedy, Family",Lamp Life answers the question of what happened to Bo Peep since we last we saw her in Toy Story 2.,Animation
s632,Movie,The Lion King,Jon Favreau,"Donald Glover, Seth Rogen, Chiwetel Ejiofor, Alfre Woodard, Billy Eichner, John Kani","United States, United Kingdom, South Africa",28-01-20,2019,PG,125 min,"Action-Adventure, Coming of Age, Drama",Disney’s The Lion King comes to life in a whole new way.,Action-Adventure
s633,TV Show,Diary of a Future President,Missing Director,"Tess Romero, Selenis Leyva, Charlie Bushnell, Michael Weaver",United States,17-01-20,2020,TV-PG,2 Seasons,"Comedy, Coming of Age, Family","Elena Cañero-Reed will one day become the U.S. President, but for now, she’s in middle school.",Comedy
s634,TV Show,High School Musical: The Musical: The Series: The Sing-Along,Missing Director,"Olivia Rodrigo, Joshua Bassett, Matt Cornett, Sofia Wylie, Larry Saperstein",United States,17-01-20,2019,TV-PG,1 Season,"Comedy, Coming of Age, Drama",Sing along as the East High Wildcats put on a production of High School Musical: The Musical!,Comedy
s635,TV Show,America's National Parks,Missing Director,C.T. Taylor,United States,15-01-20,2015,TV-14,1 Season,"Animals & Nature, Docuseries",Experience the breathtaking landscapes and majestic animals of eight U.S. National Parks.,Animals & Nature
s636,TV Show,Continent 7: Antarctica,Missing Director,Chris Browning,United States,15-01-20,2016,TV-PG,1 Season,"Action-Adventure, Animals & Nature, Docuseries",Experience how science is conducted as scientists and survival experts join forces in Antarctica.,Action-Adventure
s637,TV Show,Disney Randy Cunningham: 9th Grade Ninja,Missing Director,"Ben Schwartz, Andrew Caldwell, Tim Curry, John DiMaggio, Kevin Richardson, Dave Wittenberg","United Kingdom, United States, Ireland",15-01-20,2011,TV-Y7,2 Seasons,"Action-Adventure, Animation, Comedy",Randy is an average freshman until he is chosen as The Ninja.,Action-Adventure
s638,TV Show,Muppet Babies Show and Tell (Shorts),Missing Director,"Matt Danner, Melanie Harrison, Ben Diskin, Eric Bauza, Dee Baker, Jessica DiCicco",United States,15-01-20,2017,TV-Y7,1 Season,"Animation, Kids",It's Show and Tell time in the playroom!,Animation
s639,TV Show,The Lodge,Missing Director,"Sophie Simnett, Luke Newton, Thomas Doherty, Bethan Wright, Jayden Revri, Jade Alleyne",United Kingdom,15-01-20,2016,TV-G,2 Seasons,"Coming of Age, Drama, Musical",A city girl starts a new life in the country.,Coming of Age
s640,TV Show,Wild Russia,Missing Director,Liam Teeling,United States,15-01-20,2018,TV-PG,1 Season,"Animals & Nature, Docuseries","From mountains to desert, volcanoes to ice, explore Russia’s scenic beauty and iconic wildlife.",Animals & Nature
s641,Movie,Destino,Monfery Dominique,Dora Luz,"France, United States",10-01-20,2003,PG,6 min,"Animation, Family, Romance",A collaboration begun in 1945 by Salvador Dalí and Walt Disney.,Animation
s642,Movie,Forky Asks a Question: What is Reading?,Bob Peterson,"Tony Hale, Addison Andrews, Mila Crespo, Imani Prior, Jeff Pidgeon, Bob Peterson",United States,10-01-20,2020,TV-G,7 min,"Animation, Comedy, Family","The energetic Peas-n-a-Pod siblings teach Forky about reading, with a little help from Mr. Spell.",Animation
s643,Movie,Loop,Erica Milsom,"Madison Bandy, Christiano Delgado, Louis Gonzales, Asher Brodkey, Erica Milsom",United States,10-01-20,2020,PG,12 min,"Animation, Family","Adrift on a lake, two kids with different ways of communicating attempt to connect.",Animation
s644,TV Show,Marvel's Runaways,Missing Director,"Rhenzy Feliz, Lyrica Okano, Virginia Gardner, Ariela Barer, Gregg Sulkin, Allegra Acosta",United States,10-01-20,2017,TV-14,3 Seasons,"Coming of Age, Drama, Science Fiction",Six kids learn their parents hide a terrible secret.,Coming of Age
s645,Movie,Aladdin (2019),Guy Ritchie,"Will Smith, Mena Massoud, Naomi Scott, Marwan Kenzari, Navid Negahban, Nasim Pedrad",United States,08-01-20,2019,PG,135 min,"Action-Adventure, Family, Fantasy",From Disney comes the thrilling live-action adaptation of Aladdin.,Action-Adventure
s646,Movie,Forky Asks a Question: What is Cheese?,Bob Peterson,"Tony Hale, Jeff Garlin, Bob Peterson",United States,03-01-20,2020,TV-G,6 min,"Animation, Comedy, Family","Buttercup, annoyed with all of Forky’s questions, speed teaches everything there is.",Animation
s647,TV Show,Austin & Ally,Missing Director,"Ross Lynch, Laura Marano, Raini Rodriguez, Calum Worthy",United States,01-01-20,2011,TV-G,4 Seasons,"Comedy, Coming of Age, Kids","Austin, a musician, and Ally, a songwriter, form a team.",Comedy
s648,TV Show,Billy Dilley's Super-Duper Subterranean Summer,Missing Director,"Aaron Springer, Catherine Wayne, Tom Kenny",United States,01-01-20,2016,TV-Y7,1 Season,"Animation, Comedy, Fantasy",Billy and his friends get stuck inside Earth's core.,Animation
s649,Movie,Cars Toon: El Materdor,John Lasseter,"Larry the Cable Guy , Keith Ferguson",United States,01-01-20,2008,TV-G,4 min,"Animation, Comedy, Family",Mater is a famous bulldozer fighter in Spain.,Animation
s650,Movie,Cars Toon: Moon Mater,Rob Gibbs,"Larry the Cable Guy , Keith Ferguson, Josh Cooley",United States,01-01-20,2010,TV-G,4 min,"Animation, Comedy, Family",Mater’s mission on the moon: rescue the Impala XIII.,Animation
s651,Movie,Cars Toon: Rescue Squad Mater,John Lasseter,"Larry the Cable Guy , Keith Ferguson, Bret Parker, Peter Sohn, Bob Peterson, Bob Scott",United States,01-01-20,2010,TV-Y7,3 min,"Animation, Comedy, Family",Mater is a fire truck that rescues McQueen from a fire,Animation
s652,Movie,Cars Toon: Spinning,Jeremy Lasky,"Keith Ferguson, Paul Dooley, Tony Shalhoub, Lloyd Sherr, Michael Wallis, Guido Quaroni",United States,01-01-20,2013,TV-G,2 min,"Animation, Family",Guido discovers his talent as a sign spinner.,Animation
s653,Movie,Cars Toon: Time Travel Mater,Rob Gibbs,"Larry the Cable Guy , Keith Ferguson, John Higgins, Katherine Helmond",United States,01-01-20,2012,TV-G,7 min,"Animation, Comedy, Family",Mater travels back in time to 1909.,Animation
s654,Movie,Cars Toon: Tokyo Mater,John Lasseter,"Larry the Cable Guy , Keith Ferguson, Michael Wallis, Mach Kobayashi, Robert Ito",United States,01-01-20,2008,G,8 min,"Animation, Comedy, Family","Mater is in Tokyo, where he is challenged to a race.",Animation
s655,Movie,Cars Toon: Unidentified Flying Mater,John Lasseter,"Larry the Cable Guy , Keith Ferguson",United States,01-01-20,2010,TV-Y7,4 min,"Animation, Comedy, Family",Mater and Lightning McQueen rescue a UFO named Mator.,Animation
s656,Movie,Cars Toons: Bugged,Jeremy Lasky,"Jerome Ranft, Josh Cooley",United States,01-01-20,2013,TV-G,2 min,"Animation, Family",Red's peaceful morning routine is interrupted by a pesky visitor.,Animation
s657,Movie,Cool Runnings,Jon Turteltaub,"Leon , Doug Doug, Rawle Lewis, Malik Yoba, Raymond Barry, Larry Gilman",United States,01-01-20,1993,PG,99 min,"Biographical, Comedy, Family",Based on the true story of Jamaican bobsledders at the Winter Olympics.,Biographical
s658,Movie,Drain Alcatraz,Wayne Abbott,"Craig Sechler, Russell Boulter",United States,01-01-20,2017,TV-PG,47 min,Documentary,Draining the waters around Alcatraz reveals the infamous prison’s deepest secrets.,Documentary
s659,Movie,Drain The Bermuda Triangle,Jobim Sampson,Russell Boulter,United States,01-01-20,2014,TV-PG,45 min,Documentary,Explore the Bermuda Triangle by draining the water to see what lies beneath the surface.,Documentary
s660,Movie,Drain The Great Lakes,"Crispin Sadler, Wayne Abbott",Cham Giobbi,"United Kingdom, Canada, United States",01-01-20,2011,TV-PG,45 min,Documentary,This groundbreaking television program pulls a virtual plug on the huge lakes.,Documentary
s661,Movie,Drain The Ocean: WWII,Mike Slee,Russell Boulter,United States,01-01-20,2016,TV-PG,44 min,"Documentary, Historical",New undersea surveys and 3-D imaging reveal secrets of World War II shipwrecks.,Documentary
s662,Movie,Drain The Sunken Pirate City,Sophie Harris,Russell Boulter,United Kingdom,01-01-20,2017,TV-14,48 min,"Documentary, Historical",Hidden beneath Jamaica’s Kingston Harbour lie the ruins of the biggest pirate city of all time.,Documentary
s663,Movie,Drain The Titanic,Jobim Sampson,Russell Boulter,"United Kingdom, Canada, United States",01-01-20,2015,TV-PG,45 min,"Documentary, Historical",We reveal the most famous ship wreck site by virtually draining the Titanic.,Documentary
s664,TV Show,First Class Chefs: Family Style,Missing Director,"Gia Ré, Matt Tebbutt",United States,01-01-20,2015,TV-Y7,1 Season,"Family, Game Show / Competition",First Class Chefs: Family Style is a cooking competition for the whole family!,Family
s665,Movie,Hacksaw,Larry Lansburgh,"Tab Hunter, Victor Millan, Ray Teal, Russ McCubbin, George Barrows, Christine Austin",United States,01-01-20,1971,TV-PG,89 min,"Animals & Nature, Family, Sports",A wilderness guide sets out to catch a legendary wild horse. See details for advisory.,Animals & Nature
s666,Movie,Holes,Andrew Davis,"Sigourney Weaver, Jon Voight, Patricia Arquette, Tim Nelson, Dulé Hill, Shia LaBeouf",United States,01-01-20,2003,PG,119 min,"Coming of Age, Drama, Family",The Yelnats family curse lands young Stanley at Camp Green Lake.,Coming of Age
s667,Movie,Marvel 75 Years: From Pulp to Pop!,Zak Knutson,"Laura Shields, Stan Lee, Alan Fine, Nicole Perlman, Jimmy Kimmel, Gerry Conway",United States,01-01-20,2014,TV-PG,42 min,"Documentary, Family",See how Marvel became the top super hero storyteller in special interviews.,Documentary
s668,Movie,Marvel Rising: Battle of The Bands,Missing Director,"Dee Baker, Dove Cameron, Skai Jackson, Kathreen Khavari, Kamil McFadden, Tyler Posey",United States,01-01-20,2019,TV-Y7,23 min,"Action-Adventure, Animation, Superhero",Gwen (Ghost-Spider) has to defeat Screaming Mimi both on the streets and on the stage.,Action-Adventure
s669,TV Show,One Strange Rock,Missing Director,Will Smith,United States,01-01-20,2017,TV-PG,1 Season,"Animals & Nature, Docuseries, Family","Hosted by Will Smith, One Strange Rock reveals the twists of fate that allow life to thrive on Earth",Animals & Nature
s670,TV Show,Out There with Jack Randall,Missing Director,Jack Randall,United States,01-01-20,2019,TV-14,1 Season,"Action-Adventure, Animals & Nature, Docuseries",Zoologist Jack Randall searches for dangerous animals in the most unforgiving environments on earth.,Action-Adventure
s671,Movie,Super Rhino,Nathan Greno,"Miley Cyrus, Mark Walton, Susie Essman, Malcolm McDowell, Randy Savage",United States,01-01-20,2009,G,4 min,"Action-Adventure, Animation, Comedy",Rhino gets an upgrade just in time to save Bolt and Penny from Dr. Calico.,Action-Adventure
s672,TV Show,The Proud Family,Missing Director,"Tommy Davidson, Paula Parker, Jo Payton, Kyla Pratt, Tara Strong, Karen White",United States,01-01-20,2001,TV-G,2 Seasons,"Animation, Comedy, Coming of Age","Follow the adventures of Penny, a typical African American girl navigating through teen-dom.",Animation
s673,TV Show,The Super Hero Squad,Missing Director,"Grey DeLisle, Steve Blum, Mikey Kelly, Charlie Adler, Mark Hamill, Tom Kenny",United States,01-01-20,2009,TV-Y7,2 Seasons,"Action-Adventure, Animation, Comedy",The greatest heroes on the planet unite to face the greatest villains in the Super Hero Squad.,Action-Adventure
s674,TV Show,Year Million,Missing Director,Laurence Fishburne,United States,01-01-20,2016,TV-PG,1 Season,"Docuseries, Science Fiction","Explore what human life might be like, one million years into the future.",Docuseries
s675,Movie,Forky Asks a Question: What is a Pet?,Bob Peterson,"Tony Hale, Aloma Wright, Bob Peterson",United States,27-12-19,2019,TV-G,7 min,"Animation, Comedy, Family","Forky meets Rib Tickles, and is schooled on the dangers of law enforcement.",Animation
s676,Movie,Star Wars: The Last Jedi (Episode VIII),Rian Johnson,"Mark Hamill, Carrie Fisher, Adam Driver, Daisy Ridley, John Boyega, Oscar Isaac",United States,26-12-19,2017,PG-13,152 min,"Action-Adventure, Science Fiction",New heroes and galactic legends join to unlock mysteries of the Force.,Action-Adventure
s677,Movie,Forky Asks a Question: What is a Leader?,Bob Peterson,"Tony Hale, Bonnie Hunt, Bob Peterson",United States,20-12-19,2019,TV-G,6 min,"Animation, Comedy, Family","Dolly teaches Forky about the qualities of a good leader, and he puts those qualities to the test!",Animation
s678,Movie,George of the Jungle 2,David Grossman,"Thomas Church, Julie Benz, Christina Pickles, Angus Jones, Kelly Miller, John Kassir","United States, Australia",20-12-19,2003,PG,89 min,"Action-Adventure, Comedy, Family","George must rescue his family, then save the jungle from becoming mulch.",Action-Adventure
s679,Movie,High School Musical: The Musical: The Series: The Special,Clayton Cogswell,"Joshua Bassett, Olivia Rodrigo, Sofia Wylie, Matt Cornett, Dara Renee",United States,20-12-19,2019,TV-G,23 min,"Coming of Age, Documentary, Drama",An exclusive look into the making of High School Musical: The Musical: The Series.,Coming of Age
s680,TV Show,Pick of the Litter,Missing Director,Missing Cast,United States,20-12-19,2019,TV-PG,1 Season,"Animals & Nature, Docuseries, Family",Watch an adorable group of six dogs on their quest to become guides for Guide Dogs for the Blind.,Animals & Nature
s681,Movie,Togo,Ericson Core,"Willem Dafoe, Julianne Nicholson, Christopher Heyerdahl, Richard Dormer, Michael Greyeyes, Michael McElhatton",United States,20-12-19,2019,PG,117 min,"Action-Adventure, Animals & Nature, Family",An exhilarating and uplifting adventure set in the winter of 1925 of one man and his lead sled dog.,Action-Adventure
s682,Movie,Forky Asks a Question: What is a Computer?,Bob Peterson,"Tony Hale, Kristen Schaal, James Brinkley, Bob Peterson",United States,13-12-19,2019,TV-G,6 min,"Animation, Comedy, Family",Trixie explains to Forky what a computer does as they experience the common stresses of technology.,Animation
s683,Movie,Wind,Edwin Chang,"Emilio Fuentes, Sonoko Konishi",United States,13-12-19,2019,G,9 min,"Animation, Family, Fantasy","Trapped deep down an endless chasm, a grandmother and boy seek to escape to a better life.",Animation
s684,Movie,Forky Asks a Question: What is Love?,Bob Peterson,"Tony Hale, Carl Reiner, Mel Brooks, Carol Burnett, Betty White, Kristen Schaal",United States,06-12-19,2019,TV-G,7 min,"Animation, Comedy, Family",Forky tries to understand the idea of love from some elder toys who think they’ve experienced it.,Animation
s685,TV Show,One Day at Disney (Shorts),Missing Director,Missing Cast,United States,06-12-19,2019,TV-PG,1 Season,"Anthology, Docuseries, Family",Meet the diverse group of people behind some of Disney’s most magical stories.,Anthology
s686,Movie,Marvel Studios' Thor: Ragnarok,Taika Waititi,"Chris Hemsworth, Tom Hiddleston, Cate Blanchett, Idris Elba, Jeff Goldblum, Tessa Thompson",United States,05-12-19,2017,PG-13,132 min,"Action-Adventure, Comedy, Fantasy",Thor races against time to ensure that Asgard does not fall into the Hela's ruthless hands.,Action-Adventure
s687,TV Show,Disney The Lion Guard,Missing Director,"Max Charles, Diamond White, Dusan Brown, Atticus Shaffer, Joshua Rush",United States,03-12-19,2015,TV-Y,3 Seasons,"Action-Adventure, Animation, Comedy",The Lion Guard has assembled and now they will DEFEND!,Action-Adventure
s688,Movie,One Day at Disney,Fritz Mitchell,Missing Cast,United States,03-12-19,2019,TV-PG,62 min,"Documentary, Family",Discover the inspiring personal stories of the people behind the enduring magic of Disney.,Documentary
s689,TV Show,Disney Star vs. the Forces of Evil,Missing Director,"Eden Sher, Adam McArthur",United States,01-12-19,2014,TV-Y7,4 Seasons,"Action-Adventure, Animation, Comedy",Star battles villains throughout the multiverse.,Action-Adventure
s690,Movie,Expedition Amelia,Chad Cohen,"Allison Janney, Bob Ballard, Fredrik Hiebert",United States,01-12-19,2019,TV-PG,94 min,"Action-Adventure, Documentary, Historical",Dr. Robert Ballard plans an expedition to solve the mystery of Amelia Earhart’s disappearance.,Action-Adventure
s691,Movie,Glory Road,James Gartner,"Josh Lucas, Derek Luke, Jon Voight, Austin Nichols, Evan Jones, Schin Kerr",United States,01-12-19,2006,PG,119 min,"Biographical, Drama, Sports",The story of the first all African-American college basketball team.,Biographical
s692,TV Show,Henry Hugglemonster,Missing Director,"Lara Miller, Tom Kenny, Chiara Zanni, Lori Alan, Hynden Walch, Kari Wahlgren","Ireland, United Kingdom, United States, South Korea, Canada",01-12-19,2012,TV-Y,2 Seasons,"Animation, Fantasy, Kids",Hugglemonsters always find a way!,Animation
s693,Movie,Incredible! The Story of Dr. Pol,Missing Director,"Ari Rubin, Dr. Pol",United States,01-12-19,2015,TV-14,44 min,"Animals & Nature, Biographical, Documentary",Dr. Pol shares his life story – from his wartime childhood to a love story fit for the movies.,Animals & Nature
s694,Movie,Marvel Rising: Chasing Ghosts,Missing Director,"Dee Baker, Chloe Bennet, Dove Cameron, Skai Jackson, Kathreen Khavari, Kamil McFadden",United States,01-12-19,2019,TV-Y7-FV,24 min,"Action-Adventure, Animation, Superhero",Ghost-Spider teams up with the Secret Warriors.,Action-Adventure
s695,Movie,Marvel Rising: Heart of Iron,Missing Director,"Dee Baker, Chloe Bennet, Dove Cameron, Robbie Daymond, Kathreen Khavari, Daisy Lightfoot",United States,01-12-19,2019,TV-Y7,46 min,"Action-Adventure, Animation, Coming of Age",Ironheart joins the Secret Warriors to defend Earth.,Action-Adventure
s696,TV Show,Miles From Tomorrowland,Missing Director,"Olivia Munn, Cullen McCarthy, Fiona Bishop, Dee Baker, Tom Kenny",United States,01-12-19,2014,TV-Y,2 Seasons,"Action-Adventure, Animation, Kids",Blastastic! Join Miles and his family in outer space!,Action-Adventure
s697,TV Show,Sheriff Callie's Wild West,Missing Director,"Mandy Moore, Lucas Grabeel","United States, South Korea, France",01-12-19,2011,TV-Y,2 Seasons,"Animation, Kids, Western",Come and see how the West was fun with Sheriff Callie!,Animation
s698,TV Show,Supercar Megabuild,Missing Director,Dom Joly,United States,01-12-19,2016,TV-PG,2 Seasons,"Buddy, Docuseries, Lifestyle",A team of top car mechanics create awesome supercar megabuilds.,Buddy
s699,Movie,The Incredible Dr. Pol: Blue Ribbon Kids,Missing Director,"Ari Rubin, Dr. Pol",United States,01-12-19,2016,TV-PG,42 min,"Animals & Nature, Documentary, Family",It’s a best-of-the-kids compilation episode with the world’s most famous veterinarian.,Animals & Nature
s700,Movie,Coco,Lee Unkrich,"Anthony Gonzalez, Gael Bernal, Benjamin Bratt, Alanna Ubach, Renée Victor, Jaime Camil",United States,29-11-19,2017,PG,105 min,"Animation, Family, Fantasy",Miguel journeys to the magical land of his ancestors.,Animation
s701,Movie,Coco (in Spanish),Lee Unkrich,"Anthony Gonzalez, Gael García Bernal, Benjamin Bratt, Alanna Ubach, Renée Victor, Jaime Camil",United States,29-11-19,2017,PG,105 min,"Animation, Family, Fantasy",Miguel journeys to the magical land of his ancestors.,Animation
s702,Movie,Forky Asks a Question: What is Time?,Bob Peterson,"Tony Hale, Wallace Shawn, Alan Oppenheimer, Bob Peterson",United States,29-11-19,2019,TV-G,6 min,"Animation, Comedy, Family",Rex uses the age of dinosaurs as an example to give Forky an understanding of the concept of time.,Animation
s703,Movie,The Wonderful World of Disney Presents The Little Mermaid Live!,Hamish Hamilton,"Auli'i Cravalho, Queen Latifah, Shaggy , John Stamos, Graham Phillips, Amber Riley",United States,27-11-19,2019,TV-PG,84 min,"Concert Film, Family, Fantasy",Live musical performances by a star-studded cast are interwoven into the original feature film.,Concert Film
s704,Movie,Forky Asks a Question: What is Art?,Bob Peterson,"Tony Hale, Robin Downes, Bob Peterson",United States,22-11-19,2019,TV-G,7 min,"Animation, Comedy, Family",Mr. Pricklepants tells Forky about the complexities of being an actor and the art of performance.,Animation
s705,TV Show,Mickey Mouse Roadster Racers,Missing Director,"Bret Iwan, Russi Taylor, Bill Farmer, Daniel Ross, Tress MacNeille",United States,20-11-19,2017,TV-Y,2 Seasons,"Animation, Kids, Sports",The Sensational Six race roadsters around the world!,Animation
s706,Movie,"Happy Birthday, Mickey!",Missing Director,Missing Cast,United States,18-11-19,2019,TV-G,2 min,"Animation, Comedy, Dance","Celebrating Mickey, the world’s most beloved character.",Animation
s707,Movie,Forky Asks a Question: What is a Friend?,Bob Peterson,"Tony Hale, John Ratzenberger, Bob Peterson",United States,15-11-19,2019,TV-G,6 min,"Animation, Comedy, Family",Forky shares his thoughts on what makes a good friend based on his limited exposure to the world.,Animation
s708,Movie,10 Things I Hate About You,Gil Junger,"Heath Ledger, Julia Stiles, Joseph Gordon-Levitt, Larisa Oleynik, David Krumholtz, Andrew Keegan",United States,12-11-19,1999,PG-13,98 min,"Comedy, Coming of Age, Romance","Cameron falls for the girl of his dreams, but she is forbidden to date.",Comedy
s709,Movie,101 Dalmatians,"Wolfgang Reitherman, Hamilton Luske, Clyde Geronimi","Rod Taylor, J. Pat O'Malley, Betty Gerson, Cate Bauer, Ben Wright, Fred Worlock",United States,12-11-19,1961,G,81 min,"Action-Adventure, Animation, Family",Cruella De Vil dognaps all of the Dalmatian puppies in London.,Action-Adventure
s710,Movie,101 Dalmatians II: Patch's London Adventure,"Jim Kammerud, Brian Smith","Barry Bostwick, Jason Alexander, Martin Short, Bobby Lockwood, Susanne Blakeslee, Samuel West",United States,12-11-19,2003,G,77 min,"Action-Adventure, Animation",Pongo and Perdita's pup Patch gets the chance to meet his TV hero.,Action-Adventure
s711,Movie,102 Dalmatians,Kevin Lima,"Glenn Close, Ioan Gruffudd, Alice Evans, Tim McInnerny, Ian Richardson, Gérard Depardieu","United States, United Kingdom",12-11-19,2000,G,104 min,"Action-Adventure, Animals & Nature, Family","Oddball, the spotless Dalmatian puppy, heads out in search of his spots.",Action-Adventure
s712,Movie,12 Dates of Christmas,James Hayman,"Amy Smart, Mark-Paul Gosselaar, Peter MacNeil, Mary Long, Jayne Eastwood, Laura Miyata",United States,12-11-19,2011,TV-PG,88 min,"Comedy, Family, Fantasy","Setup on a Christmas Eve date, a woman must relive the date over and over.",Comedy
s713,Movie,"20,000 Leagues Under the Sea",Richard Fleischer,"Kirk Douglas, James Mason, Paul Lukas, Peter Lorre, Robert Wilke, Ted de Corsia",United States,12-11-19,1954,G,127 min,"Action-Adventure, Family, Science Fiction",Climb aboard the Nautilus and into an undersea world of adventure! See details for advisory.,Action-Adventure
s714,Movie,A Bug's Life,John Lasseter,"Dave Foley, Kevin Spacey, Julia Louis-Dreyfus, Hayden Panettiere, Phyllis Diller, Richard Kind",United States,12-11-19,1998,G,98 min,"Animation, Comedy, Family",Flik goes in search of warriors to help battle the villainous grasshoppers.,Animation
s715,Movie,A Goofy Movie,Kevin Lima,"Bill Farmer, Jason Marsden, Jim Cummings, Kellie Martin, Rob Paulsen, Wallace Shawn","United States, Australia, France, Canada",12-11-19,1995,G,81 min,"Action-Adventure, Animation, Comedy",Goofy and Max hit the road and get up to their floppy ears in misadventure.,Action-Adventure
s716,Movie,A Kid in King Arthur's Court,Michael Gottlieb,"Thomas Nicholas, Joss Ackland, Art Malik, Paloma Baeza, Kate Winslet, Daniel Craig","United States, Hungary, United Kingdom",12-11-19,1995,PG,90 min,"Action-Adventure, Comedy, Coming of Age",A mysterious earthquake sends a teenage boy back into medieval times.,Action-Adventure
s717,Movie,A Knight for a Day,Jack Hannah,Missing Cast,United States,12-11-19,1946,TV-G,7 min,"Animation, Comedy, Family","Goofy jousts for the hand of Penelope, as well as the championship. See details for advisory.",Animation
s718,Movie,A Ring of Endless Light,Greg Beeman,"Mischa Barton, Ryan Merriman, Jared Padalecki, Scarlett Pomers, Soren Fulton, Chris Kirby",United States,12-11-19,2002,TV-G,88 min,"Coming of Age, Drama, Romance",Teenager Vicky Austin discovers that she can communicate with dolphins.,Coming of Age
s719,Movie,Aladdin (1992),"Ron Clements, John Musker","Scott Weinger, Robin Williams, Linda Larkin, Jonathan Freeman, Frank Welker, Gilbert Gottfried",United States,12-11-19,1992,G,94 min,"Action-Adventure, Animation, Family","Aladdin, Princess Jasmine and Genie join forces to stop evil Jafar.",Action-Adventure
s720,Movie,Aladdin and the King of Thieves,Tad Stones,"Val Bettin, Jim Cummings, Gilbert Gottfried, Linda Larkin, Jerry Orbach, John Rhys-Davies",United States,12-11-19,1996,G,86 min,"Action-Adventure, Animation, Family",Aladdin and Jasmine plan their wedding…but will the Forty Thieves ruin it?,Action-Adventure
s721,Movie,Aladdin: The Return of Jafar,"Toby Shelton, Tad Stones, Alan Zaslove","Jason Alexander, Jeff Bennett, Val Bettin, Liz Callaway, Dan Castellaneta, Jim Cummings",United States,12-11-19,1994,G,71 min,"Action-Adventure, Animation, Family",Aladdin and his friends defend Agrabah from Jafar's malice.,Action-Adventure
s722,Movie,Alice in Wonderland,"Clyde Geronimi, Hamilton Luske, Wilfred Jackson","Ed Wynn, Richard Haydn, Sterling Holloway, Jerry Colonna, Verna Felton, Pat O'Malley",United States,12-11-19,1951,G,79 min,"Action-Adventure, Animation, Family",Join Alice as she chases the White Rabbit into a topsy-turvy world.,Action-Adventure
s723,Movie,Aliens of the Deep,"James Cameron, Steven Quale","Dr. Anatoly Sagalevitch, Genya Chernaiev, Victor Nischeta, Dr. Pamela Conrad, Dr. Arthur Lane, Dr. Jim Childress",United States,12-11-19,2005,G,100 min,"Action-Adventure, Animals & Nature, Documentary",James Cameron teams up with NASA scientists to explore undersea life.,Action-Adventure
s724,Movie,Alley Cats Strike!,Rod Daniel,"Kyle Schmid, Robert Ri'chard, Kaley Cuoco, Mimi Paley, Joey Wilcots, Philip Williams","United States, Canada",12-11-19,2000,TV-G,87 min,"Coming of Age, Drama, Sports",Four outcast teens with a love of bowling are thrust into the spotlight.,Coming of Age
s725,Movie,Almost Angels,Steve Previn,"Vincent Winter, Sean Scully, Peter Weck, Hans Holt, Bruni Löbel, Fritz Eckhardt",United States,12-11-19,1962,TV-PG,90 min,"Coming of Age, Drama, Family",A working-class youth tries to fit in when with the famed Vienna Boys' Choir.,Coming of Age
s726,Movie,America's Heart & Soul,Louie Schwartzberg,"George Woodard, Charles Jimmie Sr., The Brothers, Frank Pino, Dave Pino, John Yacobellis",United States,12-11-19,2004,PG,88 min,"Documentary, Family",Journey across the U.S. to meet ordinary people living extraordinary lives.,Documentary
s727,Movie,Amy,Vincent McEveety,"Jenny Agutter, Barry Newman, Kathleen Nolan, Chris Robinson, Lou Fant, Margaret O'Brien",United States,12-11-19,1981,G,100 min,"Drama, Family",A young woman takes a job as a teacher in a backwoods school for the deaf.,Drama
s728,Movie,An Extremely Goofy Movie,Douglas McCarthy,"Bill Farmer, Jason Marsden, Jeff Bennett, Jim Cummings, Brad Garrett, Vicki Lewis","United States, Australia",12-11-19,2000,G,81 min,"Animation, Comedy, Family",Goofy shows up to finish college alongside his son Max.,Animation
s729,TV Show,Andi Mack,Missing Director,"Peyton Lee, Joshua Rush, Sofia Wylie, Asher Angel, Lilan Bowden, Lauren Tom",United States,12-11-19,2016,TV-G,3 Seasons,"Comedy, Coming of Age, Drama","Andi's life is shaken by her sister, Bex's, surprise.",Comedy
s730,Movie,Annie,Rob Marshall,"Kathy Bates, Alan Cumming, Audra McDonald, Kristin Chenoweth, Victor Garber, Vic Polizos",United States,12-11-19,1999,TV-PG,91 min,"Drama, Family, Musical",Annie escapes a “hard-knock life” and finds a bighearted billionaire.,Drama
s731,Movie,Apollo: Missions To The Moon,Tom Jennings,"Neil Armstrong, Buzz Aldrin",United States,12-11-19,2019,TV-PG,95 min,"Documentary, Family, Historical","With rare archival footage, this film sheds new light on an incredible time in human history.",Documentary
s732,Movie,Atlantis Rising,Simcha Jacobovici,"Georgeos Diaz-Montexano, Peter Vincenti, Richard Freund, Simcha Jacobovici, Charles Pellegrino, Félix Rodrigues",Canada,12-11-19,2017,TV-PG,94 min,"Documentary, Historical",Filmmakers go in search of Atlantis using Plato's writings as a guide to lead the way.,Documentary
s733,Movie,Atlantis: Milo's Return,"Tad Stones, Toby Shelton, Victor Cook","James Taylor, Cree Summer, John Mahoney, Jacqueline Obradors, Don Novello, Corey Burton",United States,12-11-19,2003,G,83 min,"Action-Adventure, Animation, Family",Explorers emerge from below the sea to solve threatening mysteries above.,Action-Adventure
s734,Movie,Atlantis: The Lost Empire,"Gary Trousdale, Kirk Wise","Michael Fox, James Garner, Cree Summer, Don Novello, Phil Morris, Claudia Christian",United States,12-11-19,2001,PG,98 min,"Action-Adventure, Animation, Family",Brave explorers venture under the sea seeking legendary Atlantis.,Action-Adventure
s735,Movie,Auntie Edna,Ted Mathot,"Brad Bird, Eli Fucile, Maeve Andrews, Nick Bird, Noelle Zuber, Craig Nelson",United States,12-11-19,2018,TV-G,7 min,"Animation, Comedy, Family",Has famous fashionista Edna Mode met her match in Jack-Jack?,Animation
s736,Movie,Avatar,James Cameron,"Sam Worthington, Zoë Saldana, Sigourney Weaver, Stephen Lang, Michelle Rodriguez, Giovanni Ribisi",United States,12-11-19,2009,PG-13,162 min,"Action-Adventure, Science Fiction",A man embarks on an adventure to an exotic world that he learns to call home & fights to protect.,Action-Adventure
s737,Movie,Babes in the Woods,Burt Gillett,Missing Cast,United States,12-11-19,1932,TV-Y7,8 min,"Animation, Family, Fantasy",Two children wander the forest and get lured into a witch's house. See details for advisory.,Animation
s738,Movie,Babes in Toyland,Jack Donohue,"Ray Bolger, Tommy Sands, Annette Funicello, Ed Wynn, Tommy Kirk, Kevin Corcoran",United States,12-11-19,1961,TV-PG,106 min,"Family, Fantasy, Musical",Villainous Barnaby tries to spoil Tom Piper and Mary Contrary's wedding.,Family
s739,Movie,Bambi,David Hand,Missing Cast,United States,12-11-19,1942,G,72 min,"Animation, Drama, Family",Bambi sets off with his best friends to explore the wonders of the woods.,Animation
s740,Movie,Bambi II,Brian Pimental,"Patrick Stewart, Alexander Gould, Keith Ferguson, Brendon Baerg, Nicky Jones, Andrea Bowen",United States,12-11-19,2006,G,75 min,"Animation, Drama, Kids","Bambi reunites with his father, The Great Prince.",Animation
s741,Movie,Bao,Domee Shi,Missing Cast,"United States, Canada",12-11-19,2018,G,8 min,"Animation, Family, Fantasy",A Chinese mom’s life changes when her dumpling comes alive.,Animation
s742,Movie,Beach Picnic,Clyde Geronimi,Missing Cast,United States,12-11-19,1939,TV-G,9 min,"Animation, Comedy, Family",Donald Duck and Pluto are at the beach. See details for advisory.,Animation
s743,Movie,Bearly Asleep,Jack Hannah,Missing Cast,United States,12-11-19,1955,TV-PG,7 min,"Animation, Comedy, Family",Donald Duck is a ranger and puts the bears to sleep for the winter. See details for advisory.,Animation
s744,Movie,Beauty and the Beast: Belle's Magical World,Bob Kline,"Robby Benson, Paige O'Hara, David Stiers, Jerry Orbach, Jeff Bennett, Jim Cummings",United States,12-11-19,1998,G,71 min,"Animation, Anthology, Fantasy","In three short stories, see Belle make a gloomy castle fit for a princess.",Animation
s745,Movie,Beauty and the Beast: The Enchanted Christmas,Andy Knight,"Paige O'Hara, Robby Benson, Jerry Orbach, David Stiers, Bernadette Peters, Tim Curry","Canada, United States",12-11-19,1997,G,73 min,"Animation, Family, Fantasy",Former composer Forte threatens to keep Belle and Beast apart forever.,Animation
s746,Movie,Beezy Bear,Jack Hannah,Missing Cast,United States,12-11-19,1955,TV-G,7 min,"Animation, Comedy, Family",Donald tries to catch the bear that is stealing his honey. See details for advisory.,Animation
s747,Movie,Before the Flood,Fisher Stevens,"Leonardo DiCaprio, John Kerry, Barack Obama, Bill Clinton",United States,12-11-19,2016,TV-14,96 min,Documentary,Leonardo DiCaprio searches for answers on the issue of climate change.,Documentary
s748,Movie,Benji the Hunted,Joe Camp,"Red Steagall, Frank Inn, Nancy Francis, Mike Francis, Joe Camp, Steve Zanolini",United States,12-11-19,1987,G,89 min,"Action-Adventure, Animals & Nature, Family",Benji must navigate the wilderness while caring for orphaned cougar cubs.,Action-Adventure
s749,TV Show,Best Friends Whenever,Missing Director,"Lauren Taylor, Shelby Bender, Gus Kamp, Ricky Garcia, Benjamin Royer, Matthew Royer",United States,12-11-19,2015,TV-G,2 Seasons,"Buddy, Comedy, Coming of Age",Best friends gain the ability to travel through time!,Buddy
s750,TV Show,Big City Greens (Shorts),Missing Director,Missing Cast,United States,12-11-19,2017,TV-Y7,1 Season,"Action-Adventure, Animation, Comedy",Head to the big city with the Green family!,Action-Adventure
s751,Movie,Big Hero 6,"Don Hall, Chris Williams","Scott Adsit, Ryan Potter, Daniel Henney, T. J. Miller, Jamie Chung, Damon Wayans Jr.",United States,12-11-19,2014,PG,105 min,"Action-Adventure, Animation, Family",A boy genius and his robot team up to save their city.,Action-Adventure
s752,TV Show,Big Hero 6 The Series (Shorts),Missing Director,Missing Cast,United States,12-11-19,2017,TV-Y7,2 Seasons,"Action-Adventure, Animation, Comedy",The team introduces Baymax to everyday activities.,Action-Adventure
s753,Movie,Bizarre Dinosaurs,Jenny Kubo,Peter Cullen,United States,12-11-19,2009,TV-PG,46 min,"Animals & Nature, Documentary, Family","Which dinosaurs were the strangest of the strange, and how did they get that way?",Animals & Nature
s754,Movie,Blank Check,Rupert Wainwright,"Brian Bonsall, Karen Duffy, Miguel Ferrer, James Rebhorn, Tone Lōc, Jayne Atkinson",United States,12-11-19,1994,PG,94 min,"Comedy, Family","An 11-year-old cashes a blank check for a million bucks, with wild results.",Comedy
s755,Movie,Boat Builders,Ben Sharpsteen,Missing Cast,United States,12-11-19,1938,TV-G,8 min,"Animation, Comedy, Family",Mickey and friends build a boat but it falls apart when christened. See details for advisory.,Animation
s756,Movie,Bolt,"Chris Williams, Byron Howard","John Travolta, Miley Cyrus, Susie Essman, Mark Walton, Malcolm McDowell, James Lipton",United States,12-11-19,2008,PG,98 min,"Action-Adventure, Animation, Comedy",Hollywood's smallest star embarks on a paws-itively awesome adventure!,Action-Adventure
s757,Movie,Bone Bandit,Charles Nichols,Missing Cast,United States,12-11-19,1948,TV-G,7 min,"Animation, Comedy, Family",Pluto's efforts to dig up a bone are frustrated by his allergy. See details for advisory.,Animation
s758,TV Show,Bonkers,Missing Director,"Charlie Adler, Corey Burton, Jesse Corti, Jim Cummings, Frank Welker, Gregg Berger","United States, Hong Kong, South Korea, France, Canada, China, United Kingdom, Australia, Japan, Taiwan, Philippines",12-11-19,1993,TV-G,1 Season,"Animation, Comedy, Kids",A washed-up cartoon star begins a new life as the first toon cop in Hollywood.,Animation
s759,Movie,Boundin',Bud Luckey,Bud Luckey,United States,12-11-19,2004,G,6 min,"Animation, Family, Kids",The musical story of a dancing sheep.,Animation
s760,TV Show,Boy Meets World,Missing Director,"Ben Savage, William Daniels, Betsy Randle, Will Friedle, Rider Strong, Lee Norris",United States,12-11-19,1993,TV-PG,7 Seasons,"Comedy, Coming of Age, Family","Adolescent Cory Matthews grows up, and faces problems with friends, family, and school.",Comedy
s761,Movie,Brave,"Mark Andrews, Brenda Chapman","Kelly Macdonald, Billy Connolly, Emma Thompson, Julie Walters, Robbie Coltrane, Kevin McKidd","United States, United Kingdom",12-11-19,2012,PG,94 min,"Animation, Coming of Age, Family",Princess Merida must undo a beastly curse before it’s too late.,Animation
s762,Movie,Brave Little Toaster to the Rescue,Robert Ramirez,"Deanna Oliver, Tim Stack, Jon Lovitz, Thurl Ravenscroft, Phil Hartman, Jay Mohr",United States,12-11-19,1999,TV-G,75 min,"Action-Adventure, Animation",The gang tries to save their animal pals from being sent to a testing lab.,Action-Adventure
s763,Movie,Breaking2,Martin Roe,"Lelisa Desisa, Eliud Kipchoge, Zersenay Tadese",United States,12-11-19,2017,TV-PG,55 min,"Documentary, Sports",Three of the world’s most elite distance runners set out to break the 2-hour marathon barrier.,Documentary
s764,Movie,Brink!,Greg Beeman,"Erik von Detten, Sam Horrigan, Christina Vidal, Robin Riker, Geoffrey Blake, Patrick Levis",United States,12-11-19,1998,TV-G,90 min,"Coming of Age, Drama, Sports",An in-line skater quits his crew to join a corporate-sponsored team.,Coming of Age
s765,Movie,Brother Bear,"Aaron Blaise, Robert Walker","Joaquin Phoenix, Jeremy Suarez, Jason Raize, Rick Moranis, Dave Thomas, D.B. Sweeney",United States,12-11-19,2003,G,90 min,"Action-Adventure, Animation, Family",A boy transformed into a bear makes an epic journey to become human again.,Action-Adventure
s766,Movie,Brother Bear 2,Benjamin Gluck,"Patrick Dempsey, Mandy Moore, Jeremy Suarez, Rick Moranis, Dave Thomas, Andrea Martin",United States,12-11-19,2006,G,78 min,"Action-Adventure, Animation, Family",Bear Kenai is haunted by dreams of his previous life as a human child.,Action-Adventure
s767,Movie,Buffalo Dreams,David Jackson,"Reiley McClendon, Simon Baker, Graham Greene, Tessa Vonn, Max van Ville, Chris Hunter",United States,12-11-19,2005,TV-G,90 min,"Buddy, Coming of Age, Drama",Two teenagers are sent on a vision quest by a Navajo elder.,Buddy
s768,TV Show,Bug Juice: My Adventures at Camp,Missing Director,Missing Cast,United States,12-11-19,2017,TV-G,1 Season,"Coming of Age, Docuseries, Family",Camp Waziyatah opens its doors for a fun summer.,Coming of Age
s769,Movie,BURN-E,Angus MacLane,"Angus MacLane, Tessa Swigart",United States,12-11-19,2008,TV-G,8 min,"Animation, Comedy, Family",BURN-E the welding bot is locked out of the star liner.,Animation
s770,Movie,Cadet Kelly,Larry Shaw,"Hilary Duff, Christy Romano, Shawn Ashmore, Aimee Garcia, Linda Kash, Nigel Hamer","United States, Canada",12-11-19,2002,TV-G,100 min,"Comedy, Coming of Age",An artsy teen goes from fab to drab after enrolling in a military academy.,Comedy
s771,Movie,Camp Nowhere,Jonathan Prince,"Christopher Lloyd, Jonathan Jackson, Wendy Makkena, Tom Wilson, Andrew Keegan, Marne Patterson",United States,12-11-19,1994,PG,96 min,"Comedy, Coming of Age, Family",An actor and some teenagers create the summer camp of their dreams.,Comedy
s772,Movie,Camp Rock,Matthew Diamond,"Demi Lovato, Joe Jonas, Meaghan Martin, Maria Canals-Barrera, Alyson Stoner, Julie Brown",United States,12-11-19,2008,TV-G,96 min,"Coming of Age, Music, Musical",Mitchie gets the chance to spend a summer at a prestigious music camp.,Coming of Age
s773,Movie,Camp Rock 2: The Final Jam,Paul Hoen,"Demi Lovato, Joe Jonas, Nick Jonas, Kevin Jonas, Daniel Fathers, Daniel Kash",United States,12-11-19,2010,TV-G,101 min,"Coming of Age, Music, Musical","To save Camp Rock, Mitchie challenges Camp Star to a final jam.",Coming of Age
s774,Movie,Can of Worms,Paul Schneider,"Michael Shulman, Erika Christensen, Adam Wylie, Andrew Ducote, Lee Garlington, Brighton Hertford","United States, Canada",12-11-19,1999,TV-PG,84 min,"Comedy, Coming of Age, Science Fiction",Aliens invade when a teen asks for intergalactic help to escape Earth.,Comedy
s775,Movie,Candleshoe,Norman Tokar,"David Niven, Helen Hayes, Jodie Foster, Leo McKern, Vivian Pickles, Veronica Quilligan","United Kingdom, United States",12-11-19,1978,G,101 min,"Comedy, Coming of Age, Crime",A tomboy cons a nobleman to find a treasure trove of Spanish doubloons.,Comedy
s776,Movie,Canine Caddy,Clyde Geronimi,Missing Cast,United States,12-11-19,1941,TV-G,8 min,"Animation, Comedy, Family",Pluto caddies for Mickey on the golf course. See details for advisory.,Animation
s777,Movie,Cars,John Lasseter,"Owen Wilson, Paul Newman, Bonnie Hunt, Larry the Cable Guy , Cheech Marin, Tony Shalhoub",United States,12-11-19,2006,G,117 min,"Animation, Comedy, Family",Race car Lightning McQueen gets stranded in a small town on Route 66.,Animation
s778,Movie,Cars 2,John Lasseter,"Owen Wilson, Larry the Cable Guy , Michael Caine, Emily Mortimer, John Turturro, Eddie Izzard",United States,12-11-19,2011,G,107 min,"Animation, Comedy, Family",Lightning McQueen and Mater go overseas to compete in the World Grand Prix.,Animation
s779,Movie,Cars 3,Brian Fee,"Owen Wilson, Cristela Alonzo, Chris Cooper, Nathan Fillion, Larry the Cable Guy , Armie Hammer",United States,12-11-19,2017,G,103 min,"Animation, Comedy, Family",Lightning McQueen must face a new generation of racers.,Animation
s780,Movie,Cars Toon: Air Mater,Rob Gibbs,"Larry the Cable Guy , Keith Ferguson, Stacey Keach, Jonathan Adams, Jan Rabson, Lori Alan",United States,12-11-19,2011,TV-G,5 min,"Animation, Comedy, Family",Mater’s decision to fly lands him at a big airshow.,Animation
s781,Movie,Cars Toon: Heavy Metal Mater,John Lasseter,"Larry the Cable Guy , Keith Ferguson",United States,12-11-19,2010,TV-G,5 min,"Animation, Comedy, Family",Mater is a rock star in a heavy metal band.,Animation
s782,Movie,Cars Toon: Hiccups,Jeremy Lasky,"Keith Ferguson, Larry the Cable Guy , Michael Wallis, Tony Shalhoub, Lloyd Sherr, Bonnie Hunt",United States,12-11-19,2013,TV-G,3 min,"Animation, Comedy, Family",Lighting McQueen gets the hiccups.,Animation
s783,Movie,Cars Toon: Mater Private Eye,Rob Gibbs,"Larry the Cable Guy , Keith Ferguson",United States,12-11-19,2010,TV-Y7,6 min,"Animation, Comedy, Family",Mater searches for clues on a major crime scene.,Animation
s784,Movie,Cars Toon: Mater the Greater,John Lasseter,"Larry the Cable Guy , Keith Ferguson",United States,12-11-19,2008,TV-Y7,5 min,"Animation, Comedy, Family",Mater the Greater is a famous daredevil.,Animation
s785,Movie,Cars Toon: Monster Truck Mater,John Lasseter,"Larry the Cable Guy , Keith Ferguson",United States,12-11-19,2010,TV-Y7,6 min,"Animation, Comedy, Family",Mater is a monster truck wrestler.,Animation
s786,Movie,Cars Toon: The Radiator Springs 500 1/2,"Rob Gibbs, Scott Morse","Owen Wilson, Larry the Cable Guy , Steve Purcell, Jess Harnell, John Cygan,  Danny  Mann",United States,12-11-19,2014,TV-Y7,6 min,"Animation, Comedy, Family",Baja racers descend on Radiator Springs.,Animation
s787,Movie,Casebusters,Wes Craven,"Pat Hingle, Noah Hathaway, Virginya Keehne, Gary Riley, Ebbe Smith, Sharon Barr",United States,12-11-19,1986,TV-PG,46 min,"Drama, Family, Mystery",Sibling sleuths investigate a crime that threatens their family business.,Drama
s788,Movie,Cheetah,Jeff Blyth,"Keith Coogan, Lucy Deakins, Timothy Landfield, Breon Gorman, Collin Mothupi, Ka Vundla",United States,12-11-19,1989,G,84 min,"Action-Adventure, Animals & Nature, Family",American teens traverse the African desert to rescue their adopted cheetah.,Action-Adventure
s789,Movie,Chef Donald,Jack King,Missing Cast,United States,12-11-19,1941,TV-G,8 min,"Animation, Comedy, Family",Donald is inspired by a radio program to make waffles. See details for advisory.,Animation
s790,Movie,Chicken Little,Mark Dindal,"Zach Braff, Garry Marshall, Don Knotts, Patrick Stewart, Amy Sedaris, Steve Zahn",United States,12-11-19,2005,G,84 min,"Animation, Comedy, Disaster","When disaster strikes, Chicken Little hatches a plan to save the day.",Animation
s791,TV Show,Chip 'n Dale's Rescue Rangers,Missing Director,"Corey Burton, Peter Cullen, Jim Cummings, Tress MacNeille","United States, Taiwan, South Korea, China, Japan, United Kingdom",12-11-19,1989,TV-G,1 Season,"Action-Adventure, Animation, Comedy",Chip and Dale head a small group of animal characters who monitor the human and animal communities.,Action-Adventure
s792,Movie,Chip an' Dale,Jack Hannah,Missing Cast,United States,12-11-19,1947,TV-G,7 min,"Animation, Comedy, Family",Chip and Dale have to save their home from Donald Duck. See details for advisory.,Animation
s793,Movie,Cinderella,"Wilfred Jackson, Hamilton Luske, Clyde Geronimi","Ilene Woods, Eleanor Audley, Verna Felton, Rhoda Williams, James MacDonald, Luis Van Rooten",United States,12-11-19,1950,G,77 min,"Animation, Family, Fantasy",Cinderella's enchanted evening must end when a spell is broken at midnight.,Animation
s794,Movie,Cinderella II: Dreams Come True,John Kafka,"Jennifer Hale, Rob Paulsen, Corey Burton, Andre Stojka, Russi Taylor, Susanne Blakeslee",United States,12-11-19,2002,G,77 min,"Animation, Fantasy, Kids","Three royal tales, featuring Cinderella and her life in the palace.",Animation
s795,Movie,Cinderella III: A Twist in Time,Frank Nissen,"Jennifer Hale, C.D. Barnes, Susanne Blakeslee, Tress MacNeille, Russi Taylor, Andre Stojka",United States,12-11-19,2007,G,79 min,"Animation, Fantasy, Kids",Cinderella's stepmother steals a magic wand and turns back time.,Animation
s796,Movie,Clock Cleaners,Ben Sharpsteen,Missing Cast,United States,12-11-19,1937,TV-G,9 min,"Animation, Comedy, Family","Mickey, Donald and Goofy are trying to clean the clock of a tower. See details for advisory.",Animation
s797,Movie,Cloud 9,Paul Hoen,"Luke Benward, Dove Cameron, Mike Manning, Kiersey Clemons, Amy Farrington, Patrick Fabian",United States,12-11-19,2014,TV-G,89 min,Sports,Two unlikely friends must overcome self-doubt to achieve their dreams.,Sports
s798,Movie,College Road Trip,Roger Kumble,"Martin Lawrence, Raven-Symoné , Donny Osmond, Brenda Song, Will Sasso, Eshaya Draper",United States,12-11-19,2008,G,84 min,"Comedy, Coming of Age, Family",An overprotective dad joins his daughter in search of the perfect college.,Comedy
s799,Movie,Confessions of a Teenage Drama Queen,Sara Sugarman,"Lindsay Lohan, Adam Garcia, Glenne Headly, Alison Pill, Eli Marienthal, Megan Fox","Germany, United States",12-11-19,2004,PG,91 min,"Comedy, Coming of Age",A dramatic teen moves…and finds her new school already has a drama queen.,Comedy
s800,TV Show,Coop & Cami Ask The World (Shorts),Missing Director,Missing Cast,United States,12-11-19,2018,TV-G,1 Season,"Comedy, Family, Game Show / Competition","Cooper and Cami Wrather co-host ""Would You Wrather.""",Comedy
s801,Movie,Corn Chips,Jack Hannah,Missing Cast,United States,12-11-19,1951,TV-G,7 min,"Animation, Comedy, Family","Donald tricks Chip 'n Dale into shoveling snow, but the tables turn. See details for advisory.",Animation
s802,Movie,Cow Belles,Francine McDougall,"Amanda Michalka, Alyson Michalka, Sheila McCarthy, Michael Trevino, Christian Serratos, Ron Gabriel",United States,12-11-19,2006,TV-G,91 min,"Comedy, Coming of Age",Two ultra-spoiled sisters are put to work in their father's dairy.,Comedy
s803,TV Show,Crash & Bernstein,Missing Director,"Cole Jensen, Tim Lagasse, Landry Bender, Oana Gregory, Aaron Landon",United States,12-11-19,2012,TV-Y7,2 Seasons,"Comedy, Fantasy, Kids","The only boy in a family, Wyatt creates a puppet brother.",Comedy
s804,Movie,Dadnapped,Paul Hoen,"Emily Osment, David Henrie, Jason Earles, Jonathan Keltz, Moises Arias, Denzel Whitaker",United States,12-11-19,2009,TV-G,85 min,"Comedy, Mystery",Melissa Morris is due for adventure when her novelist father goes missing.,Comedy
s805,Movie,Darby O'Gill and the Little People,Robert Stevenson,"Albert Sharpe, Janet Munro, Sean Connery, Jimmy O'Dea, Kieron Moore, Estelle Winwood",United States,12-11-19,1959,G,91 min,"Family, Fantasy, Romance","Seeking a pot of gold, Darby O'Gill must match wits with a leprechaun. See details for advisory.",Family
s806,TV Show,Darkwing Duck,Missing Director,"Jim Cummings, Christine Cavanaugh, Terry McGovern, Frank Welker",United States,12-11-19,1991,TV-Y7,2 Seasons,"Action-Adventure, Animation, Kids","Darkwing Duck tells the adventures of the superhero, aided by his sidekick Launchpad McQuack.",Action-Adventure
s807,Movie,Davy Crockett and the River Pirates,Norman Foster,"Fess Parker, Buddy Ebsen, Jeff York, Kenneth Tobey, Clem Bevans, Irvin Ashkenazy",United States,12-11-19,1956,G,81 min,"Action-Adventure, Family, Historical",Davy Crockett encounters pirates en route to New Orleans. See details for advisory.,Action-Adventure
s808,Movie,"Davy Crockett, King of the Wild Frontier",Norman Foster,"Fess Parker, Buddy Ebsen, Basil Ruysdael, Hans Conried, Pat Hogan, Ken Tobey",United States,12-11-19,1955,PG,93 min,"Action-Adventure, Family, Historical","Share Davy Crockett's legend, from the frontier to Congress to the Alamo. See details for advisory.",Action-Adventure
s809,Movie,Day & Night,Teddy Newton,Missing Cast,United States,12-11-19,2010,G,8 min,"Animation, Comedy, Family","When Day and Night meet each other, sparks fly!",Animation
s810,Movie,Decorating Disney: Holiday Magic,Missing Director,"Whoopi Goldberg, Sofia Carson, Jordan Fisher",United States,12-11-19,2017,TV-PG,42 min,"Documentary, Family, Reality",Disney Parks become the Merriest Places on Earth.,Documentary
s811,Movie,Deep Blue,"Alastair Fothergill, Andy Byatt",Pierce Brosnan,"United Kingdom, Germany",12-11-19,2005,G,91 min,"Animals & Nature, Documentary, Family",Join an epic underwater exploration into the secret lives of sea creatures.,Animals & Nature
s812,Movie,Descendants 2,Kenny Ortega,"Dove Cameron, Cameron Boyce, Sofia Carson, Booboo Stewart, Mitchell Hope, Brenna D'Amico",United States,12-11-19,2017,TV-G,114 min,"Coming of Age, Fantasy, Musical","Mal returns to the Isle of the Lost and confronts Uma, Ursula's daughter.",Coming of Age
s813,Movie,Diary Of A Wimpy Kid,Thor Freudenthal,"Zachary Gordon, Robert Capron, Rachel Harris, Steve Zahn, Connor Fielding, Owen Fielding","United States, United Kingdom",12-11-19,2010,PG,93 min,"Comedy, Family","Greg faces the scariest, most humiliating experience of any kid’s life: middle school.",Comedy
s814,Movie,Dinosaur,"Ralph Zondag, Eric Leighton","D.B. Sweeney, Alfre Woodard, Ossie Davis, Max Casella, Hayden Panettiere, Samuel Wright",United States,12-11-19,2000,PG,84 min,"Action-Adventure, Animation, Family",An orphaned dinosaur joins others after a meteor destroys his home.,Action-Adventure
s815,Movie,Disney Adventures in Babysitting,John Schultz,"Sabrina Carpenter, Sofia Carson, Nikki Hahn, Mallory Mahoney, Max Gecowets, Jet Jurgensmeyer",United States,12-11-19,2016,TV-G,95 min,"Action-Adventure, Comedy, Coming of Age",Rival babysitters join forces to search the city for a kid who’s snuck out.,Action-Adventure
s816,Movie,Disney Avalon High,Stuart Gillard,"Britt Robertson, Gregg Sulkin, Joey Pollari, Devon Graye, Molly Quinn, Don Lake",United States,12-11-19,2010,TV-G,91 min,"Coming of Age, Fantasy",Allie is convinced that her new high school is a contemporary Camelot.,Coming of Age
s817,Movie,Disney Bad Hair Day,Érik Canuel,"Laura Marano, Leigh-Allyn Baker, Christian Campbell, Alain Goulem, Christian Paul, Kiana Madeira",Canada,12-11-19,2015,TV-G,93 min,"Buddy, Comedy, Coming of Age",Monica's prom day starts with bad hair…but ends with a great adventure.,Buddy
s818,TV Show,Disney Bizaardvark,Missing Director,"Madison Hu, Olivia Rodrigo, Jake Paul, DeVore Ledridge, Ethan Wacker",United States,12-11-19,2015,TV-PG,3 Seasons,"Buddy, Comedy, Family",Paige and Frankie produce an online comedy channel.,Buddy
s819,Movie,Disney Den Brother,Mark Taylor,"Hutch Dano, G. Hannelius, Maurice Godin, David Lambert, Kelsy Chow, Debra Mooney",United States,12-11-19,2010,TV-G,90 min,"Comedy, Coming of Age",A hockey star hangs up his skates and becomes a substitute scoutmaster.,Comedy
s820,Movie,Disney Descendants,Kenny Ortega,"Dove Cameron, Cameron Boyce, Booboo Stewart, Sofia Carson, Mitchell Hope, Melanie Paxson",United States,12-11-19,2015,TV-G,114 min,"Coming of Age, Fantasy, Musical",The kids of Disney villains are given a shot at redemption at Auradon Prep.,Coming of Age
s821,TV Show,Disney Descendants Wicked World (Shorts),Missing Director,Missing Cast,United States,12-11-19,2015,TV-G,2 Seasons,"Animation, Coming of Age, Fantasy",Descendants continues with new animated shorts!,Animation
s822,TV Show,Disney DuckTales (Shorts),Missing Director,Missing Cast,United States,12-11-19,2016,TV-Y7,1 Season,"Action-Adventure, Animation, Comedy",The McDuck family welcomes you to Duckburg!,Action-Adventure
s823,TV Show,Disney Evermoor,Missing Director,"Naomi Sequeira, Jordan Loughran, Belinda Stewart-Wilson, Dan Fredenburgh, George Sear, Georgie Farmer",United States,12-11-19,2017,TV-PG,1 Season,Series,Tara Crossley moves to Evermoor and realizes the English countryside is not as sleepy as it seems.,Series
s824,TV Show,Disney Family Sundays,Missing Director,Missing Cast,United States,12-11-19,2019,TV-G,1 Season,"Anthology, Family, Lifestyle",Amber Kemp-Gerstel shares her love of crafting in a series of Disney-themed DIY projects.,Anthology
s825,TV Show,Disney Fast Layne,Missing Director,"Sophie Pollono, Sofia Rosinsky, Brandon Rossel, Winslow Fegley",United States,12-11-19,2018,TV-G,1 Season,"Action-Adventure, Animation, Comedy",Twelve-year-old Layne Reed discovers a talking car.,Action-Adventure
s826,Movie,Disney Girl vs. Monster,Stuart Gillard,"Olivia Holt, Kerris Dorsey, Brendan Meyer, Katherine McNamara, Adam Chambers, Tracy Dawson","United States, Canada",12-11-19,2012,TV-PG,90 min,"Action-Adventure, Comedy, Fantasy",The daughter of two monster-hunters must take on a monster of her own.,Action-Adventure
s827,TV Show,Disney Gravity Falls,Missing Director,"Kristen Schaal, Jason Morgan, Alex Hirsch",United States,12-11-19,2011,TV-Y7,2 Seasons,"Action-Adventure, Animation, Comedy",Dipper and Mabel spend the summer with Grunkle Stan.,Action-Adventure
s828,TV Show,Disney Gravity Falls (Shorts),Missing Director,Missing Cast,United States,12-11-19,2012,TV-G,1 Season,"Animation, Anthology, Comedy",Twins Dipper and Mabel enter the mysterious town of Gravity Falls for the summer.,Animation
s829,TV Show,Disney Jake and the Never Land Pirates,Missing Director,"Madison Pettis, Colin Ford, Jonathan Heit, David Arquette, Corey Burton",United States,12-11-19,2010,TV-Y,4 Seasons,"Action-Adventure, Animation, Fantasy",Jake sails for a treasure hunt against Captain Hook.,Action-Adventure
s830,TV Show,Disney JONAS,Missing Director,"Kevin Jonas, Joe Jonas, Nick Jonas, Chelsea Staub, Nicole Anderson, John Ducey",United States,12-11-19,2008,TV-G,2 Seasons,"Comedy, Family, Kids","JONAS is the hottest rock band on the planet! Band members Nick, Kevin, and Joe are superstar idols.",Comedy
s831,TV Show,Disney Junior Music Nursery Rhymes,Missing Director,Missing Cast,United States,12-11-19,2017,TV-Y,2 Seasons,"Animation, Kids, Musical",Nursery Rhymes re-imagined with Disney Junior!,Animation
s832,TV Show,Disney K.C. Undercover,Missing Director,"Zendaya , Veronica Dunne, Kamil McFadden, Tammy Townsend, Kadeem Hardison",United States,12-11-19,2014,TV-Y7,3 Seasons,"Action-Adventure, Comedy, Kids",K.C. joins her spy family as its newest secret agent.,Action-Adventure
s833,TV Show,Disney Lab Rats: Elite Force,Missing Director,"William Brent, Bradley Perry, Jake Short, Paris Berelc, Kelli Berglund",United States,12-11-19,2015,TV-Y7,1 Season,"Action-Adventure, Comedy, Coming of Age",The Lab Rats join forces with the Mighty Med team.,Action-Adventure
s834,TV Show,Disney Legend of the Three Caballeros,Missing Director,"Tony Anselmo, Jaime Camil, Eric Bauza, Grey Griffin, Wayne Knight, Kevin Richardson",United States,12-11-19,2017,TV-G,1 Season,"Action-Adventure, Animation, Comedy","Donald, Jose and Panchito inherit a magical atlas and travel the world battling mythical monsters.",Action-Adventure
s835,TV Show,Disney Mickey Mouse Clubhouse,Missing Director,"Wayne Allwine, Jim Cummings, Russi Taylor, Tony Anselmo, Bill Farmer, Tress MacNeille",United States,12-11-19,2005,TV-Y,5 Seasons,"Animation, Kids",Mickey leads kids on an interactive adventure of learning.,Animation
s836,TV Show,Disney Milo Murphy's Law,Missing Director,"Al Yankovic, Sabrina Carpenter, Mekai Curtis",United States,12-11-19,2016,TV-Y7,2 Seasons,"Action-Adventure, Animation, Comedy","Around Milo, anything that can go wrong, will.",Action-Adventure
s837,TV Show,Disney Minnie's Bow-Toons (Shorts),Missing Director,Missing Cast,United States,12-11-19,2011,TV-Y,3 Seasons,"Animation, Kids",Minnie Mouse teams up with Daisy to open up Minnie’s Bow-tique.,Animation
s838,TV Show,Disney Stuck In The Middle,Missing Director,"Jenna Ortega, Ronni Hawk, Isaak Presley, Ariana Greenblatt, Kayla Maisonet, Nicolas Bechtel",United States,12-11-19,2015,TV-PG,3 Seasons,"Comedy, Coming of Age, Family",Harley is stuck in the middle of a family with 7 kids!,Comedy
s839,TV Show,Disney Take Two With Phineas And Ferb (Shorts),Missing Director,Missing Cast,United States,12-11-19,2010,TV-G,1 Season,"Animation, Kids, Parody",Real-life celebrities are interviewed by Phineas and Ferb.,Animation
s840,TV Show,Disney Tangled: The Series - Short Cuts,Missing Director,Missing Cast,United States,12-11-19,2016,TV-Y7,1 Season,"Action-Adventure, Animation, Comedy",Get to know the colorful residents of Corona.,Action-Adventure
s841,Movie,Disney Under The Sea: A Descendants Short Story,Hasraf Dulull,Missing Cast,United States,12-11-19,2018,TV-G,10 min,"Fantasy, Musical, Thriller",Mal emerges from the forest where she meets Dizzy.,Fantasy
s842,TV Show,Disney's Adventures Of The Gummi Bears,Missing Director,"Bill Scott, Christian Jacobs, Brett Johnson, David Faustino, Paul Winchell, Jason Marsden",United States,12-11-19,1985,TV-Y7,6 Seasons,"Action-Adventure, Animation, Fantasy",The magical Gummi Bears discover their rich history.,Action-Adventure
s843,TV Show,Disney's Doug,Missing Director,"Connie Shulman, Doug Preis, Alice Playten, Chris Phillips, Fred Newman, Thomas McHugh",United States,12-11-19,1996,TV-Y7,3 Seasons,"Animation, Comedy, Coming of Age","Doug uses his imagination to navigate through tests of friendship, love, school, and growing up.",Animation
s844,Movie,Disney's Fairy Tale Weddings,Chris Wilson,"Ben Higgins, Lauren Bushnell",United States,12-11-19,2017,TV-PG,64 min,"Family, Lifestyle, Reality",A look at the magical weddings at Disney Destinations.,Family
s845,Movie,Disney's Fairy Tale Weddings: Holiday Magic,Chris Wilson,"Stephen Boss, Allison Holker",United States,12-11-19,2017,TV-PG,42 min,"Family, Lifestyle, Reality",Holiday Disney weddings and proposals.,Family
s846,TV Show,Disney's Hercules: The Animated Series,Missing Director,"Tate Donovan, Sandra Bernhard, Robert Costanzo, Matt Frewer, Bobcat Goldthwait, French Stewart",United States,12-11-19,1998,TV-Y7,1 Season,"Action-Adventure, Animation, Comedy",Follow Herc's many labors during the years he spent training on how to be a hero.,Action-Adventure
s847,TV Show,Disney's Kim Possible,Missing Director,"Christy Romano, Will Friedle, Nancy Cartwright, Tahj Mowry","United States, Philippines, South Korea",12-11-19,2001,TV-G,4 Seasons,"Action-Adventure, Animation, Comedy","Kim Possible is a high school girl who, in her spare time, saves the world from evil villains.",Action-Adventure
s848,TV Show,Disney's Little Einsteins,Missing Director,"Erica Huang, Aiden Pompey, Jesse Schwartz, Natalia Wojcik",United States,12-11-19,2005,TV-Y,2 Seasons,"Action-Adventure, Animation, Kids",This innovative new series provides preschoolers with new ways to hear and see music and art.,Action-Adventure
s849,TV Show,Disney's Mighty Ducks,Missing Director,"James Belushi, Brad Garrett, Jeff Bennett, Jennifer Hale, Clancy Brown, Tony Jay",United States,12-11-19,1996,TV-Y7,1 Season,"Action-Adventure, Animation, Comedy",Hockey-loving alien ducks are stranded on Earth and must protect it from the evil Dragaunus.,Action-Adventure
s850,TV Show,Disney's Recess,Missing Director,"Rickey Collins, Jason Davis, Ashley Johnson, Ross Malinger, Courtland Mead, Pamela Segall",United States,12-11-19,1997,TV-Y7,3 Seasons,"Animation, Comedy, Kids",A portrayal of life at Third Street Elementary School.,Animation
s851,TV Show,Disney's The Emperor's New School,Missing Director,"Shane Baumel, Jessica DiCicco, Wendie Malick, Fred Tatasciore, Jeff Bennett, Jessie Flower",United States,12-11-19,2005,TV-G,2 Seasons,"Animation, Comedy, Coming of Age","Disney's The Emperor's New School is a unique comedy about Kuzco, a self-centered and spoiled teen.",Animation
s852,Movie,Disney's The Kid,Jon Turteltaub,"Bruce Willis, Spencer Breslin, Emily Mortimer, Lily Tomlin, Chi McBride, Jean Smart",United States,12-11-19,2000,PG,105 min,"Comedy, Drama, Family",A man's life is upended when he meets an 8-year-old version of himself.,Comedy
s853,TV Show,Disney's The Little Mermaid (Series),Missing Director,"Jodi Benson, Samuel Wright, Ken Mars, Edan Gross",United States,12-11-19,1992,TV-Y7,3 Seasons,"Action-Adventure, Animation, Fantasy","Follow Ariel's adventures as a mermaid living under the sea with her father, King Triton.",Action-Adventure
s854,Movie,Disneyland Around the Seasons (Walt Disney's Wonderful World of Color: 1961-69),Hamilton Luske,Walt Disney,United States,12-11-19,1966,TV-PG,51 min,"Documentary, Family, Variety",Walt Disney talks about Disneyland in 1966. See details for advisory.,Documentary
s855,Movie,Disneynature African Cats,Keith Scholey,Samuel Jackson,United States,12-11-19,2011,G,90 min,"Animals & Nature, Documentary, Family",Come face-to-face with the wildly majestic African lions of the savanna.,Animals & Nature
s856,Movie,Disneynature Bears,"Alastair Fothergill, Keith Scholey",John Reilly,United States,12-11-19,2014,G,78 min,"Animals & Nature, Documentary, Family",A mother bear teaches her two impressionable cubs important life lessons.,Animals & Nature
s857,Movie,Disneynature Born in China,Lu Chuan,John Krasinski,"United Kingdom, China, United States",12-11-19,2017,G,81 min,"Animals & Nature, Documentary, Family",Embrace the beauty of China's vast terrain – and the life that inhabits it.,Animals & Nature
s858,Movie,Disneynature Chimpanzee,"Alastair Fothergill, Mark Linfield",Tim Allen,"Tanzania, United States",12-11-19,2012,G,79 min,"Animals & Nature, Documentary, Family",Meet a remarkable young chimpanzee who sees his world as his playground.,Animals & Nature
s859,Movie,Disneynature Crimson Wing,"Matthew Aeberhard, Leander Ward",Mariella Frostrup,"United States, United Kingdom",12-11-19,2008,G,78 min,"Animals & Nature, Documentary, Family",A million flamingos struggle to survive in the remote Tanzanian wilderness.,Animals & Nature
s860,Movie,Disneynature Monkey Kingdom,Mark Linfield,Tina Fey,United States,12-11-19,2015,G,82 min,"Animals & Nature, Documentary, Family","Forced from their home among ancient ruins, a mother monkey must lead her son to safety.",Animals & Nature
s861,Movie,Disneynature Wings of Life,Louie Schwartzberg,Meryl Streep,"United States, Panama, Mexico",12-11-19,2011,G,81 min,"Animals & Nature, Documentary, Family","An intimate look at butterflies, hummingbirds, bees, bats and flowers.",Animals & Nature
s862,TV Show,Dog Whisperer with Cesar Millan,Missing Director,Cesar Millan,United States,12-11-19,2004,TV-G,6 Seasons,"Animals & Nature, Docuseries, Family",World-renowned dog expert Cesar Millan helps dogs and their owners overcome behavior issues.,Animals & Nature
s863,Movie,Don't Look Under the Bed,Kenneth Johnson,"Erin Chambers, Eric Hodges II, Eric Hodges, Robin Riker, Steve Valentine, Jake Sakson",United States,12-11-19,1999,TV-PG,93 min,"Coming of Age, Fantasy",Teen Frances McCausland is framed for the Boogeyman's mischievous pranks.,Coming of Age
s864,Movie,Donald's Golf Game,Jack King,Missing Cast,United States,12-11-19,1938,TV-G,8 min,"Animation, Comedy, Family",Donald tries to impress his nephews at golfing. See details for advisory.,Animation
s865,Movie,Donald's Tire Trouble,Dick Lundy,Missing Cast,United States,12-11-19,1943,TV-G,8 min,"Animation, Comedy, Family",Donald is frustrated in his attempts to fix a flat tire. See details for advisory.,Animation
s866,Movie,Double Teamed,Duwayne Dunham,"Poppi Monroe, Annie McElwain, Teal Redmann, Nick Searcy, Tanya Goott, Joey Miyashima",United States,12-11-19,2002,TV-G,93 min,"Biographical, Sports",The WNBA's Burge twins inspire this film about sisterhood and teamwork.,Biographical
s867,Movie,Doug's 1st Movie,Maurice Joyce,"Thomas McHugh, Fred Newman, Chris Phillips, Constance Shulman, Frank Welker, Doug Preis",United States,12-11-19,1999,G,80 min,"Animation, Comedy, Family","Doug and his friends discover the ""monster"" of Lucky Duck Lake.",Animation
s868,TV Show,"Dr. T, Lone Star Vet",Missing Director,Dr. Lauren Thielen,United States,12-11-19,2019,TV-PG,1 Season,"Docuseries, Family, Medical","Dr. T, Lone Star Vet follows Dr. T as she faces the most compelling cases of her career.",Docuseries
s869,Movie,DuckTales The Movie: Treasure of the Lost Lamp,Bob Hathcock,"Alan Young, Terence McGovern, Russi Taylor, Richard Libertini, Christopher Lloyd, June Foray","France, United States",12-11-19,1990,G,75 min,"Action-Adventure, Animation, Comedy",Scrooge and his nephews search for the long-lost loot of Collie Baba.,Action-Adventure
s870,Movie,Dug's Special Mission,Ronnie Del Carmen,"Bob Peterson, Delroy Lindo, Jerome Ranft",United States,12-11-19,2009,TV-PG,6 min,"Animation, Comedy, Family",Dug finds where he belongs is not where he's been looking.,Animation
s871,Movie,Dumbo,Tim Burton,"Colin Farrell, Michael Keaton, Danny DeVito, Eva Green, Alan Arkin, Nico Parker","United States, United Kingdom, Australia, Canada",12-11-19,2019,PG,117 min,"Action-Adventure, Family, Fantasy",A flying elephant helps show that differences and family can be cherished.,Action-Adventure
s872,Movie,Early to Bed,Jack Kinney,Missing Cast,United States,12-11-19,1941,TV-G,9 min,"Animation, Comedy, Family",A ticking alarm clock keeps Donald awake. See details for advisory.,Animation
s873,Movie,Earth Live,Glenn Weiss,"Jane Lynch, Phil Keoghan, Chris Packham",United States,12-11-19,2017,TV-PG,94 min,"Animals & Nature, Documentary, Family","Earth Live gives viewers a unique, live view of wildlife around the world.",Animals & Nature
s874,Movie,Easter Island Unsolved,Geoff Luck,Peter Demeo,United States,12-11-19,2018,TV-14,45 min,"Documentary, Historical","Easter Island is a riddle, and its mysterious past may hold clues to its future.",Documentary
s875,Movie,Eddie's Million Dollar Cook-off,Paul Hoen,"Taylor Ball, Orlando Brown, Reiley McClendon, Mark Taylor, Rose McIver, Kylie Leydon",United States,12-11-19,2003,TV-G,86 min,"Comedy, Coming of Age, Sports",A baseball prodigy swings for the culinary fences in a cooking competition.,Comedy
s876,Movie,Eight Below,Frank Marshall,"Paul Walker, Bruce Greenwood, Moon Bloodgood, Wendy Crewson, Gerard Plunkett, August Schellenberg",United States,12-11-19,2006,PG,122 min,"Action-Adventure, Animals & Nature, Drama",An Antarctic storm threatens eight sled dogs alone in the wilderness.,Action-Adventure
s877,TV Show,Elena of Avalor (Shorts),Missing Director,"Aimee Carrero, Jenna Ortega, Maximus Riegel, Gia Lopez, Desmond Gerber, Mick Wingert",United States,12-11-19,2017,TV-Y,2 Seasons,"Action-Adventure, Animation, Fantasy",Elena travels to Vallestrella and trains with Zuzo!,Action-Adventure
s878,Movie,Emil and the Detectives,Peter Tewksbury,"Walter Slezak, Roger Mobley, Heinz Schubert, Peter Ehrlich, Cindy Cassell, Elsa Wagner",United States,12-11-19,1964,TV-PG,98 min,"Action-Adventure, Crime, Family","When a young boy's money is stolen, the search is on for the thief.",Action-Adventure
s879,Movie,Empire of Dreams: The Story of the Star Wars Trilogy,"Edith Becker, Kevin Burns","Robert Clotworthy, Walter Cronkite, Anthony Daniels, Warwick Davis, Carrie Fisher, Harrison Ford",United States,12-11-19,2004,TV-14,151 min,Documentary,"Explore the creation of Star Wars, a saga few thought could ever be made.",Documentary
s880,TV Show,Encore!,Missing Director,"Kristen Bell, Roger Love, Susan Egan, Ali Stroker, Stephen Schwartz",United States,12-11-19,2019,TV-14,1 Season,"Music, Reality",Kristen Bell reunites former high school classmates to re-stage musicals they performed in the past.,Music
s881,Movie,Escape to Witch Mountain,John Hough,"Eddie Albert, Ray Milland, Donald Pleasence, Kim Richards, Ike Eisenmann, Walter Barnes",United States,12-11-19,1975,G,98 min,"Action-Adventure, Family, Fantasy",Two orphans with supernatural powers discover their mysterious past.,Action-Adventure
s882,TV Show,Even Stevens,Missing Director,"Shia LaBeouf, Christy Romano, Nick Spano, Tom Virtue, Donna Pescow",United States,12-11-19,2000,TV-PG,3 Seasons,"Comedy, Coming of Age, Kids","Louis, a seventh-grade misfit, struggles to fit in at school and in his seemingly perfect family.",Comedy
s883,Movie,Expedition Mars: Spirit & Opportunity,Mark Davis,Bray Poor,United States,12-11-19,2019,TV-PG,88 min,Documentary,"Expedition Mars explores the epic adventures of the Mars rovers, Spirit and Opportunity.",Documentary
s884,Movie,Fantasia,"Samuel Armstrong, James Algar, Bill Roberts","Deems Taylor, Walt Disney, Leopold Stokowski",United States,12-11-19,1940,G,126 min,"Animation, Family, Fantasy",Walt Disney's timeless masterpiece is an extravaganza of sight and sound. See details for advisory.,Animation
s885,Movie,Fantasia 2000,"Pixote Hunt, Hendel Butoy, Eric Goldberg","Steve Martin, Itzhak Perlman, Quincy Jones, Bette Midler, James Jones, Penn Teller",United States,12-11-19,2000,G,76 min,"Animation, Family, Fantasy",A modern update of the Disney classic with new music and animation.,Animation
s886,TV Show,Fantastic Four (Series),Missing Director,"Beau Weaver, Lori Alan, Chuck McCann, Brian Green, Stan Lee, Pauline Lomas",United States,12-11-19,1994,TV-Y7,1 Season,"Action-Adventure, Animation, Kids","Reed Richards, Sue and Johnny Storm and pilot Ben Grimm are transformed into the Fantastic Four.",Action-Adventure
s887,TV Show,Fantastic Four: World's Greatest Heroes,Missing Director,"Christopher Jacot, Hiro Kanagawa, Lara Gilchrist, Brian Dobson",United States,12-11-19,2007,TV-Y7,1 Season,"Action-Adventure, Animation, Kids","Watch Mr. Fantastic, Invisible Woman, Human Torch, and Thing as they battle their greatest foes.",Action-Adventure
s888,Movie,Ferdinand the Bull,Dick Rickard,Missing Cast,United States,12-11-19,1938,TV-G,8 min,"Animation, Comedy, Family",Ferdinand only wants to stop and smell the flowers. See details for advisory.,Animation
s889,Movie,Finding Dory,"Andrew Stanton, Angus MacLane","Ellen DeGeneres, Albert Brooks, Ed O'Neill, Kaitlin Olson, Hayden Rolence, Ty Burrell",United States,12-11-19,2016,PG,98 min,"Action-Adventure, Animation, Comedy",Dory sets off on a life-changing adventure to find her family.,Action-Adventure
s890,Movie,Finding Nemo,Andrew Stanton,"Albert Brooks, Ellen DeGeneres, Alexander Gould, Willem Dafoe, Brad Garrett, Allison Janney","United States, Australia",12-11-19,2003,G,103 min,"Action-Adventure, Animation, Comedy",Marlin makes an epic journey to bring Nemo home when he's taken by divers.,Action-Adventure
s891,Movie,First Kid,David Evans,"Sinbad , Robert Guillaume, Timothy Busfield, Brock Pierce, James Naughton, Art Fleur",United States,12-11-19,1996,PG,102 min,"Buddy, Comedy, Coming of Age",A wisecracking Secret Service agent is assigned to the President's son.,Buddy
s892,Movie,Flight of the Navigator,Randal Kleiser,"Joey Cramer, Veronica Cartwright, Cliff De Young, Sarah Parker, Matt Adler, Howard Hesseman",United States,12-11-19,1986,PG,90 min,"Action-Adventure, Science Fiction",A boy mysteriously gains knowledge of the farthest reaches of the universe.,Action-Adventure
s893,Movie,Float,Bobby Rubio,"Eli Fucile, Bobby Rubio, Luna Watson, Mika Kubo",United States,12-11-19,2019,PG,10 min,"Animation, Family, Fantasy","A father hides his unusual son, and then must face the consequences.",Animation
s894,Movie,Flowers and Trees,Burt Gillett,Missing Cast,United States,12-11-19,1932,TV-Y7,8 min,"Animation, Family, Kids","It's spring, and the flowers, mushrooms, and trees come to life. See details for advisory.",Animation
s895,Movie,Flubber,Les Mayfield,"Robin Williams, Marcia Harden, Christopher McDonald, Raymond Barry, Clancy Brown, Ted Levine",United States,12-11-19,1997,PG,96 min,"Comedy, Family, Science Fiction",Phillip hopes his super-bouncy goo will save his college and his wedding.,Comedy
s896,Movie,Food for Feudin',Charles Nichols,Missing Cast,United States,12-11-19,1950,TV-G,7 min,"Animation, Comedy, Family",The chipmunks and Pluto battle over a supply of nuts. See details for advisory.,Animation
s897,Movie,For the Birds,Ralph Eggleston,Missing Cast,United States,12-11-19,2001,G,4 min,"Animation, Comedy, Family",Small birds mock a big bird who tries to sit with them,Animation
s898,Movie,Forky Asks a Question: What is Money?,Bob Peterson,"Tony Hale, John Ratzenberger, Bob Peterson",United States,12-11-19,2019,TV-G,6 min,"Animation, Comedy, Family",Hamm attempts to give Forky a lesson on how the US monetary system works.,Animation
s899,Movie,Frank and Ollie,Theodore Thomas,"Frank Thomas, Ollie Johnston, Sylvia Roemer, John Canemaker, John Culhane, Marie Johnston",United States,12-11-19,1995,PG,89 min,"Biographical, Documentary",Share the story of famed Disney animators Frank Thomas and Ollie Johnston.,Biographical
s900,Movie,Frankenweenie (Short),Tim Burton,"Shelley Duvall, Daniel Stern, Barret Oliver",United States,12-11-19,1984,PG,27 min,"Drama, Parody, Science Fiction",Victor harnesses the power of science to bring his dog Sparky back to life.,Drama
s901,Movie,Freaky Friday,Mark Waters,"Jamie Curtis, Lindsay Lohan, Harold Gould, Chad Murray, Stephen Tobolowsky, Christina Vidal",United States,12-11-19,2003,PG,98 min,"Comedy, Family, Fantasy",A mother and daughter see things a bit differently when they switch bodies.,Comedy
s902,Movie,Free Solo,"Elizabeth Vasarhelyi, Jimmy Chin","Alex Honnold, Tommy Caldwell",United States,12-11-19,2018,TV-PG,101 min,"Action-Adventure, Documentary, Sports",Free solo climber Alex Honnold prepares to scale El Capitan in Yosemite without a rope.,Action-Adventure
s903,Movie,Frenemies,Daisy Mayer,"Zendaya , Bella Thorne, Mary Mouser, Nick Robinson, Stefanie Scott, Connor Price",United States,12-11-19,2012,TV-G,88 min,"Anthology, Comedy, Coming of Age",Three very different sets of friends experience growing pains.,Anthology
s904,Movie,Frozen,"Chris Buck, Jennifer Lee","Kristen Bell, Idina Menzel, Jonathan Groff, Josh Gad, Santino Fontana, Alan Tudyk",United States,12-11-19,2013,PG,105 min,"Animation, Family, Fantasy","Anna and Kristoff brave the elements, racing to save Elsa and the kingdom.",Animation
s905,Movie,Full-Court Miracle,Stuart Gillard,"Alex Linz, R.H. Thomson, Sean Marquette, Jase Blankfort, Erik Knudsen, David Sazant",United States,12-11-19,2003,TV-G,95 min,"Coming of Age, Drama, Sports",A former college star is convinced to coach a winless basketball team.,Coming of Age
s906,Movie,Fun and Fancy Free,"Jack Kinney, W. Roberts, Hamilton Luske","Edgar Bergen, Dinah Shore, Luana Patten, Clarence Nash, Mickey Mouse, Cliff Edwards",United States,12-11-19,1947,G,74 min,"Action-Adventure, Animation, Comedy","Two classic featurettes starring Mickey, Donald, Goofy and Jiminy Cricket.",Action-Adventure
s907,Movie,Fuzzbucket,Mick Garris,"Chris Hebert, Phil Fondacaro, Joe Regalbuto, Wendy Phillips, Robyn Lively, John Vernon",United States,12-11-19,1986,TV-G,46 min,"Buddy, Comedy, Coming of Age",An invisible creature helps Mikey cope with junior high and family drama.,Buddy
s908,TV Show,Gargoyles,Missing Director,"Thom Hernandez, Edward Asner, Jeff Bennett, Keith David, Bill Fagerbakke, Jonathan Frakes",United States,12-11-19,1994,TV-Y7,3 Seasons,"Action-Adventure, Animation, Fantasy","In Scotland, 994 A.D. Goliath and his clan of gargoyles defend a medieval castle.",Action-Adventure
s909,Movie,Geek Charming,Jeffrey Hornaday,"Sarah Hyland, Matt Prokop, Sasha Pieterse, Jordan Nichols, Vanessa Morgan, Lili Simmons",United States,12-11-19,2011,TV-G,99 min,"Comedy, Coming of Age, Drama",Popular Dylan wants film geek Josh to help her be crowned Blossom Queen.,Comedy
s910,Movie,Genius,Rod Daniel,"Trevor Morgan, Emmy Rossum, Yannick Bisson, Peter Keleghan, Philip Granger, Charles Fleischer",United States,12-11-19,1999,TV-G,86 min,"Comedy, Coming of Age",A teen genius juggles the roles of college student and junior high bad boy.,Comedy
s911,Movie,George & A.J.,Josh Cooley,"Jason Topolski, A.J. Riebli  III, Steve Purcell, Peter Sohn, Bob Peterson, Kim Donovan",United States,12-11-19,2009,TV-G,4 min,"Animation, Comedy, Family",Two nurses try to escort seniors to the nursing home.,Animation
s912,Movie,Geri's Game,Jan Pinkava,Bob Peterson,United States,12-11-19,1997,G,5 min,"Animation, Family, Kids",Geri plays a daylong game of chess against himself.,Animation
s913,Movie,Get a Clue,Maggie Greenwald,"Lindsay Lohan, Bug Hall, Ian Gomez, Brenda Song, Ali Mukadam, Dan Lett",United States,12-11-19,2002,TV-G,84 min,"Drama, Mystery",A teenage gossip columnist takes on the case of her missing teacher.,Drama
s914,Movie,Giants of the Deep Blue,Ken Corben,Bill Graves,United States,12-11-19,2018,TV-PG,45 min,"Animals & Nature, Documentary, Family",Go beneath the surface of the sea for an extraordinary look at whales and dolphins.,Animals & Nature
s915,TV Show,Girl Meets World,Missing Director,"Rowan Blanchard, Ben Savage, Sabrina Carpenter, Peyton Meyer, August Maturo, Danielle Fishel",United States,12-11-19,2013,TV-G,3 Seasons,"Comedy, Coming of Age, Family",Riley and Maya traverse the twists of teenage years.,Comedy
s916,Movie,Go Figure,Francine McDougall,"Jordan Hinson, Whitney Sloan, Cristine Rose",United States,12-11-19,2005,TV-G,89 min,"Coming of Age, Sports",A girl must embrace hockey if she wants to become a champion ice skater.,Coming of Age
s917,Movie,Going to the Mat,Stuart Gillard,"Andrew Lawrence, Khleo Thomas, Alessandra Toreson, Billy Brown, Brenda Strong, Brian Wimmer",United States,12-11-19,2004,TV-G,92 min,"Coming of Age, Sports","At a new school, Jace overcomes his blindness through a love of wrestling.",Coming of Age
s918,TV Show,Good Luck Charlie,Missing Director,"Bridgit Mendler, Leigh-Allyn Baker, Bradley Perry, Mia Talerico, Eric Kramer, Jason Dolley",United States,12-11-19,2009,TV-G,4 Seasons,"Comedy, Coming of Age, Family",The Duncans are a typical family whose lives are turned topsy-turvy with the arrival of Charlie,Comedy
s919,Movie,"Good Luck Charlie, It's Christmas!",Arlene Sanford,"Bridgit Mendler, Leigh-Allyn Baker, Bradley Perry, Mia Talerico, Debra Monk, Michael Kagan",United States,12-11-19,2011,TV-G,82 min,"Comedy, Coming of Age, Family",The Duncans need a miracle of their own to reunite in time for Christmas.,Comedy
s920,TV Show,Goof Troop,Missing Director,"Nancy Cartwright, Jim Cummings, Dana Hill, Rob Paulson, Corey Burton, Bill Farmer",United States,12-11-19,1992,TV-Y7,1 Season,"Animation, Comedy, Kids","Goofy is a single father raising his son, Max in Spoonerville.",Animation
s921,Movie,Gotta Kick it Up,Ramon Menendez,"Camille Guaty, America Ferrera, Jhoanna Flores, Suilma Rodriguez, Sabrina Wiener, Miguel Sandoval",United States,12-11-19,2002,TV-G,85 min,"Coming of Age, Dance, Drama",A new coach and her middle school dance team surprise all their doubters.,Coming of Age
s922,Movie,Grand Canyonscope,C. Nichols,Missing Cast,United States,12-11-19,1954,TV-G,7 min,"Animation, Comedy, Family",A park ranger has to keep Donald in check at the Grand Canyon. See details for advisory.,Animation
s923,Movie,Grasshopper and the Ants,Wilfred Jackson,Missing Cast,United States,12-11-19,1934,TV-G,8 min,"Animation, Family, Music",A grasshopper learns a lesson about hard work. See details for advisory.,Animation
s924,TV Show,Great Migrations,Missing Director,Alec Baldwin,United States,12-11-19,2010,TV-PG,1 Season,"Animals & Nature, Docuseries, Survival",An intimate and unprecedented view of animal migrations across the globe.,Animals & Nature
s925,Movie,Greyfriars Bobby,Don Chaffey,"Donald Crisp, Laurence Naismith, Alex Mackenzie, Duncan Macrae, Andrew Cruickshank, Gordon Jackson",United States,12-11-19,1961,TV-G,91 min,"Animals & Nature, Drama, Family",The story of friendship forged between a shepherd and his devoted dog.,Animals & Nature
s926,Movie,Gus,Vincent McEveety,"Edward Asner, Don Knotts, Gary Grimes, Tim Conway, Liberty Williams, Dick Van Patten",United States,12-11-19,1976,G,97 min,"Animals & Nature, Comedy, Family",A football team welcomes their newest member... a placekicking mule.,Animals & Nature
s927,Movie,Halloweentown,Duwayne Dunham,"Debbie Reynolds, Judith Hoag, Kimberly Brown, Joey Zimmerman, Phillip Van Dyke, Emily Roeske",United States,12-11-19,1998,TV-PG,84 min,"Action-Adventure, Comedy, Coming of Age",Marnie and her siblings discover their spooky heritage in Halloweentown.,Action-Adventure
s928,Movie,Halloweentown High,Mark Dippé,"Kimberly Brown, Judith Hoag, Joey Zimmerman, Emily Roeske, Clifton Davis, Finn Wittrock",United States,12-11-19,2004,TV-G,83 min,"Action-Adventure, Comedy, Fantasy",Marnie's magic is on the line as Halloweentown kids transfer to her school.,Action-Adventure
s929,Movie,Halloweentown II: Kalabar's Revenge,Mary Lambert,"Kimberly Brown, Judith Hoag, Daniel Kountz, Joseph Zimmerman, Emily Roeske, Phillip Van Dyke",United States,12-11-19,2001,TV-PG,81 min,"Action-Adventure, Fantasy",A warlock with a devious plan has stripped Halloweentown of its magic.,Action-Adventure
s930,TV Show,Handy Manny,Missing Director,"Wilmer Valderrama, Carlos Alazraqui, Dee Baker, Nika Futterman, Tom Kenny, Kath Soucie","United States, Canada",12-11-19,2006,TV-Y,3 Seasons,"Animation, Kids","Handy Manny and his box of friendly, silly tools are the go-to guys in their neighborhood.",Animation
s931,TV Show,Hannah Montana,Missing Director,"Miley Cyrus, Emily Osment, Mitchel Musso, Jason Earles, Billy Cyrus",United States,12-11-19,2005,TV-G,4 Seasons,"Comedy, Coming of Age, Kids",Hannah Montana is a live-action comedy series that follows typical tween Miley Stewart.,Comedy
s932,Movie,Hannah Montana and Miley Cyrus: Best of Both Worlds Concert,Bruce Hendricks,"Miley Cyrus, Joe Jonas, Kevin Jonas, Nick Jonas, Kenny Ortega, Billy Cyrus",United States,12-11-19,2008,G,83 min,"Concert Film, Documentary, Music",A look at Miley Cyrus's sold-out concerts and her life on tour.,Concert Film
s933,Movie,Hannah Montana The Movie,Peter Chelsom,"Miley Cyrus, Emily Osment, Margo Martindale, Jason Earles, Peter Gunn, Melora Hardin",United States,12-11-19,2009,G,105 min,"Comedy, Coming of Age, Drama",Miley adapts to life back in Tennessee after getting too caught up in the celebrity lifestyle.,Comedy
s934,Movie,Hatching Pete,Stuart Gillard,"Jason Dolley, Mitchel Musso, Tiffany Thornton, Josie Loren, Sean O'Bryan, Amy Farrington",United States,12-11-19,2009,TV-G,90 min,"Comedy, Coming of Age","The identity of Brewster High's mascot, The Chicken, is a big mystery.",Comedy
s935,Movie,Hawaiian Holiday,Ben Sharpsteen,"Walt Disney, Marcellite Garner, Clarence Nash, Pinto Colvig",United States,12-11-19,1937,TV-G,9 min,"Animation, Comedy, Family",Mickey and gang experience Hawaii through hula dancing and the beach. See details for advisory.,Animation
s936,Movie,Heavyweights,Steven Brill,"Tom McGowan, Aaron Schwartz, Shaun Weiss, Tom Hodges, Leah Lail, Paul Feig",United States,12-11-19,1995,PG,98 min,"Comedy, Family",Portly misfits join up to take back their summer camp from a fitness guru.,Comedy
s937,Movie,Herbie Goes Bananas,Vincent McEveety,"Cloris Leachman, Charles Smith, John Vernon, Stephen Burns, Elyssa Davalos, Joaquin Garay  III",United States,12-11-19,1980,G,93 min,"Action-Adventure, Comedy, Family",A stowaway derails Herbie's trip from Puerto Vallarta to Brazil for an auto race.,Action-Adventure
s938,Movie,Herbie Goes to Monte Carlo,Vincent McEveety,"Dean Jones, Don Knotts, Julie Sommars, Jacques Marin, Roy Kinnear, Bernard Fox",United States,12-11-19,1977,G,105 min,"Action-Adventure, Comedy, Family",Herbie tries to lose jewel thieves and find love during a road race from Paris to Monte Carlo.,Action-Adventure
s939,Movie,Herbie Rides Again,Robert Stevenson,"Helen Hayes, Ken Berry, Stefanie Powers, John McIntire, Keenan Wynn, Huntz Hall",United States,12-11-19,1974,G,89 min,"Comedy, Family, Romantic Comedy",Herbie comes to the rescue when a greedy real estate tycoon is after an elderly widow's home.,Comedy
s940,Movie,Hercules,"John Musker, Ron Clements","Tate Donovan, Joshua Keaton, Roger Bart, Danny DeVito, James Woods, Susan Egan","United States, France",12-11-19,1997,G,98 min,"Action-Adventure, Animation, Comedy",Hercules must go from zero to hero to save the universe from Hades' wrath.,Action-Adventure
s941,Movie,High School Musical,Kenny Ortega,"Zac Efron, Vanessa Hudgens, Ashley Tisdale, Lucas Grabeel, Alyson Reed, Corbin Bleu",United States,12-11-19,2006,TV-G,100 min,"Coming of Age, Musical, Romance",A basketball star and a brainy girl find a place in the spotlight…and love.,Coming of Age
s942,Movie,High School Musical 2,Kenny Ortega,"Zac Efron, Vanessa Hudgens, Ashley Tisdale, Lucas Grabeel, Corbin Bleu, Monique Coleman",United States,12-11-19,2007,TV-G,114 min,"Coming of Age, Musical",The East High Wildcats take on summer and let their talents shine.,Coming of Age
s943,Movie,High School Musical 3: Senior Year,Kenny Ortega,"Zac Efron, Vanessa Hudgens, Ashley Tisdale, Lucas Grabeel, Corbin Bleu, Monique Coleman",United States,12-11-19,2008,G,121 min,"Coming of Age, Family, Musical","Troy, Gabriella and the rest of the East High kids take on senior year.",Coming of Age
s944,TV Show,High School Musical: The Musical: The Series,Missing Director,"Olivia Rodrigo, Joshua Bassett, Matt Cornett, Sofia Wylie, Larry Saperstein",United States,12-11-19,2019,TV-PG,2 Seasons,"Comedy, Coming of Age, Drama","For the first time ever, East High Wildcats put on a production of High School Musical: The Musical!",Comedy
s945,Movie,Hocus Pocus,Kenny Ortega,"Bette Midler, Sarah Parker, Kathy Najimy, Omri Katz, Thora Birch, Vinessa Shaw",United States,12-11-19,1993,PG,96 min,"Comedy, Family, Fantasy",Three 17th-century Salem witches are conjured up by unsuspecting children.,Comedy
s946,Movie,Home on the Range,"Will Finn, John Sanford","Roseanne Barr, Judi Dench, Jennifer Tilly, Steve Buscemi, G.W. Bailey, Cuba Gooding Jr.",United States,12-11-19,2004,PG,82 min,"Animation, Comedy, Family",A corral of critters join forces to save their farm from a band of outlaws.,Animation
s947,Movie,"Honey, I Blew Up the Kid",Randal Kleiser,"Rick Moranis, Marcia Strassman, Lloyd Bridges, Robert Oliveri, John Shea, Keri Russell",United States,12-11-19,1992,PG,90 min,"Comedy, Family, Science Fiction",A wacky inventor accidentally turns his baby boy into a towering toddler.,Comedy
s948,Movie,"Honey, I Shrunk the Kids",Joe Johnston,"Rick Moranis, Matt Frewer, Marcia Strassman, Kristine Sutherland, Thomas Brown, Jared Rushton","United States, Mexico",12-11-19,1989,PG,94 min,"Action-Adventure, Comedy, Family",Inventor Wayne Szalinski accidentally shrinks his kids to 1/4-inch tall.,Action-Adventure
s949,Movie,"Honey, We Shrunk Ourselves",Dean Cundey,"Rick Moranis, Eve Gordon, Robin Bartlett, Allison Mack, Jake Richardson, Stuart Pankin",United States,12-11-19,1997,PG,76 min,"Action-Adventure, Comedy, Fantasy","This time, Wayne Szalinski's shrink machine is pointed at the parents!",Action-Adventure
s950,Movie,Horse Sense,Greg Beeman,"Joey Lawrence, Andy Lawrence, Susan Walters, M.C. Gainey, Leann Hunley, Robin Thomas",United States,12-11-19,1999,TV-G,92 min,"Coming of Age, Drama",Spoiled Michael spends a summer at his cousin Tommy's Montana ranch.,Coming of Age
s951,TV Show,Hostile Planet,Missing Director,Bear Grylls,United States,12-11-19,2019,TV-PG,1 Season,"Animals & Nature, Docuseries, Survival",Hostile Planet reveals the animal kingdom’s epic stories of survival in extreme environments.,Animals & Nature
s952,Movie,Hounded,Neal Israel,"Tahj Mowry, Shia LaBeouf, Craig Kirkwood, Steven Bendik, Sara Paxton, Rachelle Carson",United States,12-11-19,2001,TV-G,92 min,"Animals & Nature, Comedy, Coming of Age","Trying to right a wrong, Jay accidentally steals the principal's show dog.",Animals & Nature
s953,Movie,How Dogs Got Their Shapes,Missing Director,Jake Robards,United States,12-11-19,2016,TV-PG,44 min,"Animals & Nature, Documentary, Family",Canines are one of the most diverse species on Earth – how did they get that way?,Animals & Nature
s954,Movie,How to Build a Better Boy,Paul Hoen,"Ashley Argota, Roger Bart, Kelli Berglund, Noah Centineo, China McClain, Matt Shively",United States,12-11-19,2014,TV-G,94 min,"Action-Adventure, Comedy, Science Fiction",Tech-savvy best friends use their smarts to engineer the perfect boyfriend.,Action-Adventure
s955,Movie,How to Fish,Jack Kinney,John McLeish,United States,12-11-19,1942,TV-G,7 min,"Animation, Comedy, Family",Goofy shows us how to fish… or how not to! See details for advisory.,Animation
s956,Movie,How to Swim,Jack Kinney,Missing Cast,United States,12-11-19,1942,TV-G,8 min,"Animation, Family, Parody",Goofy demonstrates how to swim. See details for advisory.,Animation
s957,TV Show,Hulk and the Agents of S.M.A.S.H.,Missing Director,"Fred Tatasciore, Clancy Brown, Seth Green, Eliza Dushku, Ben Diskin",United States,12-11-19,2012,TV-Y7,2 Seasons,"Action-Adventure, Animation, Comedy",Hulk and friends battle against evil.,Action-Adventure
s958,Movie,I'll Be Home for Christmas,Arlene Sanford,"Jonathan Thomas, Jessica Biel, Adam LaVorgna, Gary Cole, Eve Gordon, Lauren Maltby","United States, Canada",12-11-19,1998,PG,87 min,"Action-Adventure, Comedy, Coming of Age",A jokester zooms home for Christmas with a prize in mind – his dad's car!,Action-Adventure
s959,Movie,Ice Age: The Great Egg-Scapade,Ricardo Curtis,"Raymond Albert Romano, John Leguizamo, Denis Leary, Queen Latifah",United States,12-11-19,2016,TV-G,26 min,"Animation, Comedy, Family",Our favorite Ice Age herd embarks on a rescue mission that turns into the world’s first egg hunt.,Animation
s960,Movie,Ice Princess,Tim Fywell,"Joan Cusack, Kim Cattrall, Michelle Trachtenberg, Hayden Panettiere, Trevor Blumas, Connie Ray","United States, Canada",12-11-19,2005,G,99 min,"Coming of Age, Drama, Romance",A brainy ugly duckling realizes her dream of becoming a champion figure skater.,Coming of Age
s961,Movie,Inner Workings,Leo Matsuda,"Este Haim, Tucker Gilmore, Raymond Persi, Terri Douglas",United States,12-11-19,2016,G,6 min,"Animation, Comedy, Family",The tug-of-war between Paul’s head and his heart.,Animation
s962,Movie,Inside Out,Pete Docter,"Amy Poehler, Phyllis Smith, Richard Kind, Bill Hader, Lewis Black, Mindy Kaling",United States,12-11-19,2015,PG,95 min,"Animation, Coming of Age, Family",Five Emotions must work overtime when a young girl moves to a new city.,Animation
s963,Movie,Inspector Gadget,David Kellogg,"Matthew Broderick, Rupert Everett, Joely Fisher, Michelle Trachtenberg, Michael Hagerty, Andy Dick",United States,12-11-19,1999,PG,80 min,"Action-Adventure, Comedy, Family",A security guard's dreams come true when he is transformed into the ultimate crime-fighting tool.,Action-Adventure
s964,Movie,Inspector Gadget 2,Alex Zamm,"French Stewart, Elaine Hendrix, Caitlin Wachs, Tony Martin, John Batchelor, Mark Mitchell",United States,12-11-19,2003,G,90 min,"Action-Adventure, Comedy, Family","While Inspector Gadget is on probation, Claw breaks out of jail, and the Mayor unveils a new gadget.",Action-Adventure
s965,Movie,Into the Grand Canyon,Pete McBride,Missing Cast,United States,12-11-19,2019,TV-PG,82 min,"Action-Adventure, Animals & Nature, Documentary","Two friends set out to traverse the Grand Canyon by foot, revealing its beauty and challenges.",Action-Adventure
s966,Movie,Into the Okavango,Neil Gelinas,"Steve Boyes, Dr. Steve Boyes, Chris Boyes, Tumeletso Setlabosha, Gobonamang Kgetho, Adjany Costa","United States, Angola, Botswana, Namibia, South Africa",12-11-19,2018,TV-PG,94 min,"Action-Adventure, Animals & Nature, Documentary",Follow a team of explorers on an epic expedition to save the Okavango Delta.,Action-Adventure
s967,Movie,Invincible,Ericson Core,"Mark Wahlberg, Greg Kinnear, Elizabeth Banks, Michael Rispoli, Kevin Conway, Kirk Acevedo",United States,12-11-19,2006,PG,105 min,"Biographical, Family, Sports",The story of a 30-year-old bartender who earned a chance to play for the Philadelphia Eagles.,Biographical
s968,Movie,Invisible Sister,Paul Hoen,"Rowan Blanchard, Paris Berelc, Karan Brar, Rachel Crow, Alex Désert, Will Meyers",United States,12-11-19,2015,TV-G,79 min,"Comedy, Science Fiction",A Halloween science experiment leaves Cleo's popular sister invisible.,Comedy
s969,TV Show,Iron Man (Series),Missing Director,"Robert Hays, James Avery, Ed Gilbert, Jim Cummings, Tony Steedman, James Warwick",United States,12-11-19,1994,TV-Y7,1 Season,"Action-Adventure, Animation, Kids",Industrialist Tony Stark leads a private team of superheroes as Iron Man against the forces of evil.,Action-Adventure
s970,TV Show,Iron Man Armored Adventures,Missing Director,"Adrian Petriw, Daniel Bacon, Anna Cummer, Mackenzie Gray, Vincent Tong","Canada, United States, United Kingdom, France, Luxembourg",12-11-19,2008,TV-G,2 Seasons,"Action-Adventure, Animation, Coming of Age","After a tragic accident robs Tony of his father, he uses his new invincible armor to protect others.",Action-Adventure
s971,Movie,Iron Will,Charles Haid,"Mackenzie Astin, Kevin Spacey, David Ogden Stiers, August Schellenberg, Brian Cox, George Gerdes",United States,12-11-19,1994,PG,109 min,"Action-Adventure, Coming of Age, Family",Will courageously joins a dogsled race that may save his family from ruin.,Action-Adventure
s972,Movie,Jack,Francis Coppola,"Robin Williams, Diane Lane, Brian Kerwin, Jennifer Lopez, Bill Cosby, Fran Drescher",United States,12-11-19,1996,PG-13,113 min,"Comedy, Coming of Age, Drama",A mischievous 10-year-old boy lives life in a grown-up's body.,Comedy
s973,Movie,Jack-Jack Attack,Brad Bird,"Bret Parker, Bud Luckey, Eli Fucile, Jason Lee",United States,12-11-19,2005,G,6 min,"Animation, Comedy, Family",Kari thinks she's in for a routine night babysitting.,Animation
s974,Movie,James and the Giant Peach,Henry Selick,"Miriam Margolyes, Joanna Lumley, Pete Postlethwaite, Paul Terry, Simon Callow, Richard Dreyfuss","United Kingdom, United States",12-11-19,1996,PG,81 min,"Action-Adventure, Animation, Family",A young boy escapes his cruel home life when he discovers a giant peach.,Action-Adventure
s975,Movie,Jane,Brett Morgen,Jane Goodall,United States,12-11-19,2017,PG,90 min,"Animals & Nature, Biographical, Documentary",An intimate portrait of Jane Goodall’s groundbreaking chimpanzee research.,Animals & Nature
s976,TV Show,Jessie,Missing Director,"Debby Ryan, Peyton List, Cameron Boyce, Karan Brar, Skai Jackson, Kevin Chamberlin",United States,12-11-19,2011,TV-PG,4 Seasons,"Comedy, Coming of Age, Family","A small-town girl becomes a nanny for a quirky, rich family.",Comedy
s977,Movie,Jingle Pols,Missing Director,Dr. Pol,United States,12-11-19,2013,TV-14,45 min,"Animals & Nature, Documentary, Medical",Nat Geo WILD re-joins the Pols in central Michigan as they get into the Christmas spirit.,Animals & Nature
s978,Movie,Johnny Kapahala: Back on Board,Eric Bross,"Brandon Baker, Robyn Lively, Mary Keller, Yuji Okumoto, Jonathan McDaniel, Andrew Allen",United States,12-11-19,2007,TV-G,93 min,"Coming of Age, Drama, Sports","Johnny returns to Hawaii and has to babysit his 12-year-old ""Uncle Chris.""",Coming of Age
s979,Movie,Johnny Tsunami,Steve Boyum,"Cary-Hiroyuki Tagawa, Brandon Baker, Yuji Okumoto, Mary Keller, Lee Young, Kirsten Storms",United States,12-11-19,1999,TV-G,92 min,"Coming of Age, Drama, Sports",A teen surfing sensation moves from Hawaii to a tiny Vermont ski town.,Coming of Age
s980,Movie,Jonas Brothers: The Concert Experience,Bruce Hendricks,"Kevin Jonas, Joe Jonas, Nick Jonas, Demi Lovato, Taylor Swift, ""Big Feggans",United States,12-11-19,2009,G,89 min,"Concert Film, Documentary, Music",An exclusive backstage pass into the world of the Jonas Brothers.,Concert Film
s981,Movie,Journey to Shark Eden,Missing Director,Salvatore Vecchio,United States,12-11-19,2010,TV-G,47 min,"Action-Adventure, Animals & Nature, Documentary",A team of scientists explores pristine coral reefs around five remote islands near Tahiti.,Action-Adventure
s982,Movie,Journey to the Center of the Earth,Henry Levin,"Pat Boone, James Mason, Arlene Dahl, Diane Baker, Thayer David, Peter Ronson",United States,12-11-19,1959,G,130 min,"Action-Adventure, Family, Science Fiction",A professor and his colleague engage in a race to see who will reach the center of the Earth first.,Action-Adventure
s983,Movie,Jump In!,Paul Hoen,"Corbin Bleu, David Reivers, Shanica Knowles, Laivan Greene, Kylee Russell, Patrick Johnson Jr.",United States,12-11-19,2007,TV-G,86 min,"Coming of Age, Dance, Sports",A tough Brooklyn boxer agrees to join a Double Dutch jump rope team.,Coming of Age
s984,Movie,Jumping Ship,Michael Lange,"Joey Lawrence, Matthew Lawrence, Andrew Lawrence, Susan Walters, Stephen Burleigh, Anthony Wong","Australia, United States",12-11-19,2001,TV-G,93 min,"Action-Adventure, Coming of Age",Modern-day pirates leave two cousins stranded on an island.,Action-Adventure
s985,Movie,Jungle 2 Jungle,John Pasquin,"Tim Allen, Martin Short, Lolita Davidovich, David Stiers, JoBeth Williams, Sam Huntington","United States, France",12-11-19,1997,PG,105 min,"Comedy, Family",A Wall Street mogul learns he has a son who's been raised in the jungle.,Comedy
s986,Movie,Jungle Cat,James Algar,Winston Hibler,United States,12-11-19,1960,TV-PG,70 min,"Animals & Nature, Documentary, Family",An intimate glimpse into the life-and-death struggles of a jaguar family.,Animals & Nature
s987,Movie,Kazaam,Paul Glaser,"Shaquille O'Neal, Francis Capra, Ally Walker, James Acheson, John Costelloe, Marshall Manesh",United States,12-11-19,1996,PG,94 min,"Action-Adventure, Comedy, Family","12-year-old Max Connor accidentally frees a 3,000-year-old genie.",Action-Adventure
s988,TV Show,Kickin' It,Missing Director,"Leo Howard, Dylan Snyder, Mateo Arias, Olivia Holt, Alex Jones, Jason Earles",United States,12-11-19,2010,TV-PG,4 Seasons,"Action-Adventure, Comedy, Coming of Age",The series will follow the crew of lovable misfits.,Action-Adventure
s989,Movie,Kim Possible,"Adam Stein, Zach Lipovsky","Sadie Stanley, Sean Giambrone, Ciara Wilson, Taylor Ortega, Connie Ray, Issac Brown",United States,12-11-19,2019,TV-G,88 min,"Action-Adventure, Comedy, Coming of Age",Kim Possible and Ron Stoppable take on high school.,Action-Adventure
s990,Movie,Kim Possible Movie: So the Drama,Steve Loter,"Christy Romano, Will Friedle, Nancy Cartwright, Tahj Mowry, Raven , Gary Cole",United States,12-11-19,2005,TV-G,70 min,"Action-Adventure, Animation, Coming of Age",Kim's new campus crush distracts her from Dr. Drakken's latest evil plot.,Action-Adventure
s991,Movie,Kingdom of the Apes: Battle Lines,Missing Director,Dan Nachtrab,United States,12-11-19,2017,TV-PG,44 min,"Animals & Nature, Documentary",Gorillas and chimpanzees stuggle for power and dominance within their clans.,Animals & Nature
s992,Movie,Kingdom of the Blue Whale,Missing Director,Tom Selleck,United States,12-11-19,2009,TV-PG,94 min,"Animals & Nature, Documentary, Family",Marine scientists embark on a mission to uncover the mysteries of the blue whale.,Animals & Nature
s993,TV Show,Kingdom of the White Wolf,Missing Director,Jenny Jules,United States,12-11-19,2019,TV-PG,1 Season,"Action-Adventure, Animals & Nature, Docuseries","In the remote, majestic landcape of the high Arctic, a photographer seeks the legendary white wolf.",Action-Adventure
s994,Movie,Kitbull,Rosana Sullivan,Missing Cast,United States,12-11-19,2019,PG,9 min,"Animation, Buddy, Comedy",An unlikely connection between a kitten and a pit bull sparks a unique friendship.,Animation
s995,Movie,Knick Knack Theatrical Short,John Lasseter,Missing Cast,United States,12-11-19,2003,G,4 min,"Animation, Family, Kids",A snowman longs to break out of his snow globe.,Animation
s996,Movie,Kronk's New Groove,"Elliot Bour, Saul Blinkoff","Patrick Warburton, Tracey Ullman, Eartha Kitt, David Spade, John Goodman, Wendie Malick",United States,12-11-19,2005,G,78 min,"Animation, Comedy, Coming of Age",Kronk cooks up a get-rich-quick scheme to impress his Dad.,Animation
s997,Movie,La Luna,Enrico Casarosa,"Tony Fucile, Krista Sheffler, Phil Sheridan",United States,12-11-19,2012,G,7 min,"Animation, Coming of Age, Family",A peculiar story about a young boy coming of age.,Animation
s998,TV Show,Lab Rats,Missing Director,"Billy Unger, Spencer Boldman, Kelli Berglund, Tyrel Williams, Hal Sparks",United States,12-11-19,2011,TV-Y7,4 Seasons,"Action-Adventure, Comedy, Coming of Age",Leo discovers a secret underground lab with three experiments.,Action-Adventure
s999,Movie,Lady and the Tramp,Charlie Bean,"Tessa Thompson, Justin Theroux, Sam Elliott, Ashley Jensen, Janelle Monáe, Kiersey Clemons",United States,12-11-19,2019,PG,111 min,"Action-Adventure, Comedy, Family",A house dog and a stray embark on an adventure and come to understand the value of home.,Action-Adventure
s1000,Movie,Lava,James Murphy,"Kuana Kahele, Napua Greig",United States,12-11-19,2015,G,9 min,"Animation, Family, Musical",A love story that takes place over millions of years.,Animation
s1001,TV Show,LEGO Disney Frozen: Northern Lights (Shorts),Missing Director,Missing Cast,United States,12-11-19,2016,TV-Y7,1 Season,"Action-Adventure, Animation, Comedy",Anna and Elsa search for the missing Northern Lights.,Action-Adventure
s1002,TV Show,LEGO Star Wars: All Stars,Missing Director,"Jasmin Brown, Josh Peck, Zeno Robinson, Max Mittelman, Matthew Wood",United States,12-11-19,2018,TV-Y7,1 Season,"Action-Adventure, Animation, Comedy","Han, Chewie, Leia and more team up for new adventures!",Action-Adventure
s1003,TV Show,LEGO Star Wars: All Stars (Shorts),Missing Director,"Matthew Wood, Yvette Brown, Nicolas Cantu, Carolyn Hennesy, Montse Hernandez, Vanessa Lengies",United States,12-11-19,2018,TV-Y7,1 Season,"Action-Adventure, Animation, Comedy","Roger, the lovable battle droid, tells his story.",Action-Adventure
s1004,TV Show,LEGO Star Wars: Droid Tales,Missing Director,"Tom Kane, Anthony Daniels, Trevor Devall, Kirby Morrow, Sam Vincent, Michael Donovan",United States,12-11-19,2014,TV-Y7,1 Season,"Action-Adventure, Animation, Comedy",C-3PO recounts the great adventures of the Rebels.,Action-Adventure
s1005,TV Show,LEGO Star Wars: Resistance Rises (Shorts),Missing Director,Missing Cast,"United States, Denmark",12-11-19,2015,TV-Y7-FV,1 Season,"Action-Adventure, Animation, Comedy",Follow five untold stories before the Force awakened.,Action-Adventure
s1006,TV Show,LEGO Star Wars: The Freemaker Adventures,Missing Director,"Matt Sloan, Trevor Devall, Greg Baldwin, Michael Daingerfield, Vanessa Lengies, Grey Griffin",United States,12-11-19,2015,TV-Y7,2 Seasons,"Action-Adventure, Animation, Comedy",12-year old Rowan Freemaker discovers the Kyber Saber.,Action-Adventure
s1007,TV Show,LEGO Star Wars: The Freemaker Adventures (Shorts),Missing Director,Missing Cast,United States,12-11-19,2016,TV-Y7,1 Season,"Action-Adventure, Animation, Comedy",The Freemakers lend a helping hand to the rebel fleet.,Action-Adventure
s1008,Movie,LEGO Star Wars: The New Yoda Chronicles - Clash of the Skywalkers,Michael Hegner,"Tom Kane, Anthony Daniels, Matt Sloan, Trevor Devall, Kirby Morrow, Sam Vincent",United States,12-11-19,2014,TV-Y7,24 min,"Action-Adventure, Animation, Comedy",The enraged Emperor sends Darth Vader to destroy Luke.,Action-Adventure
s1009,Movie,LEGO Star Wars: The New Yoda Chronicles - Raid on Coruscant,Michael Hegner,"Tom Kane, Anthony Daniels, Matt Sloan, Trevor Devall, Kirby Morrow, Sam Vincent","Denmark, China",12-11-19,2014,TV-Y7,24 min,"Action-Adventure, Animation, Comedy",Luke Skywalker attempts a daring raid on Coruscant.,Action-Adventure
s1010,Movie,LEGO Star Wars: The New Yoda Chronicles – Duel of the Skywalkers,Michael Hegner,"Tom Kane, Anthony Daniels, Matt Sloan, Trevor Devall, Kirby Morrow, Sam Vincent",United States,12-11-19,2014,TV-Y7,24 min,"Action-Adventure, Animation, Comedy",Luke Skywalker accidently opens a remaining holocron.,Action-Adventure
s1011,Movie,LEGO Star Wars: The New Yoda Chronicles – Escape from the Jedi Temple,Michael Hegner,"Tom Kane, Anthony Daniels, Matt Sloan, Trevor Devall, Sam Vincent, Kelly Metzger",United States,12-11-19,2014,TV-Y7,24 min,"Action-Adventure, Animation, Comedy",Yoda and Obi-Wan recall freeing the Holocrons from the Temple.,Action-Adventure
s1012,Movie,LEGO Star Wars: The New Yoda Chronicles – Race for the Holocrons,Michael Hegner,"Tom Kane, Anthony Daniels, Matt Sloan, Trevor Devall, Brian Drummond, Michael Donovan",United States,12-11-19,2014,TV-Y7,24 min,"Action-Adventure, Animation, Comedy",Obi-Wan urges Luke to travel to Tatooine.,Action-Adventure
s1013,Movie,Lemonade Mouth,Patricia Riggen,"Bridgit Mendler, Adam Hicks, Hayley Kiyoko, Naomi Scott, Blake Michael, Nick Roux",United States,12-11-19,2011,TV-G,110 min,"Coming of Age, Drama, Music",A ragtag group of freshmen come together in the name of rock 'n' roll.,Coming of Age
s1014,Movie,Lend a Paw,Clyde Geronimi,Missing Cast,United States,12-11-19,1941,TV-Y7,8 min,"Animation, Family, Kids",Pluto's jealousy of a kitten leaves him conflicted about rescuing it. See details for advisory.,Animation
s1015,Movie,Leroy & Stitch,"Roberts Gannaway, Tony Craig","Daveigh Chase, Chris Sanders, David Stiers, Kevin McDonald, Tia Carrere, Kevin Michael Richardson",United States,12-11-19,2006,G,76 min,"Action-Adventure, Animation, Comedy","Dr. Hamsterviel forces Jumba to create Leroy, the evil twin of Stitch.",Action-Adventure
s1016,Movie,Let it Shine,Paul Hoen,"Tyler Williams, Coco Jones, Trevor Jackson, Brandon Smith, Dawnn Lewis, Alex Désert",United States,12-11-19,2012,TV-G,103 min,"Coming of Age, Drama, Music",A true poet overcomes self-doubt and shows everyone his artistic genius.,Coming of Age
s1017,Movie,Life is Ruff,Charles Haid,"Kyle Massey, Kay Panabaker, Mitchel Musso, Carter Jenkins, Mark Lawrence, Judith Moreland",United States,12-11-19,2005,TV-G,85 min,"Animals & Nature, Comedy, Coming of Age",A teenager enters an adopted mutt into a dog show to try to win $5000.,Animals & Nature
s1018,Movie,Life With Mikey,James Lapine,"Michael Fox, Nathan Lane, Cyndi Lauper, David Krumholtz, David Huddleston, Christina Vidal",United States,12-11-19,1993,PG,92 min,"Buddy, Comedy, Coming of Age",An ex-child star struggling as an agent discovers a sassy new client.,Buddy
s1019,Movie,Life-Size 2,Steven Tsuchida,"Tyra Banks, Francia Raisa, Gavin Stenhouse, Hank Chen, Alison Fernandez, Shanica Knowles",United States,12-11-19,2018,TV-14,82 min,"Comedy, Coming of Age, Fantasy",Eve magically awakes to help get Grace back on track.,Comedy
s1020,Movie,Lifted,Gary Rydstrom,Missing Cast,United States,12-11-19,2006,G,5 min,"Animation, Comedy, Family",A young alien bungles his first lesson in abduction.,Animation
s1021,Movie,Lilo & Stitch,"Christopher Sanders, Dean DeBlois","Daveigh Chase, Christopher Sanders, Tia Carrere, David Ogden Stiers, Kevin McDonald, Ving Rhames",United States,12-11-19,2002,TV-PG,86 min,"Action-Adventure, Animation, Family",A little girl adopts a wanted alien wreaking havoc on the Hawaiian Islands.,Action-Adventure
s1022,Movie,Lilo & Stitch 2: Stitch Has a Glitch,"Tony Leondis, Michael LaBash","Christopher Sanders, Dakota Fanning, Tia Carrere, David Stiers, Kevin McDonald, Kunewa Mook",United States,12-11-19,2005,PG,70 min,"Animation, Comedy, Dance",A glitch sends Stich out of control just before Lilo's big hula contest.,Animation
s1023,TV Show,Lizzie McGuire,Missing Director,"Hilary Duff, Lalaine , Adam Lamberg, Jake Thomas, Hallie Todd, Robert Carradine",United States,12-11-19,2000,TV-G,2 Seasons,"Comedy, Coming of Age, Kids","Lizzie McGuire has great friends, a great family and even great foes. Get inside her head.",Comedy
s1024,Movie,Lonesome Ghosts,Burt Gillett,Missing Cast,United States,12-11-19,1937,TV-Y7,9 min,"Animation, Family, Kids","Mickey Mouse, Donald Duck and Goofy run a ghost exterminating agency. See details for advisory.",Animation
s1025,TV Show,Lost Treasures of the Maya,Missing Director,Albert Lin,"United States, Guatemala",12-11-19,2018,TV-PG,1 Season,"Docuseries, Historical",A high-tech treasure map rewrites the history of the ancient Maya in the Guatemalan jungle.,Docuseries
s1026,Movie,Lou,Dave Mullins,Missing Cast,United States,12-11-19,2017,G,7 min,"Action-Adventure, Animation, Comedy",A toy-stealing bully meets his match in a Lost & Found box.,Action-Adventure
s1027,Movie,Luck of the Irish,Paul Hoen,"Paul Kiernan, Timothy Omundson, Ryan Merriman, Glenndon Chatman, Henry Gibson, Marita Geraghty",United States,12-11-19,2001,TV-G,86 min,"Comedy, Coming of Age, Fantasy","When his lucky charm is stolen, Kyle learns that he is part leprechaun.",Comedy
s1028,Movie,Luxo Jr.,Missing Director,Missing Cast,United States,12-11-19,1986,G,2 min,"Animation, Comedy, Family",A baby lamp finds a ball to play with.,Animation
s1029,Movie,Magician Mickey,David Hand,"Pinto Colvig, Walt Disney, Clarence Nash",United States,12-11-19,1937,TV-PG,8 min,"Animation, Comedy, Family",Donald continually heckles Mickey's magic act. See details for advisory.,Animation
s1030,Movie,Mail Dog,Charles Nichols,Missing Cast,United States,12-11-19,1947,TV-G,7 min,"Animation, Comedy, Family",Pluto must deliver mail to a remote outpost. See details for advisory.,Animation
s1031,Movie,Man Among Cheetahs,Missing Director,Bob Poole,United States,12-11-19,2017,TV-PG,44 min,"Animals & Nature, Documentary, Family",A wildlife filmmaker tries to keep up with a cheetah mom determined to keep her cubs alive.,Animals & Nature
s1032,Movie,Mars: Inside SpaceX,Julia Reagan,Missing Cast,United States,12-11-19,2018,TV-PG,47 min,Documentary,Go behind the scenes as Elon Musk and his engineers prepare for the Falcon Heavy rocket launch.,Documentary
s1033,TV Show,Marvel Comics X-Men,Missing Director,"Cedric Smith, Catherine Disher, Alyson Court, Chris Potter, George Buza, Iona Morris","United States, Canada",12-11-19,1992,TV-Y7,5 Seasons,"Action-Adventure, Animation, Fantasy",In the Marvel Comics universe mutants are persecuted by a hateful and fearful populous.,Action-Adventure
s1034,TV Show,Marvel Rising: Initiation (Shorts),Missing Director,Missing Cast,United States,12-11-19,2017,TV-Y7,1 Season,"Action-Adventure, Animation, Kids",Ghost-Spider is falsely accused of her friend's death.,Action-Adventure
s1035,Movie,Marvel Rising: Secret Warriors,Alfred Gimeno,"Dee Baker, Chloe Bennet, Kathreen Khavari, Andrew Kishino, Meera Kumbhani, Kamil McFadden",United States,12-11-19,2018,TV-Y7-FV,80 min,"Action-Adventure, Animation, Coming of Age",Marvel’s young powered heroes join forces to protect the Universe.,Action-Adventure
s1036,Movie,Marvel Studios: Assembling A Universe,Missing Director,"Jeff McNeil, Meghan Leon, Jason Hillhouse, Robert Downey Jr., Clark Gregg, Jon Favreau",United States,12-11-19,2014,TV-PG,43 min,"Action-Adventure, Documentary, Superhero",An exclusive look inside the world of Marvel Studios.,Action-Adventure
s1037,Movie,Marvel Studios: Expanding the Universe,Missing Director,Missing Cast,United States,12-11-19,2019,TV-PG,13 min,"Documentary, Family",An exciting look into the future of Marvel Studios’ films and upcoming Disney+ series.,Documentary
s1038,Movie,Marvel Studios' Ant-Man,Peyton Reed,"Paul Rudd, Evangeline Lilly, Corey Stoll, Bobby Cannavale, Michael Peña, Tip Harris",United States,12-11-19,2015,PG-13,119 min,"Action-Adventure, Comedy, Science Fiction",Scott Lang and Dr. Hank Pym plan a heist that could save the world.,Action-Adventure
s1039,Movie,Marvel Studios' Avengers: Age of Ultron,Joss Whedon,"Robert Downey Jr., Chris Hemsworth, Mark Ruffalo, Chris Evans, Scarlett Johansson, Jeremy Renner",United States,12-11-19,2015,PG-13,143 min,"Action-Adventure, Science Fiction, Superhero",Tony Stark unwittingly creates an A.I. monster bent on destroying mankind.,Action-Adventure
s1040,Movie,Marvel Studios' Avengers: Endgame,"Anthony Russo, Joe Russo","Robert Downey Jr., Chris Evans, Mark Ruffalo, Chris Hemsworth, Scarlett Johansson, Jeremy Renner",United States,12-11-19,2019,PG-13,183 min,"Action-Adventure, Fantasy, Science Fiction","The epic finale to the Infinity Saga, this dramatic showdown pits the Avengers against Thanos.",Action-Adventure
s1041,Movie,Marvel Studios' Captain America: Civil War,"Anthony Russo, Joe Russo","Chris Evans, Robert Downey Jr., Scarlett Johansson, Sebastian Stan, Anthony Mackie, Don Cheadle",United States,12-11-19,2016,PG-13,150 min,"Action-Adventure, Science Fiction, Superhero","Captain America and Iron Man clash, causing the Avengers to choose sides.",Action-Adventure
s1042,Movie,Marvel Studios' Captain America: The First Avenger,Joe Johnston,"Chris Evans, Tommy Jones, Hugo Weaving, Hayley Atwell, Sebastian Stan, Dominic Cooper",United States,12-11-19,2011,PG-13,126 min,"Action-Adventure, Science Fiction, Superhero",A top-secret research project turns Steve Rogers into Captain America.,Action-Adventure
s1043,Movie,Marvel Studios' Captain America: The Winter Soldier,"Anthony Russo, Joe Russo","Chris Evans, Scarlett Johansson, Sebastian Stan, Anthony Mackie, Cobie Smulders, Frank Grillo",United States,12-11-19,2014,PG-13,138 min,"Action-Adventure, Science Fiction, Superhero",Captain America and Black Widow join forces against the Winter Soldier.,Action-Adventure
s1044,Movie,Marvel Studios' Captain Marvel,"Anna Boden, Ryan Fleck","Brie Larson, Samuel Jackson, Ben Mendelsohn, Djimon Hounsou, Lee Pace, Lashana Lynch","United States, Australia",12-11-19,2019,PG-13,126 min,"Action-Adventure, Science Fiction, Superhero",Marvel Studios’ Captain Marvel launches the MCU’s most powerful hero.,Action-Adventure
s1045,Movie,Marvel Studios' Doctor Strange,Scott Derrickson,"Benedict Cumberbatch, Chiwetel Ejiofor, Rachel McAdams, Benedict Wong, Michael Stuhlbarg, Benjamin Bratt",United States,12-11-19,2016,PG-13,116 min,"Action-Adventure, Fantasy, Superhero",A famous surgeon battles unseen forces bent on destroying our reality.,Action-Adventure
s1046,Movie,Marvel Studios' Guardians of the Galaxy,James Gunn,"Chris Pratt, Zoë Saldana, Dave Bautista, Vin Diesel, Bradley Cooper, Lee Pace",United States,12-11-19,2014,PG-13,122 min,"Action-Adventure, Comedy, Science Fiction",A group of misfit heroes become the object of an unrelenting bounty hunt.,Action-Adventure
s1047,Movie,Marvel Studios' Guardians of the Galaxy Vol. 2,James Gunn,"Chris Pratt, Bradley Cooper, Vin Diesel, Pom Klementieff, Zoë Saldana, Dave Bautista",United States,12-11-19,2017,PG-13,137 min,"Action-Adventure, Comedy, Science Fiction",The Guardians fight to keep their newfound family together as they discover Quill's parentage.,Action-Adventure
s1048,Movie,Marvel Studios' Iron Man,Jon Favreau,"Robert Downey Jr., Terrence Howard, Jeff Bridges, Gwyneth Paltrow, Leslie Bibb, Shaun Toub","United States, Canada",12-11-19,2008,PG-13,127 min,"Action-Adventure, Science Fiction, Superhero",Jet-setting industrialist Tony Stark vows to protect the world as Iron Man.,Action-Adventure
s1049,Movie,Marvel Studios' Iron Man 2,Jon Favreau,"Robert Downey Jr., Gwyneth Paltrow, Don Cheadle, Scarlett Johansson, Sam Rockwell, Clark Gregg",United States,12-11-19,2010,PG-13,125 min,"Action-Adventure, Science Fiction, Superhero",Inventor Tony Stark forges new alliances to confront powerful enemies.,Action-Adventure
s1050,Movie,Marvel Studios' Iron Man 3,Shane Black,"Robert Downey Jr., Gwyneth Paltrow, Don Cheadle, Guy Pearce, Rebecca Hall, Stephanie Szostak",United States,12-11-19,2013,PG-13,132 min,"Action-Adventure, Science Fiction, Superhero","His personal world destroyed, Tony Stark embarks on a harrowing quest to find those responsible.",Action-Adventure
s1051,Movie,Marvel Studios' The Avengers,Joss Whedon,"Robert Downey Jr., Chris Evans, Mark Ruffalo, Chris Hemsworth, Scarlett Johansson, Jeremy Renner",United States,12-11-19,2012,PG-13,145 min,"Action-Adventure, Fantasy, Science Fiction",Nick Fury recruits a team of heroes to battle an unexpected enemy.,Action-Adventure
s1052,Movie,Marvel Studios' Thor,Kenneth Branagh,"Chris Hemsworth, Natalie Portman, Tom Hiddleston, Anthony Hopkins, Stellan Skarsgård, Kat Dennings",United States,12-11-19,2011,PG-13,116 min,"Action-Adventure, Fantasy, Superhero","Thor, Asgard's greatest hero, reignites an ancient war that he must take part in from Earth.",Action-Adventure
s1053,Movie,Marvel Studios' Thor: The Dark World,Alan Taylor,"Chris Hemsworth, Natalie Portman, Tom Hiddleston, Anthony Hopkins, Rene Russo, Stellan Skarsgård",United States,12-11-19,2013,PG-13,114 min,"Action-Adventure, Fantasy, Science Fiction",Thor must set out on his most dangerous and personal journey yet.,Action-Adventure
s1054,TV Show,Marvel Ultimate Spider-Man,Missing Director,"Drake Bell, Chi McBride, Steven Weber, J.K. Simmons, Tom Kenny, Clark Gregg",United States,12-11-19,2011,TV-Y7,4 Seasons,"Action-Adventure, Animation, Fantasy",Spider-Man trains alongside four fellow teenage superheroes.,Action-Adventure
s1055,TV Show,Marvel's Agent Carter,Missing Director,"Hayley Atwell, James D'Arcy, Chad Murray, Enver Gjokaj, Shea Whigham",United States,12-11-19,2014,TV-14,2 Seasons,"Action-Adventure, Science Fiction, Spy/Espionage","Working for SSR, Peggy would rather be in the field.",Action-Adventure
s1056,TV Show,Marvel's Ant-Man (Shorts),Missing Director,Missing Cast,United States,12-11-19,2016,TV-Y7,1 Season,"Action-Adventure, Animation, Comedy",Ant-Man protects the world one inch at a time!,Action-Adventure
s1057,TV Show,Marvel's Avengers Assemble,Missing Director,"Adrian Pasdar, Fred Tatasciore, Roger Smith, Travis Willingham, Troy Baker, Bumper Robinson",United States,12-11-19,2012,TV-Y7,5 Seasons,"Action-Adventure, Animation, Kids",Marvel’s mightiest heroes combine their power.,Action-Adventure
s1058,TV Show,Marvel's Avengers: Secret Wars (Shorts),Missing Director,Missing Cast,United States,12-11-19,2016,TV-Y7,1 Season,"Action-Adventure, Animation, Kids",A new team of heroes joins the Avengers.,Action-Adventure
s1059,TV Show,Marvel's Guardians of the Galaxy (Series),Missing Director,"Will Friedle, Trevor Devall, Kevin Richardson, Vanessa Marshall, David Sobolov",United States,12-11-19,2015,TV-Y7,3 Seasons,"Action-Adventure, Animation, Kids",The Guardians find a map leading to a powerful weapon.,Action-Adventure
s1060,TV Show,Marvel's Guardians of the Galaxy (Shorts),Missing Director,Missing Cast,United States,12-11-19,2014,TV-Y7,2 Seasons,"Action-Adventure, Animation, Kids",The stories of five outlaws who became the Guardians.,Action-Adventure
s1061,TV Show,Marvel's Hero Project,Missing Director,Missing Cast,United States,12-11-19,2019,TV-PG,1 Season,"Docuseries, Family","Celebrate the inspiring efforts of young, real life heroes as they join Marvel’s Hero Project.",Docuseries
s1062,TV Show,Marvel's Inhumans,Missing Director,"Anson Mount, Serinda Swan, Ken Leung, Eme Ikwuakor, Isabelle Cornish, Ellen Woglom",United States,12-11-19,2017,TV-14,1 Season,"Action-Adventure, Science Fiction, Superhero",The never-before-told adventure of the Royal Family.,Action-Adventure
s1063,TV Show,Marvel's Rocket & Groot (Shorts),Missing Director,Missing Cast,United States,12-11-19,2016,TV-Y7,1 Season,"Action-Adventure, Animation, Buddy",Rocket and Groot shop for a new ship.,Action-Adventure
s1064,TV Show,Marvel's Ultimate Comics,Missing Director,"Cole Howard, Brian Drummond",United States,12-11-19,2016,TV-Y7,1 Season,"Action-Adventure, Animation, Comedy",Spidey and Iron Man team-up. Black Panther vs. Ghost.,Action-Adventure
s1065,Movie,Mary Poppins,Robert Stevenson,"Julie Andrews, Dick Van Dyke, David Tomlinson, Glynis Johns, Hermione Baddeley, Karen Dotrice",United States,12-11-19,1964,G,142 min,"Family, Fantasy, Musical",A magical nanny reconnects a father and mother with their two children.,Family
s1066,Movie,Mater and the Ghostlight,John Lasseter,"Larry the Cable Guy , Owen Wilson, Michael Wallis, Bonnie Hunt, Paul Newman, Cheech Marin",United States,12-11-19,2006,TV-Y7,8 min,"Animation, Comedy, Family",Mater ponders if the legend of the Ghostlight is true.,Animation
s1067,Movie,Meet the Deedles,Steve Boyum,"Paul Walker, Steve Wormer, John Ashton, A.J. Langer, Robert Englund, Megan Cavanagh",United States,12-11-19,1998,PG,94 min,"Buddy, Comedy",Two surfer dudes try to stop an ex-park ranger from stealing Old Faithful.,Buddy
s1068,Movie,Meet the Robinsons,Stephen Anderson,"Angela Bassett, Daniel Hansen, Jordan Fry, Matthew Josten, John Ford, Dara McGarry",United States,12-11-19,2007,G,97 min,"Action-Adventure, Animation, Family",A young inventor uses time travel to find the family he never knew.,Action-Adventure
s1069,Movie,Melody Time,"Clyde Geronimi, Jack Kinney, Hamilton Luske","Roy Rogers, Trigger , Dennis Day, The Andrews Sisters , Fred Waring and His Pennsylvanians , Freddy Martin",United States,12-11-19,1948,TV-PG,76 min,"Animation, Anthology, Family",Classic stories blend high-spirited music and unforgettable characters. See details for advisory.,Animation
s1070,Movie,Mickey Down Under,Charles Nichols,Missing Cast,United States,12-11-19,1948,TV-G,7 min,"Animation, Comedy, Family",Mickey and Pluto vacation in Australia. See details for advisory.,Animation
s1071,TV Show,Mickey Mouse (Shorts),Missing Director,Missing Cast,United States,12-11-19,2012,TV-G,5 Seasons,"Animation, Kids","All-new series of cartoon shorts, Mickey Mouse finds himself in silly situations around the world!",Animation
s1072,TV Show,Mickey Mouse Club (1955-59),Missing Director,Missing Cast,United States,12-11-19,1955,TV-PG,1 Season,"Family, Variety",The Mickey Mouse Club is a variety show featuring the Mouseketeers. See details for advisory.,Family
s1073,Movie,"Mickey, Donald, Goofy: The Three Musketeers",Donovan Cook,"Wayne Allwine, Tony Anselmo, Bill Farmer, Russi Taylor, Tress MacNeille, Jim Cummings",United States,12-11-19,2004,G,71 min,"Action-Adventure, Animation, Family",An animated version of the classic tale starring three Disney favorites.,Action-Adventure
s1074,Movie,Mickey's Birthday Party,Riley Thomson,"Walt Disney, Thelma Boardman, Pinto Colvig, Clarence Nash, Florence Gill",United States,12-11-19,1942,TV-G,9 min,"Animation, Comedy, Family",The gang gives Mickey a surprise birthday party. See details for advisory.,Animation
s1075,Movie,Mickey's Christmas Carol,Burny Mattinson,"Alan Young, Wayne Allwine, Hal Smith, Will Ryan, Eddy Carroll, Patricia Parris",United States,12-11-19,1983,G,26 min,"Animation, Comedy, Family",All your Disney pals star in this retelling of a Dickens Christmas classic.,Animation
s1076,Movie,Mickey's Delayed Date,Charles Nichols,Missing Cast,United States,12-11-19,1947,TV-G,7 min,"Animation, Comedy, Family",Pluto helps Mickey get ready when he forgets about his big date. See details for advisory.,Animation
s1077,Movie,Mickey's Once Upon a Christmas,"Bradley Raymond, Jun Falkenstein, Bill Speers","Kelsey Grammer, Wayne Allwine, Russi Taylor, Tony Anselmo, Diane Michelle, Tress MacNeille",United States,12-11-19,1999,TV-G,67 min,"Animation, Anthology, Comedy",Join Mickey and his pals for tales of their most memorable Christmases.,Animation
s1078,Movie,Mickey's Rival,"Wilfred Jackson, Walt Disney","Walt Disney, Marcelite Garner, Sonny Dawson",United States,12-11-19,1936,TV-G,9 min,"Animation, Comedy, Family","Mickey's rival, Mortimer, strives for Minnie's affections. See details for advisory.",Animation
s1079,Movie,Mickey's Trailer,Ben Sharpsteen,"Clarence Nash, Pinto Colvig, Walt Disney",United States,12-11-19,1938,TV-PG,8 min,"Animation, Comedy, Family","Mickey, Donald and Goofy are on an adventurous car trip. See details for advisory.",Animation
s1080,Movie,Mickey's Twice Upon a Christmas,Matthew O'Callaghan,"Wayne Allwine, Tony Anselmo, Jeff Bennett, Jim Cummings, Bill Farmer, Tress MacNeille",United States,12-11-19,2004,G,70 min,"Animation, Anthology, Comedy",Mickey and his pals learn the true meaning of Christmas…with Santa's help.,Animation
s1081,Movie,Mighty Joe Young,Ron Underwood,"Bill Paxton, Charlize Theron, Rade Šerbedžija, Regina King, Peter Firth, Naveen Andrews",United States,12-11-19,1998,PG,116 min,"Action-Adventure, Animals & Nature, Family","Taken to Hollywood to hide, a mighty gorilla is chased by a hunter.",Action-Adventure
s1082,Movie,Mike's New Car,"Pete Docter, Roger Gould","Billy Crystal, John Goodman",United States,12-11-19,2002,TV-G,5 min,"Animation, Buddy, Comedy",Mike and Sulley try to take Mike's new car for a ride.,Animation
s1083,Movie,Minutemen,Lev Spiro,"Jason Dolley, Luke Benward, Nicholas Braun, Chelsea Staub, Steven McQueen, Kara Crane",United States,12-11-19,2008,TV-G,91 min,"Action-Adventure, Comedy, Science Fiction",Three teen outcasts invent a time machine to save their social lives.,Action-Adventure
s1084,Movie,Miracle,Gavin O'Connor,"Kurt Russell, Patricia Clarkson, Noah Emmerich, Sean McCann, Kenneth Welsh, Eddie Cahill","Canada, United States",12-11-19,2004,PG,137 min,"Drama, Historical, Sports",The story of the 1980 U.S. Olympic hockey team's win over a seemingly invincible Soviet squad.,Drama
s1085,Movie,Miracle at Midnight,Ken Cameron,"Sam Waterston, Mia Farrow, Justin Whalin, Patrick Malahide, Benedick Blythe",United States,12-11-19,1998,TV-14,89 min,"Drama, Historical",A family risks their lives to help their neighbors escape the Nazis.,Drama
s1086,Movie,Miracle in Lane 2,Greg Beeman,"Frankie Muniz, Rick Rossovich, Molly Hagan, Patrick Levis, Roger Brown, Tuc Watkins",United States,12-11-19,2000,TV-G,90 min,"Biographical, Drama, Sports",A physically challenged boy strives to compete in a national soapbox derby.,Biographical
s1087,Movie,Miracle Landing on the Hudson,Missing Director,"Todd Boyce, Miriam Lucia, James McGregor, Nathan Nolan, Phillip Wright",United States,12-11-19,2014,TV-G,44 min,"Action-Adventure, Documentary","The true story of the terrifying, ultimately triumphant landing of Flight 1549 in the Hudson River.",Action-Adventure
s1088,Movie,Mission to the Sun,Daniel Smith,"Henry Goodman, Jack Baker",United States,12-11-19,2018,TV-PG,44 min,Documentary,A NASA mission to study the sun gathers data on potentially devastating solar storms.,Documentary
s1089,Movie,Moana,"John Musker, Ron Clements","Auli'i Cravalho, Dwayne Johnson, Rachel House, Temuera Morrison, Nicole Scherzinger, Jemaine Clement",United States,12-11-19,2016,PG,108 min,"Action-Adventure, Animation, Family",Moana and Maui set sail on a journey across the ocean to save the world.,Action-Adventure
s1090,Movie,Mom's Got a Date With a Vampire,Stephen Boyum,"Matthew O'Leary, Laura Vandervoort, Myles Jeffrey, Caroline Rhea, Charles Shaughnessy, Robert Carradine","Canada, United States",12-11-19,2000,TV-PG,83 min,"Comedy, Fantasy",Two kids set up their mom on a date with a vampire.,Comedy
s1091,Movie,Monsters University,Dan Scanlon,"Billy Crystal, John Goodman, Steve Buscemi, Helen Mirren, Peter Sohn, Joel Murray",United States,12-11-19,2013,G,104 min,"Animation, Buddy, Comedy",Discover how Mike and Sulley first met at Monsters University.,Animation
s1092,Movie,"Monsters, Inc.",Pete Docter,"John Goodman, Billy Crystal, Mary Gibbs, Steve Buscemi, James Coburn, Jennifer Tilly",United States,12-11-19,2001,G,93 min,"Animation, Buddy, Comedy",A little girl named Boo wanders into the world of monsters.,Animation
s1093,Movie,Motocrossed,Steve Boyum,"Alana Austin, Riley Smith, Mary-Margaret Humes, Trever O'Brien, Timothy Carhart, Scott Terra",United States,12-11-19,2001,TV-G,92 min,"Drama, Sports",Andi takes her brother's spot in a motocross race after he injures his leg.,Drama
s1094,Movie,Mr. Boogedy,Oz Scott,"Richard Masur, Mimi Kennedy, Benjamin Gregory, David Faustino, Kristy Swanson, Howard Witt",United States,12-11-19,1986,TV-PG,46 min,"Comedy, Fantasy",A New England family finds their new home is haunted by a local legend.,Comedy
s1095,Movie,Mr. Duck Steps Out,Jack King,Missing Cast,United States,12-11-19,1940,TV-G,9 min,"Animation, Comedy, Family",Donald attempts to court Daisy. See details for advisory.,Animation
s1096,Movie,Mr. Mouse Takes a Trip,Clyde Geronimi,Missing Cast,United States,12-11-19,1940,TV-G,8 min,"Animation, Comedy, Family",Mickey Mouse and Pluto hit the road - and run into trouble. See details for advisory.,Animation
s1097,Movie,Mulan II,"Darrell Rooney, Lynne Southerland","Ming-Na Wen, B.D. Wong, Mark Moseley, Lucy Liu, Harvey Fierstein, Sandra Oh","United States, South Korea, Singapore, Russia, Malaysia, Kazakhstan, Taiwan, Hong Kong, Japan, China, India, Syria, Iran, Egypt, Pakistan",12-11-19,2005,G,82 min,"Action-Adventure, Animation, Family",Mulan must complete a dangerous mission before marrying General Shang.,Action-Adventure
s1098,TV Show,Muppet Moments (Shorts),Missing Director,Missing Cast,United States,12-11-19,2014,TV-Y7,1 Season,"Anthology, Comedy, Kids",Join the Muppets as they share unforgettable moments.,Anthology
s1099,Movie,Muppet Treasure Island,Brian Henson,"Tim Curry, Kevin Bishop, Billy Connolly, Jennifer Saunders, Dave Goelz, Steve Whitmire",United States,12-11-19,1996,G,101 min,"Action-Adventure, Comedy, Family",The classic pirate tale gets a fun and zany Muppet twist.,Action-Adventure
s1100,Movie,Muppets Most Wanted,James Bobin,"Ricky Gervais, Ty Burrell, Tina Fey, Steve Whitmire, Eric Jacobson, Dave Goelz",United States,12-11-19,2014,PG,111 min,"Action-Adventure, Comedy, Family",The Muppets find themselves entangled in an international crime caper.,Action-Adventure
s1101,Movie,My Favorite Martian,Donald Petrie,"Jeff Daniels, Christopher Lloyd, Elizabeth Hurley, Daryl Hannah, Wallace Shawn, Christine Ebersole",United States,12-11-19,1999,PG,94 min,"Comedy, Science Fiction",A TV reporter happens on the story of the millennium when a Martian lands on Earth.,Comedy
s1102,TV Show,My Friends Tigger & Pooh,Missing Director,Jim Cummings,United States,12-11-19,2006,TV-Y,2 Seasons,"Animation, Kids","Pooh, Tigger, and friends from the Hundred Acre Wood welcome new neighbors",Animation
s1103,Movie,National Treasure: Book of Secrets,Jon Turteltaub,"Nicolas Cage, Jon Voight, Harvey Keitel, Ed Harris, Diane Kruger, Justin Bartha",United States,12-11-19,2007,PG,125 min,"Action-Adventure, Mystery, Thriller",Ben Gates must kidnap the president to prove his ancestor's innocence.,Action-Adventure
s1104,Movie,Newsies,Kenny Ortega,"Christian Bale, David Moscow, Bill Pullman, Gabriel Damon, Luke Edwards, Max Casella",United States,12-11-19,1992,PG,122 min,"Coming of Age, Drama, Family",New York City paperboys battle a greedy newspaper tycoon in 1899.,Coming of Age
s1105,Movie,Newsies: The Broadway Musical,"Jeff Calhoun, Brett Sullivan","Jeremy Jordan, Kara Lindsay, Ben Fankhauser, Andrew Keenan-Bolger, Steve Blanchard, Aisha de Haas",United States,12-11-19,2017,PG,134 min,"Coming of Age, Drama, Family",Gutsy newsboys take on newspaper titans in 1899. Filmed live in Hollywood.,Coming of Age
s1106,Movie,Noelle,Marc Lawrence,"Anna Kendrick, Bill Hader, Kingsley Ben-Adir, Billy Eichner, Julie Hagerty, Shirley MacLaine",United States,12-11-19,2019,G,105 min,"Comedy, Family, Fantasy",Kris Kringle's daughter must find her brother and bring him back in time to save Christmas.,Comedy
s1107,Movie,Now You See It,Duwayne Dunham,"Alyson Michalka, Johnny Pacar, Frank Langella, Brendan Hill, Chris Olivero, Gabriel Sunday",United States,12-11-19,2005,TV-G,89 min,"Coming of Age, Fantasy",An aspiring TV producer searches for the world's greatest kid magician.,Coming of Age
s1108,Movie,Olaf's Frozen Adventure,"Stevie Wermers-Skelton, Kevin Deters","Josh Gad, Idina Menzel, Kristen Bell, Jonathan Groff, Chris Williams, John de Lancie",United States,12-11-19,2017,G,25 min,"Animation, Comedy, Family",Olaf and Sven set out to save Christmas for Anna and Elsa.,Animation
s1109,Movie,Old Yeller,Robert Stevenson,"Dorothy McGuire, Fess Parker, Jeff York, Chuck Connors, Beverly Washburn, Tommy Kirk",United States,12-11-19,1957,G,84 min,"Animals & Nature, Drama, Family",The quintessential film about a boy's love for his dog.,Animals & Nature
s1110,Movie,Oliver & Company,George Scribner,"Joey Lawrence, Billy Joel, Cheech Marin, Richard Mulligan, Roscoe Browne, Sheryl Ralph",United States,12-11-19,1988,G,76 min,"Action-Adventure, Animation, Musical",A feisty young cat explores New York in this animated spin on Oliver Twist.,Action-Adventure
s1111,Movie,Once Upon a Mattress,Kathleen Marshall,"Carol Burnett, Tracey Ullman, Denis O'Hare, Zooey Deschanel, Michael Boatman, Edward Hibbert",United States,12-11-19,2005,TV-PG,88 min,"Comedy, Family, Fantasy","A fractured retelling of the classic ""The Princess and The Pea.""",Comedy
s1112,Movie,One Magic Christmas,Phillip Borsos,"Mary Steenburgen, Gary Basaraba, Elizabeth Harnois, Arthur Hill, Wayne Robson, Jan Rubes","Canada, United States",12-11-19,1985,G,89 min,"Drama, Fantasy",A young mother rediscovers the joy of Christmas thanks to the unshakable faith of her daughter.,Drama
s1113,Movie,One Man Band,"Mark Andrews, Andrew Jimenez",Missing Cast,United States,12-11-19,2006,G,5 min,"Animation, Comedy, Family",A girl gets caught in the middle of a musical duel.,Animation
s1114,Movie,Operation Dumbo Drop,Simon Wincer,"Danny Glover, Ray Liotta, Denis Leary, Doug Doug, Corin Nemec, Tcheky Karyo",United States,12-11-19,1995,PG,109 min,"Action-Adventure, Animals & Nature, Comedy",Soldiers secretly transport an elephant across 200 miles of rugged terrain.,Action-Adventure
s1115,TV Show,Origins: The Journey of Humankind,Missing Director,"Mark Monroe, Jason Silva",United States,12-11-19,2016,TV-14,1 Season,"Docuseries, Historical","Hosted by Jason Silva, this eight-part series illuminates key developments in human culture.",Docuseries
s1116,TV Show,Out of the Box,Missing Director,"Vivian Bayubay, Tony James, Jill Schackner, Aleisha Allen, Cece Cortes, Nicholas Eng",United States,12-11-19,1998,TV-G,3 Seasons,Kids,A group of children come and play in a clubhouse made entirely out of painted cardboard boxes.,Kids
s1117,Movie,Paris To Pittsburgh,"Sidney Beaumont, Michael Bonfiglio",Rachel Brosnahan,United States,12-11-19,2018,TV-PG,77 min,Documentary,Americans are demanding action on climate change and taking matters into their own hands.,Documentary
s1118,Movie,Partly Cloudy,Peter Sohn,"Tony Fucile, Lori Richardson",United States,12-11-19,2009,G,6 min,"Animation, Comedy, Family",Cloud people bring babies to life to storks to deliver,Animation
s1119,Movie,Party Central,Kelsey Mann,"John Goodman, Billy Crystal, Dave Foley, Sean Hayes, Joel Murray, Charlie Day",United States,12-11-19,2014,PG,7 min,"Animation, Comedy, Family",Mike and Sulley return to Monsters University.,Animation
s1120,Movie,Perri,"N. Paul Kenworthy, Ralph Wright",Winston Hibler,United States,12-11-19,1957,G,75 min,"Animals & Nature, Documentary, Family",The story of a little Pine Squirrel named Perri and her life in the forest.,Animals & Nature
s1121,Movie,Pete's Dragon,David Lowery,"Bryce Howard, Oakes Fegley, Wes Bentley, Karl Urban, Oona Laurence, Isiah Whitlock Jr.",United States,12-11-19,2016,PG,106 min,"Action-Adventure, Family, Fantasy",A mysterious boy claims to live in the woods with a giant green dragon.,Action-Adventure
s1122,Movie,Peter Pan,"Hamilton Luske, Clyde Geronimi, Wilfred Jackson","Bobby Driscoll, Kathryn Beaumont, Hans Conried, Bill Thompson, Heather Angel, Paul Collins",United States,12-11-19,1953,G,79 min,"Action-Adventure, Animation, Family",Adventures await when Peter Pan and his friends fly to Never Land. See details for advisory.,Action-Adventure
s1123,Movie,Peter Pan: Return to Never Land,Robin Budd,"Harriet Owen, Blayne Weaver, Corey Burton, Jeff Bennett, Kath Soucie, Andrew McDonough","United States, Canada, Australia",12-11-19,2002,G,77 min,"Action-Adventure, Animation, Family",Wendy's daughter Jane is whisked away to Never Land by Captain Hook.,Action-Adventure
s1124,Movie,Phantom of the Megaplex,Blair Treu,"Taylor Handley, Corinne Bohrer, Caitlin Wachs, Jacob Smith, Rich Hutchman, John Novak","United States, Canada",12-11-19,2000,TV-G,89 min,"Comedy, Coming of Age",A phantom haunting a local megaplex threatens to ruin a premiere gala.,Comedy
s1125,TV Show,Phil of the Future,Missing Director,"Ricky Ullman, Amy Bruckner, Craig Anton, Lise Simms, Alyson Michalka",United States,12-11-19,2003,TV-G,2 Seasons,"Comedy, Coming of Age, Kids",Phil is just your average teenager – whose family crash-landed here from the year 2121.,Comedy
s1126,TV Show,Phineas and Ferb,Missing Director,"Vincent Martella, Ashley Tisdale, Thomas Sangster, Caroline Rhea, Alyson Stoner, Mitchel Musso","United States, South Korea, China, Taiwan",12-11-19,2007,TV-G,4 Seasons,"Action-Adventure, Animation, Comedy",Phineas and Ferb have big summertime adventures with friends.,Action-Adventure
s1127,Movie,Phineas and Ferb the Movie: Across the 2nd Dimension,"Dan Povenmire, Robert Hughes","Vincent Martella, Ashley Tisdale, Thomas Brodie-Sangster, Caroline Rhea, Richard O'Brien, Dan Povenmire","United States, Taiwan, China",12-11-19,2011,TV-G,79 min,"Action-Adventure, Animation, Comedy",Phineas and Ferb jump dimensions and learn Perry is a real secret agent.,Action-Adventure
s1128,Movie,Phineas and Ferb: Mission Marvel,"Robert Hughes, Sue Perrotto","Vincent Martella, Ashley Tisdale, Thomas Brodie-Sangster, Caroline Rhea, Richard O'Brien, Dan Povenmire",United States,12-11-19,2013,TV-G,46 min,"Action-Adventure, Animation, Comedy",Two Universes Collide In One Epic Adventure!,Action-Adventure
s1129,Movie,Piglet's Big Movie,Francis Glebas,"John Fiedler, Jim Cummings, Andre Stojka, Kath Soucie, Nikita Hopkins, Peter Cullen",United States,12-11-19,2003,G,78 min,"Action-Adventure, Animation, Kids","When Piglet disappears, his friends band together to find him.",Action-Adventure
s1130,Movie,Pinocchio,"Ben Sharpsteen, Hamilton Luske","Dickie Jones, Christian Rub, Cliff Edwards, Evelyn Venable, Walter Catlett, Charles Judels",United States,12-11-19,1940,G,90 min,"Animation, Family, Fantasy",A little wooden puppet yearns to become a real boy.,Animation
s1131,Movie,Piper,Alan Barillaro,Missing Cast,United States,12-11-19,2016,G,6 min,"Animals & Nature, Animation, Family",A sandpiper exploring by the shore encounters scary waves.,Animals & Nature
s1132,Movie,Pirates of the Caribbean: At World's End,Gore Verbinski,"Johnny Depp, Orlando Bloom, Keira Knightley, Stellan Skarsgård, Bill Nighy, Chow Yun-Fat",United States,12-11-19,2007,PG-13,169 min,"Action-Adventure, Fantasy",An alliance forms to rescue Captain Jack Sparrow from Davy Jones' locker.,Action-Adventure
s1133,Movie,Pirates of the Caribbean: Dead Man's Chest,Gore Verbinski,"Johnny Depp, Orlando Bloom, Keira Knightley, Stellan Skarsgård, Bill Nighy, Jack Davenport",United States,12-11-19,2006,PG-13,152 min,"Action-Adventure, Fantasy","Captain Jack Sparrow must seize the ""Dead Man's Chest"" to cheat death.",Action-Adventure
s1134,Movie,Pirates of the Caribbean: The Curse of the Black Pearl,Gore Verbinski,"Johnny Depp, Geoffrey Rush, Orlando Bloom, Keira Knightley, Jack Davenport, Kevin McNally",United States,12-11-19,2003,PG-13,144 min,"Action-Adventure, Fantasy",Jack Sparrow and Will Turner partner to save the governor's daughter.,Action-Adventure
s1135,TV Show,Pixar In Real Life,Missing Director,Missing Cast,United States,12-11-19,2019,TV-G,1 Season,"Anthology, Comedy, Family",Characters and moments from Pixar films are brought to life to the surprise of real people.,Anthology
s1136,Movie,Pixel Perfect,Mark Dippé,"Ricky Ullman, Leah Pipes, Spencer Redford, Chris Williams, Tania Gunadi, Porscha Coleman",United States,12-11-19,2004,TV-G,90 min,"Comedy, Coming of Age, Music",A techno whiz must protect his hologram from falling into the wrong hands.,Comedy
s1137,Movie,Planet of the Birds,Missing Director,Rodd Houston,United States,12-11-19,2018,TV-PG,45 min,"Animals & Nature, Documentary, Family","Tough and versatile, birds live in almost every habitat across the world.",Animals & Nature
s1138,Movie,Pluto and the Gopher,Charles Nichols,Missing Cast,United States,12-11-19,1950,TV-PG,7 min,"Animation, Comedy, Family",Pluto tries to catch a gopher in Minnie's garden. See details for advisory.,Animation
s1139,Movie,Pluto's Christmas Tree,Jack Hannah,"Jimmy MacDonald, Pinto Colvig, Clarence Nash, Ruth Clifford, Dessie Miller",United States,12-11-19,1952,TV-Y7,7 min,"Animation, Family, Kids",Pluto and Mickey bring home a special Christmas Tree. See details for advisory.,Animation
s1140,Movie,Pluto's Surprise Package,Charles Nichols,Missing Cast,United States,12-11-19,1949,TV-G,7 min,"Animation, Comedy, Family","Pluto tries to bring in the mail, but one parcel refuses to cooperate. See details for advisory.",Animation
s1141,Movie,Pluto's Sweater,Charles Nichols,Missing Cast,United States,12-11-19,1949,TV-G,7 min,"Animation, Comedy, Family",Pluto hates the sweater that Minnie knits for him. See details for advisory.,Animation
s1142,Movie,Pocahontas,"Mike Gabriel, Eric Goldberg","Irene Bedard, Judy Kuhn, Mel Gibson, David Ogden Stiers, John Kassir, Russell Means",United States,12-11-19,1995,G,85 min,"Action-Adventure, Animation, Family",Free-spirited Pocahontas must find her own path.,Action-Adventure
s1143,Movie,Pocahontas II: Journey to a New World,"Bradley Raymond, Tom Ellery","Irene Bedard, Jim Cummings, Donal Gibson, Finola Hughes, Linda Hunt, Judy Kuhn",United States,12-11-19,1998,G,77 min,"Action-Adventure, Animation, Family",Pocahontas sets sail for England and the allure of life in a new land.,Action-Adventure
s1144,Movie,Pollyanna,David Swift,"Jane Wyman, Richard Egan, Karl Malden, Nancy Olson, Adolphe Menjou, Donald Crisp",United States,12-11-19,1960,G,135 min,"Coming of Age, Drama, Family","An orphan brings sunshine into the lives of everyone she meets, despite her stifling aunt.",Coming of Age
s1145,Movie,Pooh's Grand Adventure: The Search for Christopher Robin,Karl Geurs,"Jim Cummings, John Fiedler, Ken Sansom, Andre Stojka, Peter Cullen, Brady Bluhm",United States,12-11-19,1997,TV-G,78 min,"Action-Adventure, Animation, Kids",Pooh and his pals set off on an adventure to find their best friend.,Action-Adventure
s1146,Movie,Pooh's Heffalump Movie,Frank Nissen,"Jim Cummings, John Fiedler, Nikita Hopkins, Kath Soucie, Ken Sansom, Peter Cullen",United States,12-11-19,2005,G,73 min,"Action-Adventure, Animation, Kids",Pooh and his friends are shocked when Roo befriends a playful Heffalump.,Action-Adventure
s1147,Movie,Presto,Doug Sweetland,Missing Cast,United States,12-11-19,2008,G,5 min,"Animation, Family, Kids",Presto forgets to feed his rabbit one too many times.,Animation
s1148,Movie,Princess Protection Program,Allison Liddi-Brown,"Demi Lovato, Selena Gomez, Nicholas Braun, Molly Hagan, Johnny Rodriguez, Jamie Chung",United States,12-11-19,2009,TV-G,90 min,"Buddy, Comedy, Coming of Age",Royalty and roughing it collide when a princess moves in with a tomboy.,Buddy
s1149,Movie,Purl,Kristen Lester,"Bret Parker, Emily Davis, Kelsey Mann, Austin Madison, Erik Langley, Michael Daley",United States,12-11-19,2019,PG,12 min,"Animation, Comedy, Family",Purl gets a job at a start-up and must decide how far is she willing to go to be accepted.,Animation
s1150,TV Show,Quack Pack,Missing Director,"Tony Anselmo, James Avery, Brian Cummings, E.G. Daily, Jeannie Elias, Pamela Segall",United States,12-11-19,1996,TV-Y,1 Season,"Action-Adventure, Animation, Comedy","This cartoon follows on from the 1980's cartoon ""DuckTales"".",Action-Adventure
s1151,Movie,Queen of Katwe,Mira Nair,"David Oyelowo, Lupita Nyong'o, Madina Nalwanga, Martin Kabanza, Taryn Kyaze, Esther Tebandeke",United States,12-11-19,2016,PG,125 min,"Biographical, Drama, Sports",A Ugandan girl’s life changes forever when she discovers she has an amazing talent for chess.,Biographical
s1152,Movie,Quints,Bill Corcoran,"Kimberly Brown, Daniel Roebuck, Elizabeth Morehead, Shadia Simmons, Jake Epstein, Vince Corazza","Canada, United States",12-11-19,2000,TV-G,83 min,"Comedy, Coming of Age",Jamie is the center of attention until her mom gives birth to quintuplets.,Comedy
s1153,Movie,Ratatouille,Brad Bird,"Patton Oswalt, Ian Holm, Lou Romano, Brian Dennehy, Peter Sohn, Peter O'Toole",United States,12-11-19,2007,G,111 min,"Animation, Comedy, Family",A determined young rat dreams of becoming a French chef.,Animation
s1154,Movie,Read It and Weep,Paul Hoen,"Kay Panabaker, Jason Dolley, Robin Riker, Tom Virtue, Alexandra Krosney, Danielle Panabaker",United States,12-11-19,2006,TV-G,85 min,"Comedy, Coming of Age, Drama",Jamie's journal accidentally becomes a best-selling book.,Comedy
s1155,Movie,Ready to Run,Duwayne Dunham,"Krissy Perez, Jason Dohring, Lillian Hurst, Jon Brazier, Nestor Serrano, Theresa Saldana","United States, New Zealand",12-11-19,2000,TV-G,89 min,"Animals & Nature, Coming of Age, Family",Corrie dreams of becoming a jockey despite her father's race-related death.,Animals & Nature
s1156,Movie,Recess: All Growed Down,"Howy Parkins, Chuck Sheetz","Rickey Collins, Jason Davis, Ashley Johnson, Myles Jeffrey, Andrew Lawrence, Ross Malinger",United States,12-11-19,2003,G,61 min,"Animation, Comedy, Family",T.J. and the gang are captured by the kindergartners.,Animation
s1157,Movie,Recess: School's Out,Chuck Sheetz,"Rickey Collins, Jason Davis, Ashely Johnson, Andy Lawrence, Courtland Mead, Pam Segall","United States, Japan",12-11-19,2001,G,87 min,"Animation, Comedy, Family",Third Street Elementary students band together to save summer break.,Animation
s1158,Movie,Recess: Taking the 5th Grade,Howy Parkins,"Rickey Collins, Jason Davis, Myles Jeffrey, Ashley Johnson, Courtland Mead, Pamela Adlon",United States,12-11-19,2003,G,63 min,"Animation, Comedy, Family",The gang graduates to the fifth grade but discovers some unwelcome changes.,Animation
s1159,Movie,Red's Dream,John Lasseter,Missing Cast,United States,12-11-19,1987,TV-G,4 min,"Animation, Drama, Family","Red, a unicycle, dreams that he steals the show.",Animation
s1160,Movie,Remember the Titans,Boaz Yakin,"Denzel Washington, Will Patton, Donald Faison, Wood Harris, Ryan Hurst, Ethan Suplee",United States,12-11-19,2000,PG,114 min,"Drama, Historical, Sports",An African-American coach leads a newly integrated high school football team in 1970s Virginia.,Drama
s1161,Movie,Rescue Dog,Charles Nichols,Missing Cast,United States,12-11-19,1947,TV-G,7 min,"Animation, Comedy, Family",Rescue dog Pluto must deal with a playful seal pup. See details for advisory.,Animation
s1162,Movie,Return from Witch Mountain,John Hough,"Bette Davis, Christopher Lee, Kim Richards, Ike Eisenmann, Jack Soo, Anthony James",United States,12-11-19,1978,G,94 min,"Action-Adventure, Family, Science Fiction",Sinister masterminds manipulate a boy's supernatural powers for their own devious gain.,Action-Adventure
s1163,Movie,Return to Halloweentown,David Jackson,"Sara Paxton, Judith Hoag, Lucas Grabeel, J. Zimmerman, Kristy Wu, Keone Young",United States,12-11-19,2006,TV-PG,89 min,"Family, Fantasy",Marnie Piper holds the key to Witch University's ultimate secret.,Family
s1164,Movie,Return to Oz,Walter Murch,"Nicol Williamson, Jean Marsh, Piper Laurie, Matt Clark, Fairuza Balk, Michael Sundin","United Kingdom, United States",12-11-19,1985,PG,110 min,"Action-Adventure, Family, Fantasy",Dorothy battles the wicked Princess Mombi and the evil Nome King to restore the Emerald City.,Action-Adventure
s1165,Movie,Richie Rich's Christmas Wish,John Murlowski,"David Gallagher, Eugene Levy, Keene Curtis, Jake Richardson, Martin Mull, Lesley Warren",United States,12-11-19,1998,G,85 min,"Action-Adventure, Comedy, Family",A wishing machine transports Richie Rich to an alternate universe.,Action-Adventure
s1166,Movie,Right on Track,Duwayne Dunham,"Beverley Mitchell, Brie Larson, Marcus Toji, Jodi Russell, Jon Lindstrom, Ruby O'Neil",United States,12-11-19,2003,TV-G,88 min,"Buddy, Family, Sports",Two sisters fight for their place in male-dominated junior drag racing.,Buddy
s1167,Movie,Riley’s First Date?,Josh Cooley,"Lori Alan, Carlos Alazraqui, Lewis Black, Josh Cooley, Ben Cox, Kaitlyn Dias",United States,12-11-19,2015,G,8 min,"Animation, Comedy, Coming of Age",A boy shows up at Riley's door.,Animation
s1168,Movie,Rip Girls,Joyce Chopra,"Camilla Belle, Dwier Brown, Stacie Hess, Brian Stark, Jeanne Mori, Lauren Sinclair","Australia, United States",12-11-19,2000,TV-G,87 min,"Coming of Age, Drama",Sydney questions a decision to sell her inherited Hawaiian land.,Coming of Age
s1169,Movie,Robin Hood,Wolfgang Reitherman,"Roger Miller, Peter Ustinov, Terry-Thomas , Brian Bedford, Monica Evans, Phil Harris",United States,12-11-19,1973,G,85 min,"Action-Adventure, Animation, Family",Disney's animated classic tale of England's legendary hero.,Action-Adventure
s1170,TV Show,Rocky Mountain Animal Rescue,Missing Director,Chopper Bernet,United States,12-11-19,2018,TV-PG,1 Season,"Animals & Nature, Docuseries, Family",Officers and vets in the Pike's Peak area of Colorado handle thousands of animal emergencies a year.,Animals & Nature
s1171,Movie,Rogue One: A Star Wars Story,Gareth Edwards,"Felicity Jones, Diego Luna, Ben Mendelsohn, Donnie Yen, Mads Mikkelsen, Alan Tudyk",United States,12-11-19,2016,PG-13,134 min,"Action-Adventure, Science Fiction",Unlikely heroes band together to steal the plans to the Death Star.,Action-Adventure
s1172,Movie,Roving Mars,George Butler,"Paul Newman, Steve Squyres, Rob Manning, Dr. Elachi, Wayne Lee",United States,12-11-19,2006,G,41 min,"Documentary, Family",Explore the surface of the red planet through the eyes of two NASA rovers.,Documentary
s1173,Movie,Ruby Bridges,Euzhan Palcy,"Penelope Miller, Kevin Pollak, Michael Beach, Jean Kelly, Peter James, Patrika Darbo",United States,12-11-19,1998,TV-PG,90 min,"Biographical, Drama, Historical",A little girl becomes the first African-American to integrate her school.,Biographical
s1174,Movie,Sacred Planet,Jon Long,"Robert Redford, Arapata McKay, Tsaan Ciqae, Mae Tui, Cy Peck Jr., Mutang Urud","Canada, Malaysia, United States",12-11-19,2004,G,47 min,"Animals & Nature, Documentary, Family",Visit some of the most exotic and beautiful places still in existence.,Animals & Nature
s1175,Movie,Saludos Amigos,"Bill Roberts, Jack Kinney, Ham Luske",Fred Shields,United States,12-11-19,1943,TV-PG,42 min,"Animation, Comedy, Family",Four animated shorts with Donald Duck and Goofy are set to a samba beat. See details for advisory.,Animation
s1176,Movie,"Sammy, The Way-Out Seal",Norman Tokar,"Jack Carson, Robert Culp, Patricia Barry, Elisabeth Fraser, Michael McGreevey, Billy Mummy",United States,12-11-19,1962,TV-G,43 min,"Animals & Nature, Comedy, Family",Two young brothers adopt an injured seal…without telling their parents. See details for advisory.,Animals & Nature
s1177,Movie,Sanjay's Super Team,Sanjay Patel,"Brenton Schraff, Sunny Attar, Arun Rao, Jaquelynn Herrera",United States,12-11-19,2015,PG,7 min,"Action-Adventure, Animation, Family",Young Sanjay daydreams of Hindu gods as superheroes.,Action-Adventure
s1178,Movie,Santa Paws 2: The Santa Pups,Robert Vince,"Cheryl Ladd, George Newbern, Pat Finn, Danny Woodburn, Obba Babatunde, Paul Rae",United States,12-11-19,2012,G,92 min,"Fantasy, Musical","When holiday spirit mysteriously begins to disappear, the Santa Pups race to save Christmas.",Fantasy
s1179,Movie,Santa's Workshop,Wilfred Jackson,Missing Cast,United States,12-11-19,1932,TV-G,7 min,"Animation, Family, Fantasy",Santa and his elves make toys to deliver on Christmas Eve See details for advisory.,Animation
s1180,Movie,Saving Mr. Banks,John Hancock,"Emma Thompson, Tom Hanks, Colin Farrell, Paul Giamatti, Jason Schwartzman, Bradley Whitford","United States, United Kingdom, Australia",12-11-19,2013,PG-13,129 min,"Biographical, Drama, Historical","Discover the untold story behind Walt Disney's 20-year effort to bring ""Mary Poppins"" to life.",Biographical
s1181,Movie,Science Fair,"Cristina Costantini, Darren Foster","Anjali Chadha, Ryan Folz, Harsha Paladugu, Abraham Riedel-Mishaan, Kashfia Rahman, Ivo Zell",United States,12-11-19,2018,PG,91 min,"Documentary, Family",Nine high school students compete at the International Science and Engineering Fair.,Documentary
s1182,Movie,Sea of Hope: America's Underwater Treasures,Robert Nixon,Max Kennedy,United States,12-11-19,2017,TV-PG,47 min,"Action-Adventure, Animals & Nature, Documentary",Oceanographer Sylvia Earle sets out to inspire the creation of 'blue parks' to protect the ocean.,Action-Adventure
s1183,Movie,Secret of The Wings,Peggy Holmes,"Mae Whitman, Lucy Hale, Timothy Dalton, Jeff Bennett, Lucy Liu, Raven-Symoné","United States, India, United Kingdom",12-11-19,2012,G,79 min,"Animation, Fantasy, Kids",Tink crosses into the forbidden Winter Woods and finds she has a sister.,Animation
s1184,Movie,Secretariat,Randall Wallace,"Diane Lane, John Malkovich, Dylan Walsh, James Cromwell, Kevin Connolly, Nelsan Ellis",United States,12-11-19,2010,PG,124 min,"Animals & Nature, Biographical, Drama","A housewife becomes the unlikely owner of a racehorse, then risks it all to make him a champion.",Animals & Nature
s1185,Movie,Secrets of Christ's Tomb: Explorer Special,Bob Strange,Missing Cast,United States,12-11-19,2017,TV-PG,47 min,"Documentary, Historical",A team of experts races to repair the structure housing Christ’s tomb.,Documentary
s1186,Movie,Secrets of Life,James Algar,Winston Hibler,United States,12-11-19,1956,TV-PG,70 min,"Animals & Nature, Documentary, Family",Discover Mother Nature’s secrets with a look at our ever-evolving planet.,Animals & Nature
s1187,Movie,Secrets of the King Cobra,Missing Director,Andre Braugher,India,12-11-19,2012,TV-PG,47 min,"Animals & Nature, Documentary",A new scientific expedition follows the king cobra into the wild for the first time.,Animals & Nature
s1188,TV Show,Shake It Up,Missing Director,"Bella Thorne, Zendaya , Davis Cleveland, Roshon Fegan, Adam Irigoyen, Kenton Duty",United States,12-11-19,2010,TV-G,3 Seasons,"Buddy, Comedy, Coming of Age",Best friends attend high school and dance professionally.,Buddy
s1189,Movie,Sharks of Lost Island,Missing Director,Chris McLinden,United States,12-11-19,2013,TV-PG,45 min,"Action-Adventure, Animals & Nature, Documentary",A team of explorers sets out to explore the sea and land of the remote Pitcairn Islands.,Action-Adventure
s1190,Movie,Sharpay's Fabulous Adventure,Michael Lembeck,"Ashley Tisdale, Austin Butler, Cameron Goodman, Bradley Perry, Alec Mapa, Jack Plotnick",United States,12-11-19,2011,TV-G,92 min,"Comedy, Coming of Age, Music",Aspiring diva Sharpay leaves suburbia and hits Broadway…and hits it hard.,Comedy
s1191,Movie,Shipwrecked,Nils Gaup,"Stian Smestad, Trond Peter Munch, Louisa Haigh, Gabriel Byrne, Bjørn Sundquist, Eva von Hanno","Norway, Sweden, United States",12-11-19,1991,PG,93 min,"Action-Adventure, Coming of Age, Family",A cabin boy must outwit a ruthless gang of pirates while shipwrecked on a jungle island.,Action-Adventure
s1192,TV Show,Silver Surfer,Missing Director,"Paul Essiembre, James Blendick, Robert Bockstael, Jennifer Daley, Colin Fox","United States, Canada",12-11-19,1997,TV-Y7,1 Season,"Action-Adventure, Animation, Kids",The adventures of the cosmic wanderer as he seeks his lost home after rebelling from his master.,Action-Adventure
s1193,Movie,Simpsons Movie,David Silverman,"Dan Castellaneta, Julie Kavner, Nancy Cartwright, Yeardley Smith, Harry Shearer, Hank Azaria",United States,12-11-19,2007,PG-13,88 min,"Action-Adventure, Animation, Comedy",Homer must save the world from a catastrophe he himself created.,Action-Adventure
s1194,Movie,Sister Act,Emile Ardolino,"Whoopi Goldberg, Maggie Smith, Harvey Keitel, Bill Nunn, Mary Wickes, Kathy Najimy",United States,12-11-19,1992,PG,101 min,"Comedy, Crime, Family",A low-rent lounge singer is forced to hide out from the mob in a convent.,Comedy
s1195,Movie,Sister Act 2: Back in the Habit,Bill Duke,"Whoopi Goldberg, Kathy Najimy, Barnard Hughes, Mary Wickes, James Coburn, Michael Jeter",United States,12-11-19,1993,PG,108 min,"Comedy, Family, Music",Deloris goes back undercover to try to save a troubled inner-city school.,Comedy
s1196,Movie,Skyrunners,Ralph Hemecker,"Kelly Blatz, Joey Pollari, Conrad Coates, Jacqueline Wood, Nathan Stephenson, Kerry Laifatt",United States,12-11-19,2009,TV-PG,93 min,"Action-Adventure, Science Fiction",Teen brothers discover a UFO near their town…and learn of an alien plot.,Action-Adventure
s1197,Movie,Sleeping Beauty,Clyde Geronimi,"Mary Costa, Eleanor Audley, Barbara Luddy, Taylor Holmes, Bill Shirley, Verna Felton",United States,12-11-19,1959,G,77 min,"Animation, Family, Fantasy",A fairy-tale classic about a princess saved by true love's kiss.,Animation
s1198,Movie,Smart House,LeVar Burton,"Ryan Merriman, Kevin Kilner, Jessica Steen, Katie Volding, Katey Sagal, Emilio Borelli",United States,12-11-19,1999,TV-G,82 min,"Comedy, Coming of Age, Drama",A computerized Smart House becomes an overly possessive virtual mother.,Comedy
s1199,Movie,Smash and Grab,Brian Larsen,Missing Cast,United States,12-11-19,2019,PG,8 min,"Animation, Buddy, Family",Two antiquated robots risk everything for freedom and for each other.,Animation
s1200,Movie,Snow White and The Seven Dwarfs,David Hand,"Adriana Caselotti, Harry Stockwell, Lucille LaVerne, Moroni Olsen, Billy Gilbert, Pinto Colvig",United States,12-11-19,1937,G,84 min,"Animation, Family, Fantasy",Discover the movie called “The Greatest Animated Film Of All Time”!,Animation
s1201,Movie,Snowball Express,Norman Tokar,"Dean Jones, Nancy Olson, Harry Morgan, Keenan Wynn, Johnny Whitaker, Michael McGreevy",United States,12-11-19,1972,G,94 min,"Comedy, Family, Sports",A New York accountant moves west when he inherits a dilapidated ski resort.,Comedy
s1202,Movie,Snowglobe,Ron Lagomarsino,"Christina Milian, Erin Karpluk, Hilda Doherty, Jason Schombing, James Kot, Andrew Krivanek",United States,12-11-19,2007,TV-PG,90 min,"Comedy, Family, Fantasy",Angela finds a snow globe that transports her into a Christmas wonderland.,Comedy
s1203,TV Show,So Weird,Missing Director,"Cara DeLizia, Patrick Levis, Erik von Detten, Belinda Metz, Dave Ward, Mackenzie Phillips",Canada,12-11-19,1999,TV-Y7,3 Seasons,"Fantasy, Kids, Mystery",A teenage girl travels the country on a rock tour while investigating the supernatural.,Fantasy
s1204,Movie,Society Dog Show,Bill Roberts,"Pinto Colvig, Walt Disney",United States,12-11-19,1939,TV-G,9 min,"Animation, Comedy, Family","Pluto is out of place at a dog show, but he proves to be a hero. See details for advisory.",Animation
s1205,TV Show,Spider-Man (Shorts),Missing Director,Missing Cast,United States,12-11-19,2016,TV-Y7,1 Season,"Action-Adventure, Animation, Kids",Peter uses science to investigate his spider bite.,Action-Adventure
s1206,TV Show,Spider-Man and His Amazing Friends,Missing Director,"Hans Conried, Jerry Dexter, George DiCenzo, Alan Dinehart, Walker Edminston, Michael Evans",United States,12-11-19,1982,TV-Y7,1 Season,"Action-Adventure, Animation, Kids",Spider-Man battles crime in New York City with the help of Iceman and Firestar.,Action-Adventure
s1207,TV Show,Spider-Man Unlimited,Missing Director,"Rino Romano, Kathleen Barr, Jim Byrnes, Garry Chalk, Paul Dobson","United States, Canada",12-11-19,1999,TV-Y7,1 Season,"Action-Adventure, Animation, Kids",Strap in to your seats and experience Spider-Man Unlimited!,Action-Adventure
s1208,TV Show,Spider-Woman,Missing Director,"Joan Ark, Bruce Miller, Bryan Scott, Lou Krugman, Dick Tufeld",United States,12-11-19,1979,TV-Y7,1 Season,"Action-Adventure, Animation, Kids",Jessica Drew has superhuman powers. She uses them as Spider-Woman.,Action-Adventure
s1209,TV Show,Star Wars Forces of Destiny (Shorts),Missing Director,"Ashley Eckstein, Matt Lanter, C1-10P a.k.a. ""Chopper"" , John Boyega, Vanessa Marshall, Felicity Jones",United States,12-11-19,2016,TV-Y7,2 Seasons,"Action-Adventure, Animation, Anthology",Untold stories from the heroines of Star Wars.,Action-Adventure
s1210,TV Show,Star Wars Rebels,Missing Director,"Taylor Gray, Vanessa Marshall, Freddie Prinze Jr., Tiya Sircar, Steve Blum, C1-10P a.k.a. ""Chopper""",United States,12-11-19,2014,TV-Y7,4 Seasons,"Action-Adventure, Animation, Kids",The Ghost crew provides a spark to ignite a rebellion.,Action-Adventure
s1211,TV Show,Star Wars Rebels (Shorts),Missing Director,Missing Cast,United States,12-11-19,2014,TV-Y7,1 Season,"Action-Adventure, Animation, Kids",It is a dark time in the galaxy as the Empire continues to tighten its grip.,Action-Adventure
s1212,Movie,Star Wars: A New Hope (Episode IV),George Lucas,"Mark Hamill, Harrison Ford, Carrie Fisher, Peter Cushing, Alec Guinness, Anthony Daniels",United States,12-11-19,1977,PG,125 min,"Action-Adventure, Science Fiction",A young farm boy intercepts a distress call from the captive Princess Leia.,Action-Adventure
s1213,Movie,Star Wars: Attack of the Clones (Episode II),George Lucas,"Ewan McGregor, Natalie Portman, Hayden Christensen, Frank Oz, Ian McDiarmid, Pernilla August",United States,12-11-19,2002,PG,143 min,"Action-Adventure, Science Fiction",Young Anakin and Padmé fall in love as galactic war looms.,Action-Adventure
s1214,TV Show,Star Wars: Blips,Missing Director,Missing Cast,United States,12-11-19,2019,TV-Y7-FV,1 Season,Series,What does a curious little droid do when he's not on a daring mission to save the galaxy?,Series
s1215,Movie,Star Wars: Return of the Jedi (Episode VI),Richard Marquand,"Mark Hamill, Harrison Ford, Carrie Fisher, Billy Williams, Anthony Daniels, Peter Mayhew",United States,12-11-19,1983,PG,135 min,"Action-Adventure, Science Fiction",Luke Skywalker faces Darth Vader in a final duel.,Action-Adventure
s1216,Movie,Star Wars: Revenge of the Sith (Episode III),George Lucas,"Ewan McGregor, Natalie Portman, Hayden Christensen, Ian McDiarmid, Frank Oz, Jimmy Smits",United States,12-11-19,2005,PG-13,140 min,"Action-Adventure, Science Fiction","As the Republic falls, Anakin Skywalker becomes the evil Darth Vader.",Action-Adventure
s1217,Movie,Star Wars: The Empire Strikes Back (Episode V),Irvin Kershner,"Mark Hamill, Harrison Ford, Carrie Fisher, Billy Williams, Anthony Daniels, David Prowse",United States,12-11-19,1980,PG,127 min,"Action-Adventure, Science Fiction",Luke Skywalker trains as a Jedi and confronts Darth Vader.,Action-Adventure
s1218,Movie,Star Wars: The Force Awakens (Episode VII),J.J. Abrams,"Harrison Ford, Mark Hamill, Carrie Fisher, Adam Driver, Daisy Ridley, John Boyega",United States,12-11-19,2015,PG-13,139 min,"Action-Adventure, Science Fiction","Rey, Finn, Han and Chewbacca search for the one hope of restoring peace.",Action-Adventure
s1219,Movie,Star Wars: The Phantom Menace (Episode I),George Lucas,"Liam Neeson, Ewan McGregor, Natalie Portman, Jake Lloyd, Pernilla August, Frank Oz",United States,12-11-19,1999,PG,136 min,"Action-Adventure, Science Fiction","Jedi discover Anakin Skywalker, a boy unusually strong in the Force.",Action-Adventure
s1220,Movie,Starstruck,Michael Grossman,"Sterling Knight, Danielle Campbell, Maggie Castle, Brandon Smith, Chelsea Staub, Beth Littleford",United States,12-11-19,2010,TV-G,81 min,"Comedy, Coming of Age, Music",Pop star Christopher Wilde must choose to follow his heart or embrace fame.,Comedy
s1221,Movie,Steamboat Willie,"Walt Disney, Ub Iwerks",Walt Disney,United States,12-11-19,1928,TV-Y7,8 min,"Animation, Family, Kids",Watch Mickey Mouse's classic cartoon debut. See details for advisory.,Animation
s1222,Movie,Stepsister from Planet Weird,Steve Boyum,"Courtnee Draper, Tamara Hope, Lance Guest, Khrystyne Haje, Vanessa Chester, Myles Jeffrey",United States,12-11-19,2000,TV-G,86 min,"Comedy, Family, Science Fiction",A human and an alien team up to stop their parents from getting married.,Comedy
s1223,Movie,Stitch! The Movie,"Tony Craig, Bobs Gannaway","Daveigh Chase, Chris Sanders, Tia Carrere, David Stiers, Kevin McDonald, Ving Rhames",United States,12-11-19,2003,G,62 min,"Animation, Comedy, Family","Stitch tries to save his intergalactic ""cousins"" from evil Captain Gantu.",Animation
s1224,Movie,Stonehenge Decoded: Secrets Revealed,Christopher Spencer,Craig Sechler,United Kingdom,12-11-19,2008,TV-PG,44 min,Documentary,The discovery of a prehistoric site in Ireland sheds new light on the mysteries of Stonehenge,Documentary
s1225,Movie,Stuck in the Suburbs,Savage Holland,"Danielle Panabaker, Brenda Song, Amanda Shaw, CiCi Hedgepeth, Jennie Garland, Ryan Belleville",United States,12-11-19,2004,TV-G,79 min,"Comedy, Coming of Age, Music",A bored suburban teen accidentally switches phones with a pop star.,Comedy
s1226,Movie,Sultan and the Rock Star,Ed Abroms,"Timothy Hutton, Ken Swofford, Bruce Glover, Ned Romero, Richard Paul, Pat Delany",United States,12-11-19,1980,TV-PG,47 min,"Action-Adventure, Animals & Nature, Family",A rock star befriends a gentle tiger being hunted for sport. See details for advisory.,Action-Adventure
s1227,Movie,Super Buddies,Robert Vince,"Jeremy Shinder, Tenzing Trainor, Ty Panitz, G. Hannelius, Cooper Roth, Colin Hanks",United States,12-11-19,2013,G,83 min,"Action-Adventure, Comedy, Family",A new breed of hero is born when Disney's favorite extraordinary pups become Super Buddies!,Action-Adventure
s1228,Movie,Swiss Family Robinson,Edward Ludwig,"Thomas Mitchell, Edna Best, Freddie Bartholomew, Terry Kilburn, Tim Holt, Baby Quillan",United States,12-11-19,1940,PG,94 min,"Action-Adventure, Family, Survival",A violent storm shipwrecks the Robinson family on a deserted island. See details for advisory.,Action-Adventure
s1229,TV Show,TaleSpin,Missing Director,"Charlie Adler, Jim Cummings, Ed Gilbert, Chuck McCann, Alan Roberts, Sally Struthers",United States,12-11-19,1990,TV-G,1 Season,"Action-Adventure, Animation, Kids","Follow Baloo, his 12-year old navigator Kit, the boss Rebecca Cunningham, and the rest of the crew.",Action-Adventure
s1230,Movie,Tall Tale,Jeremiah Chechik,"Scott Glenn, Oliver Platt, Nick Stahl, Stephen Lang, Roger Brown, Jared Harris",United States,12-11-19,1995,PG,97 min,"Action-Adventure, Western",It's all up to Pecos Bill to save a boy's family farm in this rousing Western adventure.,Action-Adventure
s1231,Movie,Tangled,"Nathan Greno, Byron Howard","Mandy Moore, Zachary Levi, Donna Murphy, Ron Perlman, M.C. Gainey, Jeffrey Tambor",United States,12-11-19,2010,PG,101 min,"Action-Adventure, Animation, Family","Rapunzel and Flynn set off on a hilarious, hair-raising escapade.",Action-Adventure
s1232,Movie,Tangled Before Ever After,"Tom Caulfield, Stephen Sandoval","Zachary Levi, Mandy Moore, Eden Espinosa, Clancy Brown, Julie Bowen, Laura Benanti",United States,12-11-19,2017,TV-Y7,58 min,"Animation, Coming of Age, Fantasy",Rapunzel escapes for a night of freedom before her coronation.,Animation
s1233,Movie,Tarzan & Jane,Steve Loter,"Michael Weiss, Olivia d'Abo, Rene Auberjonois, Jeff Bennett, Jim Cummings, Grey DeLisle",United States,12-11-19,2002,TV-PG,78 min,"Action-Adventure, Animation",Tarzan and Jane celebrate their first year in the jungle.,Action-Adventure
s1234,Movie,Teacher's Pet,Timothy Björklund,"Nathan Lane, Kelsey Grammer, Shaun Fleming, Debra Rupp, David Stiers, Jerry Stiller",United States,12-11-19,2004,PG,75 min,"Animation, Comedy, Family",A dog discovers that his dream of becoming a real boy isn't so far-fetched.,Animation
s1235,Movie,Teen Beach 2,Jeffrey Hornaday,"Ross Lynch, Maia Mitchell, Grace Phipps, Garrett Clayton, John DeLuca, Chrissie Fit",United States,12-11-19,2015,TV-G,106 min,"Fantasy, Musical",Mack and Brady get a real-world visit from their retro movie compadres.,Fantasy
s1236,Movie,Teen Beach Movie,Jeffrey Hornaday,"Ross Lynch, Maia Mitchell, Grace Phipps, Garrett Clayton, John DeLuca, Chrissie Fit",United States,12-11-19,2013,TV-G,97 min,"Coming of Age, Fantasy, Musical",McKenzie and her boyfriend Brady catch a wave into a retro coastal musical.,Coming of Age
s1237,Movie,Teen Spirit,Gil Junger,"Cassie Scerbo, Lindsey Shaw, Chris Zylka, Tim Gunn, Carissa Capobianco, Gabriela Lopez",United States,12-11-19,2011,TV-14,82 min,"Buddy, Comedy, Coming of Age","To save her soul, Amber must pull off a high-school miracle.",Buddy
s1238,Movie,That Darn Cat,Bob Spiers,"Christina Ricci, Doug Doug, George Dzundza, Peter Boyle, Michael McKean, Bess Armstrong",United States,12-11-19,1997,PG,90 min,"Animals & Nature, Comedy, Family","A teen, a cat and a rookie FBI agent team up to solve a kidnapping.",Animals & Nature
s1239,Movie,That Darn Cat!,Robert Stevenson,"Hayley Mills, Dean Jones, Dorothy Provine, Roddy McDowall, Neville Brand, Elsa Lanchester",United States,12-11-19,1965,G,116 min,"Animals & Nature, Comedy, Family",A cat holds the clue to bank robbers holding a teller hostage.,Animals & Nature
s1240,Movie,The Absent-Minded Professor,Robert Stevenson,"Fred MacMurray, Nancy Olson, Keenan Wynn, Tommy Kirk, Leon Ames, Elliott Reid",United States,12-11-19,1961,G,96 min,"Comedy, Family, Science Fiction",A bumbling professor invents gravity-defying Flubber.,Comedy
s1241,Movie,The Adventures of André & Wally B.,Alvy Smith,Missing Cast,United States,12-11-19,1984,TV-G,2 min,"Animation, Kids",Andre awakens from a nap and is greeted by a pesky bee.,Animation
s1242,Movie,The Adventures of Bullwhip Griffin,James Neilson,"Roddy McDowall, Suzanne Pleshette, Karl Malden, Harry Guardino, Richard Haydn, Hermione Baddeley",United States,12-11-19,1967,TV-PG,111 min,"Action-Adventure, Comedy, Family",A boy joins the California gold rush with his trusty butler on his tail. See details for advisory.,Action-Adventure
s1243,Movie,The Adventures of Huck Finn,Stephen Sommers,"Elijah Wood, Courtney Vance, Robbie Coltrane, Jason Robards, Ron Perlman, Dana Ivey",United States,12-11-19,1993,PG,108 min,"Action-Adventure, Coming of Age, Drama",Huck and a runaway slave brave the Mississippi River in search of freedom.,Action-Adventure
s1244,Movie,The Adventures of Ichabod and Mr. Toad,"Jack Kinney, Clyde Geronimi, James Algar","Bing Crosby, Basil Rathbone, Eric Blore, Pat O'Malley, John Ployardt, Colin Campbell",United States,12-11-19,1949,G,69 min,"Action-Adventure, Animation, Anthology",Enjoy two classic stories with Toad's Wild Ride and the Headless Horseman.,Action-Adventure
s1245,TV Show,The Adventures of Spin and Marty,Missing Director,"David Stollery, Tim Considine",United States,12-11-19,1955,TV-G,1 Season,"Buddy, Coming of Age, Family",Spin and Marty have adventures during the summer at Triple R Ranch. See details for advisory.,Buddy
s1246,Movie,The African Lion,James Algar,Winston Hibler,United States,12-11-19,1955,G,72 min,"Animals & Nature, Documentary, Family",Two wildlife experts spend years studying the majestic African lion.,Animals & Nature
s1247,Movie,The Apple Dumpling Gang,Norman Tokar,"Bill Bixby, Susan Clark, Don Knotts, Tim Conway, David Wayne, Slim Pickens",United States,12-11-19,1975,G,100 min,"Comedy, Family, Western",Bumbling outlaws help three young orphans protect their huge gold nugget. See details for advisory.,Comedy
s1248,Movie,The Apple Dumpling Gang Rides Again,Vincent McEveety,"Tim Conway, Don Knotts, Tim Matheson, Kenneth Mars, Elyssa Davalos, Jack Elam",United States,12-11-19,1979,G,89 min,"Comedy, Family, Western",Two bumbling outlaw wannabes just can't succeed in going straight. See details for advisory.,Comedy
s1249,Movie,The Aristocats,Wolfgang Reitherman,"Phil Harris, Eva Gabor, Sterling Holloway, Scatman Crothers, Paul Winchell, Lord Tim Hudson",United States,12-11-19,1970,G,81 min,"Action-Adventure, Animation, Comedy",A pedigreed cat and her kittens are catnapped by a greedy butler. See details for advisory.,Action-Adventure
s1250,Movie,The Art of Skiing,Jack Kinney,John McLeish,United States,12-11-19,1941,TV-G,8 min,"Animation, Comedy, Family",Goofy demonstrates the art of skiing. See details for advisory.,Animation
s1251,TV Show,The Avengers: Earth's Mightiest Heroes,Missing Director,"Eric Loomis, Bumper Robinson, Dawn Olivera, Phil LaMarr, Alex Desert, Kari Wuhrer",United States,12-11-19,2010,TV-Y7,2 Seasons,"Action-Adventure, Animation, Kids",Chaos sweeps over the planet as the Super Villain prison system breaks down.,Action-Adventure
s1252,TV Show,The Avengers: United They Stand,Missing Director,"Martin Roach, Rod Wilson, Lenore Zann, Ron Rubin, Hamish McEwan, Lynda Ballantyne","France, Canada, United States",12-11-19,1999,TV-Y7,1 Season,"Action-Adventure, Animation, Kids","Set in a vibrant, high-tech future, the series focuses on the mightiest superheroes in the universe.",Action-Adventure
s1253,Movie,The Band Concert,"Wilfred Jackson, Walt Disney",Clarence Nash,United States,12-11-19,1935,TV-Y7,10 min,"Animation, Family, Kids",Mickey's concert in the park is disrupted by Donald and a cyclone. See details for advisory.,Animation
s1254,Movie,The Bears and I,Bernard McEveety,"Patrick Wayne, Chief George, Andrew Duggan, Michael Ansara, Robert Pine, Val DeVargas",United States,12-11-19,1974,TV-PG,83 min,"Animals & Nature, Drama, Family",A man seeking peace and quiet becomes a father to three mischievous bears. See details for advisory.,Animals & Nature
s1255,Movie,The Big Bad Wolf,Burt Gillett,Missing Cast,United States,12-11-19,1934,TV-Y7,9 min,"Animation, Family, Musical",Red Riding Hood travels to visit her sick grandmother. See details for advisory.,Animation
s1256,Movie,The Biscuit Eater,Vincent McEveety,"Earl Holliman, Patricia Crowley, Lew Ayres, Godfrey Cambridge, Beah Richards, Clifton James",United States,12-11-19,1972,G,93 min,"Animals & Nature, Drama, Family",Two young boys try to transform a misfit hound into a champion bird dog. See details for advisory.,Animals & Nature
s1257,Movie,The Black Cauldron,"Ted Berman, Richard Rich","Grant Bardsley, Susan Sheridan, Freddie Jones, Nigel Hawthorne, Arthur Malet, John Byner","United States, United Kingdom",12-11-19,1985,PG,82 min,"Action-Adventure, Animation, Coming of Age",A young pig keeper becomes an unlikely hero when he confronts an evil king.,Action-Adventure
s1258,Movie,The Black Hole,Gary Nelson,"Maximilian Schell, Anthony Perkins, Robert Forster, Joseph Bottoms, Yvette Mimieux, Ernest Borgnine",United States,12-11-19,1979,PG,98 min,"Action-Adventure, Science Fiction, Thriller",Take a spectacular descent into nature's ultimate mystery: The Black Hole.,Action-Adventure
s1259,Movie,The Blue Umbrella,Saschka Unseld,Sarah Jaffe,United States,12-11-19,2013,G,7 min,"Animation, Family, Kids",Two unlikely umbrellas fall eternally in love.,Animation
s1260,TV Show,The Book of Once Upon a Time,Missing Director,Kate Mulvany,United States,12-11-19,2014,TV-Y,4 Seasons,"Animation, Anthology, Kids",Classic Disney tales are brought to life in a magical storytelling experience.,Animation
s1261,TV Show,The Book of Pooh,Missing Director,"Jim Cummings, Paul Tiesler, Jeff Bennett, Peter Cullen, Stephanie d’Abruzzo, John Fiedler",United States,12-11-19,2000,TV-Y,2 Seasons,"Comedy, Kids",Pooh and Friends discover Christopher Robin’s storybook filled with endearing tales about them!,Comedy
s1262,Movie,The Brave Little Toaster Goes to Mars,Robert Ramirez,"Deanna Oliver, Tim Stack, Roger Kabler, Thurl Ravenscroft, Eric Lloyd, Farrah Fawcett",United States,12-11-19,1998,TV-G,73 min,"Action-Adventure, Animation, Kids",Toaster and his friends head for Mars to bring the master's baby home.,Action-Adventure
s1263,Movie,The Castaway Cowboy,Vincent McEveety,"James Garner, Vera Miles, Robert Culp, Eric Shea, Elizabeth Smith, Manu Tupou",United States,12-11-19,1974,G,91 min,"Action-Adventure, Family, Western",A Texan castaway helps defend a Hawaiian family's land.,Action-Adventure
s1264,Movie,The Cheetah Girls,Oz Scott,"Raven , Adrienne Bailon, Kiely Williams, Sabrina Bryan, Juan Chioran, Lori Alter","Canada, United States",12-11-19,2003,TV-G,94 min,"Coming of Age, Drama, Music",The Cheetah Girls sing and dance their way toward that elusive record deal.,Coming of Age
s1265,Movie,The Cheetah Girls 2,Kenny Ortega,"Raven-Symoné , Adrienne Bailon, Sabrina Bryan, Kiely Williams, Belinda Peregrin, Lori Alter",United States,12-11-19,2006,TV-G,98 min,"Coming of Age, Drama, Music",The Cheetahs go to Barcelona to perform in a music festival.,Coming of Age
s1266,Movie,The Cheetah Girls: One World,Paul Hoen,"Adrienne Bailon, Sabrina Bryan, Kiely Williams, Roshan Seth, Michael Steger, Kunal Sharma",United States,12-11-19,2008,TV-G,85 min,"Comedy, Coming of Age, Music",The Cheetah Girls are off to India to land a spot in a Bollywood musical.,Comedy
s1267,Movie,The Christmas Star,Alan Shapiro,"Edward Asner, René Auberjonois, Jim Metzler, Susan Tyrrell, Karen Landry, Alan North","Canada, United States",12-11-19,1986,TV-G,94 min,"Crime, Drama, Family",A counterfeiter finds the true meaning of Christmas.,Crime
s1268,Movie,The Chronicles of Narnia: Prince Caspian,Andrew Adamson,"Georgie Henley, Skandar Keynes, William Moseley, Anna Popplewell, Ben Barnes, Peter Dinklage","United States, Poland, Slovenia, Czech Republic, United Kingdom",12-11-19,2008,PG,154 min,"Action-Adventure, Family, Fantasy",The Pevensie siblings return to lead the Narnians on a remarkable journey.,Action-Adventure
s1269,Movie,"The Chronicles of Narnia: The Lion, the Witch and the Wardrobe",Andrew Adamson,"Georgie Henley, Skandar Keynes, William Moseley, Anna Popplewell, Tilda Swinton, James McAvoy","United Kingdom, United States",12-11-19,2005,PG,147 min,"Action-Adventure, Family, Fantasy",Four siblings enter a magical land and help its inhabitants defeat a witch.,Action-Adventure
s1270,Movie,The Color of Friendship,Kevin Hooks,"Carl Lumbly, Penny Johnson, Shadia Simmons, Anthony Burnett, Travis Davis, Lindsey Haun","Canada, United States",12-11-19,2000,TV-G,83 min,"Biographical, Drama",Two girls from different backgrounds learn the true color of friendship.,Biographical
s1271,Movie,The Computer Wore Tennis Shoes,Robert Butler,"Kurt Russell, Cesar Romero, Joe Flynn, William Schallert, Alan Hewitt, Richard Bakalyan",United States,12-11-19,1969,G,90 min,"Comedy, Crime, Science Fiction",A student turns genius when he absorbs the knowledge stored in a computer.,Comedy
s1272,Movie,The Country Bears,Peter Hastings,"Christopher Walken, Stephen Tobolowsky, Daryl Mitchell, M.C. Gainey, Diedrich Bader, Alex Rocco",United States,12-11-19,2002,G,91 min,"Comedy, Music",The Country Bears aim to save the venue that made them famous.,Comedy
s1273,Movie,The Emperor's New Groove,Mark Dindal,"David Spade, John Goodman, Eartha Kitt, Patrick Warburton, Wendie Malick, Eli Linnetz",United States,12-11-19,2000,G,82 min,"Action-Adventure, Animation, Family",A selfish emperor learns a lesson in humility when he is turned into a llama.,Action-Adventure
s1274,Movie,The Even Stevens Movie,Sean McNamara,"Shia LaBeouf, Christy Romano, Tom Virtue, Nick Spano, Steven Lawrence, A.J. Trauth",United States,12-11-19,2003,TV-G,94 min,"Action-Adventure, Comedy",An all-expenses-paid vacation ends up costing the Stevens their sanity.,Action-Adventure
s1275,Movie,The Flood,Brad Bestelink,Angela Bassett,United States,12-11-19,2018,TV-PG,93 min,"Animals & Nature, Documentary",The Okavango Delta in Botswana transforms from desert to water wonderland.,Animals & Nature
s1276,Movie,The Fox and the Hound,"Art Stevens, Ted Berman, Richard Rich","Mickey Rooney, Kurt Russell, Pearl Bailey, Jack Albertson, Sandy Duncan, Jeanette Nolan",United States,12-11-19,1981,G,85 min,"Action-Adventure, Animation, Buddy",A little fox and a hound pup become unlikely friends.,Action-Adventure
s1277,Movie,The Fox and the Hound 2,Jim Kammerud,"Reba McEntire, Patrick Swayze, Jonah Bobo, Harrison Fahn, Jeff Foxworthy, Vicki Lawrence",United States,12-11-19,2006,G,73 min,"Action-Adventure, Animation, Buddy",Tod and Copper's friendship is put to the test.,Action-Adventure
s1278,Movie,The Game Plan,Andy Fickman,"Dwayne Johnson, Kyra Sedgwick, Morris Chestnut, Roselyn Sanchez, Madison Pettis, Gordon Clapp",United States,12-11-19,2007,PG,112 min,"Comedy, Family, Sports",A superstar quarterback meets the daughter he never knew existed.,Comedy
s1279,Movie,The Ghosts of Buxley Hall,Bruce Bilson,"Dick O'Neill, Victor French, Louise Latham, Rad Daly, Monte Markham, Ruta Lee",United States,12-11-19,1980,TV-PG,93 min,"Comedy, Family, Fantasy",Ghosts inhabiting a cash-strapped academy enlist the help of a shy cadet.,Comedy
s1280,Movie,The Goddess of Spring,Wilfred Jackson,Missing Cast,United States,12-11-19,1934,TV-Y7,10 min,"Animation, Family, Fantasy","The goddess of spring is kidnapped, bringing about the winter season. See details for advisory.",Animation
s1281,Movie,The Golden Touch,Walt Disney,Missing Cast,United States,12-11-19,1935,TV-Y7,11 min,"Animation, Family, Fantasy",A fable of a king whose touch turns everything to gold. See details for advisory.,Animation
s1282,Movie,The Good Dinosaur,Peter Sohn,"Jeffrey Wright, Frances McDormand, Maleah Padilla, Ryan Teeple, Jack McGraw, Marcus Scribner",United States,12-11-19,2015,PG,94 min,"Action-Adventure, Animation, Buddy",A dinosaur named Arlo makes an unlikely friend during his journey home.,Action-Adventure
s1283,Movie,The Great Muppet Caper,Jim Henson,"Jim Henson, Frank Oz, Dave Goelz, Jerry Nelson, Richard Hunt, Charles Grodin","United Kingdom, United States",12-11-19,1981,G,98 min,"Comedy, Crime, Family",Kermit and the gang investigate when Miss Piggy is framed for burglary.,Comedy
s1284,Movie,The Greatest Game Ever Played,Bill Paxton,"Shia LaBeouf, Stephen Dillane, Peter Firth, Elias Koteas, Stephen Marcus, Josh Flitter","United States, Canada",12-11-19,2005,PG,122 min,"Biographical, Sports","The story of Francis Ouimet, the first amateur to win the U.S. Open.",Biographical
s1285,Movie,The Haunted Mansion,Rob Minkoff,"Eddie Murphy, Terence Stamp, Nathaniel Parker, Marsha Thomason, Jennifer Tilly, Wallace Shawn",United States,12-11-19,2003,PG,89 min,"Comedy, Family, Fantasy","A family comes face-to-face with 999 grim, grinning ghosts in creepy old Gracey Manor.",Comedy
s1286,Movie,The Hockey Champ,Jack King,Missing Cast,United States,12-11-19,1939,TV-G,9 min,"Animation, Comedy, Family",Donald and his nephews play Hockey. See details for advisory.,Animation
s1287,Movie,The Hunchback of Notre Dame,"Gary Trousdale, Kirk Wise","Tom Hulce, Demi Moore, Tony Jay, Kevin Kline, Paul Kandel, Jason Alexander","United States, France",12-11-19,1996,G,96 min,"Action-Adventure, Animation, Family",Quasi leaves his tower in Notre Dame to help a kind and beautiful gypsy.,Action-Adventure
s1288,Movie,The Hunchback of Notre Dame II,Bradley Raymond,"Jason Alexander, Jennifer Hewitt, Tom Hulce, Paul Kandel, Charles Kimbrough, Kevin Kline",United States,12-11-19,2002,G,69 min,"Action-Adventure, Animation, Family",It's Quasimodo's turn to look past appearances when seeking true love.,Action-Adventure
s1289,TV Show,The Imagineering Story,Missing Director,Missing Cast,United States,12-11-19,2019,TV-PG,1 Season,"Docuseries, Historical",Creating happiness takes a strong blend of imagination and engineering - known as Imagineering.,Docuseries
s1290,Movie,The Incredible Journey,Fletcher Markle,"Émile Genest, John Drainie, Tommy Tweed, Sandra Scott, Syme Jago, Marion Finlayson","Canada, United States",12-11-19,1963,G,80 min,"Action-Adventure, Animals & Nature, Family",Two dogs and a cat traverse the Canadian frontier to find their way home.,Action-Adventure
s1291,Movie,The Incredibles,Brad Bird,"Craig Nelson, Holly Hunter, Samuel Jackson, Jason Lee, Dominique Louis, Teddy Newton",United States,12-11-19,2004,PG,116 min,"Action-Adventure, Animation, Family","A family of Supers, forced to adopt civilian lives, returns to action.",Action-Adventure
s1292,Movie,The Journey of Natty Gann,Jeremy Kagan,"Meredith Salenger, John Cusack, Ray Wise, Lainie Kazan, Scatman Crothers, Barry Miller",United States,12-11-19,1985,PG,101 min,"Action-Adventure, Coming of Age, Drama",A brave young girl embarks on a cross-country search for her father.,Action-Adventure
s1293,Movie,The Jungle Book 2,Steve Trenbirth,"John Goodman, Haley Osment, Mae Whitman, Connor Funk, Bob Joles, Tony Jay","United States, Australia",12-11-19,2003,G,77 min,"Action-Adventure, Animation, Kids",Mowgli must decide whether to live in the village or return to the jungle.,Action-Adventure
s1294,Movie,The Jungle Book: Mowgli's Story,Nick Marck,"Brandon Baker, Sherman Howard, Clancy Brown, Peri Gilpin, Wallace Shawn, Stephen Tobolowsky",United States,12-11-19,1998,G,77 min,"Action-Adventure, Coming of Age, Family",Mowgli reflects on his childhood jungle adventures.,Action-Adventure
s1295,Movie,The Legend of Mor'du,Brian Larsen,"Julie Walters, Steve Purcell, Callum O'Neill",United States,12-11-19,2012,TV-G,8 min,"Animation, Family, Fantasy",A prince seeks control of a kingdom from his brothers through magic.,Animation
s1296,Movie,The Lion King 1 1/2,Bradley Raymond,"Nathan Lane, Ernie Sabella, Julie Kavner, Jerry Stiller, Matthew Broderick, Robert Guillaume","Australia, United States",12-11-19,2004,G,80 min,"Action-Adventure, Animation, Comedy",Timon and Pumbaa reveal how they helped Simba save the Serengeti.,Action-Adventure
s1297,Movie,The Lion King 2: Simba's Pride,Darrell Rooney,"Matthew Broderick, Neve Campbell, Andy Dick, Robert Guillaume, James Jones, Moira Kelly","United States, Australia",12-11-19,1998,G,84 min,"Action-Adventure, Animation, Family",Simba's strong-willed daughter befriends the heir to Scar's pride.,Action-Adventure
s1298,Movie,The Little Mermaid,"Ron Clements, John Musker","René Auberjonois, Christopher Barnes, Jodi Benson, Pat Carroll, Paddi Edwards, Buddy Hackett",United States,12-11-19,1989,G,86 min,"Animation, Family, Fantasy",Dive into Disney fun with Ariel in The Little Mermaid.,Animation
s1299,Movie,The Little Mermaid II:  Return to the Sea,Jim Kammerud,"Jodi Benson, Samuel Wright, Tara Charendoff, Pat Carroll, Buddy Hackett, Kenneth Mars","United States, Canada, Australia, Taiwan",12-11-19,2000,G,77 min,"Animation, Drama, Fantasy",Return To The Sea with The Little Mermaid’s daughter.,Animation
s1300,Movie,The Little Mermaid:  Ariel's Beginning,Peggy Holmes,"Jodi Benson, Samuel Wright, Jim Cummings, Sally Field, Tara Strong, Jennifer Hale",United States,12-11-19,2008,G,79 min,"Animation, Drama, Family","Long before Prince Eric, Ariel faces a choice between family and music.",Animation
s1301,Movie,The Little Whirlwind,Riley Thomas,"Walt Disney, Thelma Boardman",United States,12-11-19,1941,TV-Y7,9 min,"Animation, Family, Kids",Mickey tries to clean Minnie's yard despite a playful whirlwind. See details for advisory.,Animation
s1302,Movie,The Living Desert,James Algar,Winston Hibler,United States,12-11-19,1953,G,69 min,"Animals & Nature, Documentary, Family",The desert teems with vitality in this true-life adventure.,Animals & Nature
s1303,Movie,The Lizzie McGuire Movie,Jim Fall,"Hilary Duff, Adam Lamberg, Robert Carradine, Hallie Todd, Jake Thomas, Yani Gellman",United States,12-11-19,2003,PG,95 min,"Comedy, Coming of Age, Family",Lizzie McGuire and her pals go on a class trip to Italy.,Comedy
s1304,Movie,The Lost Tomb of Alexander the Great,Duncan Singh,Matt McFetridge,United Kingdom,12-11-19,2019,TV-PG,44 min,"Documentary, Historical",An archaeologist on the hunt for Alexander the Great’s lost tomb makes an extraordinary discovery.,Documentary
s1305,Movie,The Love Bug (1969),Robert Stevenson,"Dean Jones, Michele Lee, David Tomlinson, Buddy Hackett, Joe Flynn, Benson Fong",United States,12-11-19,1969,G,108 min,"Action-Adventure, Comedy, Family",A down-on-his-luck race car driver teams up with a little VW Bug that has a mind of its own.,Action-Adventure
s1306,Movie,The Many Adventures of Winnie the Pooh,"Wolfgang Reitherman, John Lounsbery","Sebastian Cabot, Junius Matthews, Barbara Luddy, Howard Morris, John Fiedler, Ralph Wright",United States,12-11-19,1977,TV-Y,75 min,"Animation, Kids, Musical",Experience the magical tales of Pooh and his Hundred Acre Wood friends.,Animation
s1307,Movie,The Million Dollar Duck,Vincent McEveety,"Dean Jones, Sandy Duncan, Joe Flynn, Tony Roberts, James Gregory, Lee Montgomery",United States,12-11-19,1971,G,93 min,"Comedy, Family",A research scientist discovers his lab duck now lays golden eggs.,Comedy
s1308,Movie,The Mistle-Tones,Paul Hoen,"Tia Mowry, Jonathan Moore, Andy Gala, Megan Duffy, Jason Rogel, Tammy Townsend",United States,12-11-19,2012,TV-PG,87 min,"Drama, Music",Holly forms a Christmas singing group to compete with a harsh rival.,Drama
s1309,Movie,The Muppet Christmas Carol,Brian Henson,"Michael Caine, Steve Whitmire, Frank Oz, Dave Goelz, Jerry Nelson, David Rudman","United States, United Kingdom",12-11-19,1992,G,87 min,"Comedy, Drama, Family",The Muppets present their own touching rendition of Charles Dickens' classic tale.,Comedy
s1310,Movie,The Muppet Movie,James Frawley,"Jim Henson, Frank Oz, Jerry Nelson, Richard Hunt, Dave Goelz, Charles Durning","United Kingdom, United States",12-11-19,1979,G,95 min,"Action-Adventure, Comedy, Family","On his way to Hollywood, Kermit dodges a villain eager to serve him up as fried frog-legs.",Action-Adventure
s1311,Movie,The Muppets,James Bobin,"Jason Segel, Amy Adams, Chris Cooper, Rashida Jones, Steve Whitmire, Eric Jacobson",United States,12-11-19,2011,PG,108 min,"Comedy, Family, Kids",The Muppets' biggest fan reunites the gang to save their beloved theater.,Comedy
s1312,TV Show,The Muppets (Series),Missing Director,"Bill Barretta, Dave Goelz, Eric Jacobson, Peter Linz, David Rudman, Matt Vogel",United States,12-11-19,2015,TV-PG,1 Season,Comedy,"""The Muppets"" return with a documentary-style show.",Comedy
s1313,TV Show,The New Adventures of Winnie the Pooh,Missing Director,"Jim Cummings, Paul Winchell, John Fiedler, Ken Sansome, Tim Hoskins, Patty Paris",United States,12-11-19,1988,TV-Y,4 Seasons,"Animation, Kids",The stories of Winnie the Pooh and friends.,Animation
s1314,Movie,The Old Mill,Wilfred Jackson,Missing Cast,United States,12-11-19,1937,TV-Y7,9 min,"Action-Adventure, Animation, Family",Animals try to stay safe and dry in an old mill. See details for advisory.,Action-Adventure
s1315,Movie,The Olympic Champ,Jack Kinney,Missing Cast,United States,12-11-19,1942,TV-G,7 min,"Animation, Comedy, Family",Goofy demonstrates Olympic events to the narration of their history. See details for advisory.,Animation
s1316,Movie,The Parent Trap,Nancy Meyers,"Dennis Quaid, Natasha Richardson, Lisa Walter, Elaine Hendrix, Simon Kunz, Ronnie Stevens","United States, United Kingdom",12-11-19,1998,PG,129 min,"Comedy, Family, Romance",Identical twins scheme to switch places and reunite their divorced parents.,Comedy
s1317,Movie,The Parent Trap (1961),David Swift,"Hayley Mills, Maureen O'Hara, Brian Keith, Charlie Ruggles, Una Merkel, Leo Carroll",United States,12-11-19,1961,G,129 min,"Comedy, Family, Romance","Twins separated at birth reunite, then switch places to try and get their parents back together.",Comedy
s1318,Movie,The Pied Piper,Wilfred Jackson,Missing Cast,United States,12-11-19,1933,TV-G,8 min,"Animation, Family, Musical",The Pied Piper lures the children out of town. See details for advisory.,Animation
s1319,Movie,The Plausible Impossible (Disneyland: 1954-58),"Wilfred Jackson, William Beaudine",Walt Disney,United States,12-11-19,1956,TV-PG,52 min,"Documentary, Family",Walt Disney explains some of the techniques of animation. See details for advisory.,Documentary
s1320,Movie,The Poof Point,Neal Israel,"Tahj Mowry, Dawnn Lewis, Raquel Lee, Mark Curry, Bruce Newbold, Jan Felt",United States,12-11-19,2001,TV-G,80 min,"Comedy, Coming of Age, Science Fiction",Eddie and Marie’s parents invent a machine that makes them younger.,Comedy
s1321,Movie,The Prince and the Pauper,Don Chaffey,"Guy Williams, Laurence Naismith, Donald Houston, Sean Scully, Niall MacGinnis, Geoffrey Keen",United Kingdom,12-11-19,1962,G,94 min,"Action-Adventure, Coming of Age, Family","After meeting his lookalike, a prince trades places with a pauper. See details for advisory.",Action-Adventure
s1322,Movie,The Princess and the Frog,"John Musker, Ron Clements","Anika Rose, Bruno Campos, Keith David, Michael-Leon Wooley, Jennifer Cody, Jim Cummings",United States,12-11-19,2009,G,99 min,"Animation, Comedy, Family",A fateful kiss with a frog sends Tiana on a mystical bayou adventure.,Animation
s1323,Movie,The Princess Diaries,Garry Marshall,"Anne Hathaway, Heather Matarazzo, Hector Elizondo, Mandy Moore, Caroline Goodall, Robert Schwartzman","United States, United Kingdom",12-11-19,2001,G,116 min,"Comedy, Coming of Age, Family",A teenager discovers that she is the princess of a small European country.,Comedy
s1324,Movie,The Princess Diaries 2: Royal Engagement,Garry Marshall,"Anne Hathaway, Heather Matarazzo, John Rhys-Davies, Chris Pine, Callum Blue, Kathleen Marshall",United States,12-11-19,2004,G,114 min,"Comedy, Family, Romance",Princess Mia has 30 days to find a husband... or she can't become queen.,Comedy
s1325,Movie,The Proud Family Movie,Bruce Smith,"Tommy Davidson, Kyla Pratt, Paula Parker, Jo Payton, Orlando Brown, Soleil Frye",United States,12-11-19,2005,TV-G,95 min,"Animation, Comedy, Family",Penny's boring family vacation becomes a mysterious island adventure.,Animation
s1326,Movie,The Reluctant Dragon,Alfred Werker,"Robert Benchley, Gerald Mohr, Alan Ladd, Florence Gill, Frances Gifford, Buddy Pepper",United States,12-11-19,1941,G,74 min,"Animation, Comedy, Family",Robert Benchley gives a behind-the-scenes look at how animation is created.,Animation
s1327,TV Show,The Replacements,Missing Director,"Nancy Cartwright, Grey DeLisle, Kath Soucie, Daran Norris, David McCallum, Jeff Bennett",United States,12-11-19,2006,TV-G,1 Season,"Animation, Comedy, Family","Riley and Todd, can replace any adult in their life by making a simple call to the Fleemco company.",Animation
s1328,Movie,The Rescuers,"Wolfgang Reitherman, John Lounsbery, Art Stevens","Bob Newhart, Eva Gabor, Geraldine Page, Joe Flynn, Jeanette Nolan, Pat Buttram",United States,12-11-19,1977,G,78 min,"Action-Adventure, Animation, Comedy",Two mice rush to help an orphan girl in the clutches of an evil woman.,Action-Adventure
s1329,Movie,The Rescuers Down Under,"Hendel Butoy, Mike Gabriel","Bob Newhart, Eva Gabor, John Candy, Tristan Rogers, Adam Ryen, Wayne Robson",United States,12-11-19,1990,G,78 min,"Action-Adventure, Animation, Family",Bernard and Bianca race to Australia to save a boy from a vile poacher.,Action-Adventure
s1330,Movie,The Rookie,John Hancock,"Dennis Quaid, Rachel Griffiths, Jay Hernandez, Beth Grant, Angus Jones, Brian Cox",United States,12-11-19,2002,G,129 min,"Biographical, Family, Sports",A high school baseball coach gets a second chance as a big-league pitcher.,Biographical
s1331,Movie,The Santa Clause,John Pasquin,"Tim Allen, Judge Reinhold, Wendy Crewson, Eric Lloyd, David Krumholtz, Larry Brandenburg","United States, Canada",12-11-19,1994,PG,98 min,"Comedy, Family, Fantasy",A bizarre twist of fate transforms a divorced dad into the new Santa.,Comedy
s1332,Movie,The Santa Clause 2,Michael Lembeck,"Tim Allen, Judge Reinhold, Wendy Crewson, Elizabeth Mitchell, David Krumholtz, Eric Lloyd","United States, Canada",12-11-19,2002,G,106 min,"Comedy, Family, Fantasy",Scott Calvin must get married by Christmas Eve or lose his title as Santa.,Comedy
s1333,Movie,The Santa Clause 3: The Escape Clause,Michael Lembeck,"Tim Allen, Elizabeth Mitchell, Judge Reinhold, Wendy Crewson, Ann-Margret , Eric Lloyd","United States, Canada",12-11-19,2006,G,94 min,"Comedy, Family, Fantasy",The holidays take a chaotic turn when Jack Frost puts a freeze on Christmas.,Comedy
s1334,Movie,The Scream Team,Stuart Gillard,"Mark Rendall, Kat Dennings, Robert Bockstael, Eric Idle, Tommy Davidson, Gary Reineke",United States,12-11-19,2002,TV-PG,88 min,"Comedy, Fantasy",Ian and Claire Carlyle discover that ghosts really do exist!,Comedy
s1335,Movie,The Secret of the Magic Gourd,"朱家欣 , 钟智行","劳奕嘉 , 朱祺隆 , 郭凯敏 , 郑嘉昊 , 孟谦 , 陈佩斯","China, Hong Kong, United States",12-11-19,2009,G,84 min,Fantasy,A boy's world is turned upside down when he hooks a wish-granting gourd.,Fantasy
s1336,Movie,The Shaggy D.A.,Robert Stevenson,"Dean Jones, Tim Conway, Suzanne Pleshette, Keenan Wynn, Jo Worley, Dick Van Patten",United States,12-11-19,1976,G,92 min,"Comedy, Family, Fantasy",A District Attorney candidate finds himself transformed into a sheepdog.,Comedy
s1337,Movie,The Shaggy Dog,Charles Barton,"Fred MacMurray, Jean Hagen, Tommy Kirk, Annette Funicello, Tim Considine, Kevin Corcoran",United States,12-11-19,1959,G,102 min,"Comedy, Family, Fantasy",A magical ring transforms a teenager into a lumbering sheepdog.,Comedy
s1338,Movie,The Sign of Zorro,"Lewis Foster, Norman Foster","Guy Williams, George Lewis, Gene Sheldon, Henry Calvin, Tony Russo, John Dehner",United States,12-11-19,1960,G,90 min,"Action-Adventure, Drama, Family",Don Diego dons the mask of Zorro to free his town from a dictator. See details for advisory.,Action-Adventure
s1339,Movie,The Simple Things,Charles Nichols,Missing Cast,United States,12-11-19,1953,TV-G,8 min,"Animation, Comedy, Family",Mickey and Pluto go fishing at the beach. See details for advisory.,Animation
s1340,Movie,The Sound of Music,Robert Wise,"Julie Andrews, Christopher Plummer, Richard Haydn, Peggy Wood, Evadne Baker, Portia Nelson",United States,12-11-19,1965,G,175 min,"Biographical, Family, Historical",A governess wins the hearts of many and leads the Von Trapp family to their 1938 flight to freedom.,Biographical
s1341,Movie,The Story of Robin Hood And His Merrie Men,Ken Annakin,"Richard Todd, Joan Rice, Peter Finch, James Hayter, Martita Hunt, James Justice",United Kingdom,12-11-19,1952,PG,84 min,"Action-Adventure, Family",Prince John conspires to gain power when King Richard leaves England.,Action-Adventure
s1342,Movie,The Strongest Man in the World,Vincent McEveety,"Kurt Russell, Joe Flynn, Eve Arden, Cesar Romero, Phil Silvers, Dick Van Patten",United States,12-11-19,1975,G,92 min,"Comedy, Family, Science Fiction",A college science wiz gains super strength in a lab accident. See details for advisory.,Comedy
s1343,Movie,The Suite Life Movie,Sean McNamara,"Cole Sprouse, Dylan Sprouse, Brenda Song, Debby Ryan, Matthew Timmons, John Ducey",United States,12-11-19,2011,TV-G,81 min,"Comedy, Coming of Age",Zack and Cody become truly connected after joining a twin research study.,Comedy
s1344,TV Show,The Suite Life of Zack & Cody,Missing Director,"Cole Sprouse, Dylan Sprouse, Brenda Song, Ashley Tisdale, Phill Lewis, Kim Rhodes",United States,12-11-19,2004,TV-G,3 Seasons,"Action-Adventure, Comedy, Coming of Age",Twin brothers Zack and Cody get to live with their single mom in Boston's swankiest hotel.,Action-Adventure
s1345,TV Show,The Suite Life On Deck,Missing Director,"Cole Sprouse, Dylan Sprouse, Brenda Song, Debby Ryan, Phill Lewis",United States,12-11-19,2008,TV-G,3 Seasons,"Action-Adventure, Comedy, Coming of Age","Zack and Cody Martin are aboard the SS Tipton, a luxury passenger cruise liner.",Action-Adventure
s1346,Movie,The Swap,Jay Karas,"Peyton List, Jacob Bertrand, Darrin Rose, Claire Rankin, Callan Potter, Jesse Bostick",United States,12-11-19,2016,TV-G,91 min,"Comedy, Coming of Age, Fantasy",Classmates Ellie and Jack unexplainably trigger a real-life body swap.,Comedy
s1347,Movie,The Thirteenth Year,Duwayne Dunham,"Chez Starbuck, Dave Coulier, Lisa Sullivan, Justin Ross, Courtnee Draper, Tim Redwine",United States,12-11-19,1999,TV-G,89 min,"Coming of Age, Fantasy",Cody learns he can communicate with fish as he nears his 13th birthday.,Coming of Age
s1348,Movie,The Three Caballeros,"Norman Ferguson, Clyde Geronimi, Jack Kinney","Aurora Miranda, Carmen Molina, Sterling Holloway, Clarence Nash, Joaquin Garay, Jose Oliveira",United States,12-11-19,1945,G,72 min,"Animation, Family, Musical",Magical gifts from his friends send Donald on a musical journey. See details for advisory.,Animation
s1349,Movie,The Three Musketeers,Stephen Herek,"Charlie Sheen, Kiefer Sutherland, Chris O'Donnell, Oliver Platt, Tim Curry, Rebecca De Mornay","Austria, United Kingdom, United States",12-11-19,1993,PG,106 min,"Action-Adventure, Comedy, Family",Three loyal swordsmen and an eager recruit unite to protect the King.,Action-Adventure
s1350,Movie,The Tigger Movie,Jun Falkenstein,"Jim Cummings, Nikita Hopkins, Ken Sansom, John Fiedler, Peter Cullen, Andre Stojka","United States, Japan",12-11-19,2000,G,81 min,"Action-Adventure, Animation, Kids",Tigger goes looking through the Hundred Acre Wood to find his family.,Action-Adventure
s1351,Movie,The Tortoise and the Hare,Wilfred Jackson,Missing Cast,United States,12-11-19,1935,TV-G,9 min,"Animation, Family, Sports","Hare stops to show off, and the slower Tortoise wins the race. See details for advisory.",Animation
s1352,Movie,The Ugly Dachshund,Norman Tokar,"Dean Jones, Suzanne Pleshette, Charlie Ruggles, Kelly Thordsen, Parley Baer, Robert Kino",United States,12-11-19,1966,TV-G,93 min,"Animals & Nature, Comedy, Family",The Garrisons live with a Great Dane who thinks he's a dainty dachshund. See details for advisory.,Animals & Nature
s1353,Movie,The Ugly Duckling,Jack Cutting,Missing Cast,United States,12-11-19,1939,TV-Y7,9 min,"Animation, Family",A baby duckling is shunned by his family because he is different. See details for advisory.,Animation
s1354,Movie,The Ultimate Christmas Present,Greg Beeman,"Hallee Hirsh, Spencer Breslin, Hallie Todd, Brenda Song, John Salley, Susan Ruttan","Canada, United States",12-11-19,2000,TV-G,81 min,"Comedy, Coming of Age, Fantasy",Allie and Sam lose control of Santa's weather machine.,Comedy
s1355,Movie,The Vanishing Prairie,James Algar,Winston Hibler,United States,12-11-19,1954,G,71 min,"Animals & Nature, Documentary, Family",The story of the American prairie amidst the march of civilization.,Animals & Nature
s1356,Movie,The Wild,Steve Williams,"Kiefer Sutherland, Jim Belushi, Eddie Izzard, Janeane Garofalo, William Shatner, Richard Kind","Canada, United States",12-11-19,2006,G,86 min,"Action-Adventure, Animation, Comedy","A band of animals escape from the zoo, into the wilds of New York City.",Action-Adventure
s1357,Movie,The Wise Little Hen,Wilfred Jackson,"Clarence Nash, Florence Gill",United States,12-11-19,1934,TV-G,8 min,"Animation, Family, Kids",Donald Duck learns that you must work for a harvest. See details for advisory.,Animation
s1358,Movie,The Wizards Return: Alex vs. Alex,Victor Gonzalez,"Selena Gomez, Jake T. Austin, Jennifer Stone, Gregg Sulkin, Beau Mirchoff, Maria Canals-Barrera",United States,12-11-19,2013,TV-G,59 min,"Comedy, Coming of Age, Fantasy",Alex creates a good and evil version of herself.,Comedy
s1359,TV Show,The World According to Jeff Goldblum,Missing Director,Jeff Goldblum,United States,12-11-19,2019,TV-PG,2 Seasons,Docuseries,Jeff Goldblum explores the fascinating science and history of deceptively familiar objects.,Docuseries
s1360,Movie,The Young Black Stallion,Simon Wincer,"Richard Romanus, Biana Tamimi, Patrick Elyas, Gerard Rudolf, Ali Ameri, Andries Rossouw",United States,12-11-19,2003,G,51 min,"Action-Adventure, Animals & Nature, Drama",A girl risks her treasured black stallion to save her family home.,Action-Adventure
s1361,Movie,Three Blind Mouseketeers,Dave Hand,"Pinto Colvig, Billy Bletcher",United States,12-11-19,1936,TV-Y7,9 min,"Animation, Family, Parody",Captain Katt sets traps for the Three Mouseketeers. See details for advisory.,Animation
s1362,Movie,Three Days,Michael Switzer,Missing Cast,United States,12-11-19,2001,TV-G,93 min,"Drama, Fantasy",An angel lets a man relive the days before his wife's death.,Drama
s1363,Movie,Three Little Pigs,Burt Gillett,"Billy Bletcher, Pinto Colvig, Dorothy Compton, Mary Moder",United States,12-11-19,1933,TV-Y7,9 min,"Animation, Family, Kids",A Disney telling of the Three Little Pigs. See details for advisory.,Animation
s1364,Movie,Three Little Wolves,Dave Hand,Missing Cast,United States,12-11-19,1936,TV-Y7,9 min,"Animation, Family",Two frivolous pigs blow the wolf horn one too many times. See details for advisory.,Animation
s1365,Movie,Three Men and a Baby,Leonard Nimoy,"Tom Selleck, Steve Guttenberg, Ted Danson, Margaret Colin, Celeste Holm, Nancy Travis","United States, France",12-11-19,1987,PG,103 min,"Buddy, Comedy","Handsome men trade wine, women and song for crib, pacifier and diaper.",Buddy
s1366,Movie,Three Men and a Little Lady,Emile Ardolino,"Tom Selleck, Steve Guttenberg, Ted Danson, Nancy Travis, Christopher Cazenove, Fiona Shaw",United States,12-11-19,1990,PG,104 min,"Buddy, Comedy, Romance","Just as three doting fathers are getting the hang of parenthood, their daughter is taken from them.",Buddy
s1367,Movie,Thru the Mirror,Dave Hand,"Walt Disney, Marcelite Garner, Sonny Dawson",United States,12-11-19,1936,TV-G,10 min,"Animation, Comedy, Family",Mickey dreams he goes through his mirror to the other side. See details for advisory.,Animation
s1368,Movie,Tiger Cruise,Duwayne Dunham,"Hayden Panettiere, Troy Evans, Bianca Collins, Nathaniel Lee Jr., Nathaniel Lee, Mercedes Colon",United States,12-11-19,2004,TV-PG,88 min,"Drama, Family","Maddie Dolan is tired of being labeled a “Navy brat.""",Drama
s1369,Movie,Tim Burton’s The Nightmare Before Christmas,Henry Selick,"Danny Elfman, Chris Sarandon, Catherine O'Hara, William Hickey, Glenn Shadix, Paul Reubens",United States,12-11-19,1993,PG,78 min,"Animation, Family, Fantasy",Pumpkin King Jack Skellington tries to take over Christmas.,Animation
s1370,TV Show,Timon & Pumbaa,Missing Director,"Quinton Flynn, Ernie Sabella, Jim Cummings, Nathan Lane",United States,12-11-19,1995,TV-Y,3 Seasons,"Animation, Buddy, Comedy","Timon, a meerkat, and Pumbaa, a warthog, join together for misadventures in the jungle.",Animation
s1371,Movie,Tin Toy,John Lasseter,"Tinny , Billy",United States,12-11-19,1988,TV-G,5 min,"Animation, Family, Kids","A scared, Tin Toy realizes he really wants to play.",Animation
s1372,Movie,Tinker Bell,Bradley Raymond,"Mae Whitman, Kristin Chenoweth, Raven-Symoné , Lucy Liu, America Ferrera, Jane Horrocks",United States,12-11-19,2008,G,81 min,"Action-Adventure, Animation, Fantasy",The story of Disney's most famous fairy is finally revealed.,Action-Adventure
s1373,Movie,Tinker Bell and the Great Fairy Rescue,Bradley Raymond,"Mae Whitman, Lauren Mote, Michael Sheen, Pamela Adlon, Lucy Liu, Raven-Symoné",United States,12-11-19,2010,G,80 min,"Action-Adventure, Animation, Fantasy",Tink risks her own safety when she befriends a curious human girl.,Action-Adventure
s1374,Movie,Tinker Bell and the Lost Treasure,Klay Hall,"Mae Whitman, Jesse McCartney, Jane Horrocks, Lucy Liu, Raven-Symoné , Kristin Chenoweth",United States,12-11-19,2009,G,84 min,"Action-Adventure, Animation, Fantasy",Tink has to set things right when her temper puts Pixie Hollow in danger.,Action-Adventure
s1375,Movie,Titanic: 20 Years Later With James Cameron,Thomas Grane,"James Cameron, Bob Ballard",United States,12-11-19,2017,TV-PG,47 min,"Documentary, Historical",James Cameron revisits his blockbuster film in light of new Titanic research.,Documentary
s1376,Movie,Toby Tortoise Returns,Wilfred Jackson,Missing Cast,United States,12-11-19,1936,TV-Y7,8 min,"Animation, Family, Sports",Max Hare and Toby Tortoise are opponents in a boxing match. See details for advisory.,Animation
s1377,Movie,Tom and Huck,Peter Hewitt,"Jonathan Thomas, Brad Renfro, Eric Schweig, Charles Rocket, Amy Wright, Michael McShane",United States,12-11-19,1995,PG,92 min,"Action-Adventure, Comedy, Coming of Age",America's legendary teenage heroes Tom and Huck team-up to save a man from being wrongly accused.,Action-Adventure
s1378,Movie,Toy Story,John Lasseter,"Tom Hanks, Tim Allen, Don Rickles, Jim Varney, Wallace Shawn, John Ratzenberger",United States,12-11-19,1995,G,83 min,"Action-Adventure, Animation, Buddy","Meet Woody, Buzz and the gang in an adventure full of humor and heart.",Action-Adventure
s1379,Movie,Toy Story 2,John Lasseter,"Tom Hanks, Tim Allen, Joan Cusack, Kelsey Grammer, Don Rickles, Jim Varney",United States,12-11-19,1999,G,93 min,"Action-Adventure, Animation, Comedy","Join Woody, Buzz, Jessie and the gang to boldly rescue one of their own.",Action-Adventure
s1380,Movie,Toy Story 3,Lee Unkrich,"Tom Hanks, Tim Allen, Joan Cusack, Don Rickles, Wallace Shawn, John Ratzenberger",United States,12-11-19,2010,G,103 min,"Animation, Comedy, Drama","Woody, Buzz and the gang return for more adventures with new friends.",Animation
s1381,Movie,Toy Story Toons: Hawaiian Vacation,Gary Rydstrom,"Tom Hanks, Tim Allen, Joan Cusack, Kristen Schaal, Wallace Shawn, Axel Geddes",United States,12-11-19,2011,G,6 min,"Animation, Comedy, Family",Ken and Barbie get the vacation of their dreams.,Animation
s1382,Movie,Toy Story Toons: Partysaurus Rex,Mark Walsh,"Tom Hanks, Tim Allen, Wallace Shawn, Corey Burton, Tony Cox, Don Fullilove",United States,12-11-19,2012,G,9 min,"Animation, Comedy, Family",Rex throws an over-the-top bath time bash!,Animation
s1383,Movie,Toy Story Toons: Small Fry,Angus MacLane,"Tom Hanks, Tim Allen, John Ratzenberger, Wallace Shawn, Joan Cusack, Estelle Harris",United States,12-11-19,2011,G,10 min,"Animation, Family, Kids",Buzz is replaced by a miniature version of himself.,Animation
s1384,Movie,Trail of the Panda,Zhong Yu,"Zhong Yu, Zhang Qi, Daichi Harashima, Li Feng, Chang Liu, Ke Qi",China,12-11-19,2009,G,89 min,"Action-Adventure, Animals & Nature, Family",A mute orphan boy rescues a lost panda cub in the mountains of China.,Action-Adventure
s1385,Movie,Trailer Horn,Jack Hannah,Missing Cast,United States,12-11-19,1950,TV-G,7 min,"Animation, Comedy, Family",Donald heads out for a nice relaxing camping trip. See details for advisory.,Animation
s1386,Movie,Treasure Island,Byron Haskin,"Bobby Driscoll, Robert Newton, Basil Sydney, Walter Fitzgerald, Denis O'Dea, Finlay Currie","United Kingdom, United States",12-11-19,1950,PG,96 min,"Action-Adventure, Family",The classic tale of a young boy's search for buried treasure.,Action-Adventure
s1387,Movie,Treasure of Matecumbe,Vincent McEveety,"Robert Foxworth, Joan Hackett, Peter Ustinov, Vic Morrow, Johnny Doran, Billy Attmore",United States,12-11-19,1976,G,116 min,"Action-Adventure, Family, Mystery","Using a secret map, friends face a dangerous search for pirate gold. See details for advisory.",Action-Adventure
s1388,Movie,Treasure Planet,"John Musker, Ron Clements","Joseph Gordon-Levitt, Brian Murray, Emma Thompson, David Pierce, Martin Short, Dane Davis",United States,12-11-19,2002,PG,98 min,"Action-Adventure, Animation, Family",Jim Hawkins follow an intergalactic map in search of Captain Flint's trove.,Action-Adventure
s1389,Movie,Tree Climbing Lions,Missing Director,Alexander Braczkowski,United States,12-11-19,2018,TV-PG,45 min,"Animals & Nature, Documentary, Family","Lions in Uganda exhibit a rare, mysterious behavior – they spend much of their lives up in trees.",Animals & Nature
s1390,Movie,Tron,Steven Lisberger,"Jeff Bridges, Bruce Boxleitner, David Warner, Cindy Morgan, Barnard Hughes, Dan Shor",United States,12-11-19,1982,PG,96 min,"Action-Adventure, Family, Science Fiction","After practicing his hacking chops, a brilliant video game maker becomes part of his own creation.",Action-Adventure
s1391,Movie,Tru Confessions,Paul Hoen,"Shia LaBeouf, Clara Bryant, William McGuire, Nicole Dicker, Kevin Duhaney, Yani Gellman","United States, Canada",12-11-19,2002,TV-G,83 min,"Coming of Age, Drama",A chance to star in a TV show reveals the value of family for Trudy Walker.,Coming of Age
s1392,Movie,Tuck Everlasting,Jay Russell,"Alexis Bledel, Ben Kingsley, Sissy Spacek, Amy Irving, Victor Garber, Jonathan Jackson",United States,12-11-19,2002,PG,91 min,"Coming of Age, Drama, Fantasy",A woman falls in love with a man who is immortal.,Coming of Age
s1393,Movie,Tugboat Mickey,Clyde Geronimi,"Walt Disney, Clarence Nash, Pinto Colvig",United States,12-11-19,1940,TV-G,8 min,"Animation, Comedy, Family",Mickey captains a tugboat with Donald and Goofy as the crew. See details for advisory.,Animation
s1394,Movie,Twas the Night,Nick Castle,"Bryan Cranston, Josh Zuckerman, Jefferson Mappin, Brenda Grate, Rhys Williams, Barclay Hope",United States,12-11-19,2001,TV-G,87 min,"Comedy, Crime, Fantasy",Danny and his con-artist uncle take over when Santa Claus is knocked out.,Comedy
s1395,Movie,Twitches,Stuart Gillard,"Tia Mowry, Tamera Mowry, Kristen Wilson, Patrick Fabian, Pat Kelly, Jennifer Robertson",United States,12-11-19,2005,TV-PG,87 min,"Comedy, Fantasy",Reunited twin girls discover they have magical powers.,Comedy
s1396,Movie,Twitches Too,Stuart Gillard,"Tia Mowry, Tamera Mowry, Kristen Wilson, Patrick Fabian, Pat Kelly, Leslie Seiler",United States,12-11-19,2007,TV-PG,84 min,"Comedy, Fantasy","When a new evil threat arrives, it's up to the twitches to save Coventry.",Comedy
s1397,Movie,Unidentified Flying Oddball,Russ Mayberry,"Dennis Dugan, Jim Dale, Ron Moody, Kenneth More, John Le Mesurier, Rodney Bewes",United States,12-11-19,1979,G,93 min,"Action-Adventure, Comedy, Family",An astronaut and his robot accidentally travel in time to medieval England.,Action-Adventure
s1398,Movie,Up,Pete Docter,"Ed Asner, Christopher Plummer, Jordan Nagai, Bob Peterson, Delroy Lindo, Jerome Ranft",United States,12-11-19,2009,PG,96 min,"Action-Adventure, Animation, Buddy",An unlikely pair set to the sky for the adventure of their lives.,Action-Adventure
s1399,Movie,"Up, Up and Away",Robert Townsend,"Robert Townsend, Michael Pagan, Alex Datcher, Sherman Hemsley, Kevin Connolly, Olivia Burnette","Canada, United States",12-11-19,2000,TV-G,78 min,"Comedy, Coming of Age, Fantasy",The teenage son in a superhero family anxiously awaits his super powers.,Comedy
s1400,Movie,Valiant,Gary Chapman,"Ewan McGregor, Ricky Gervais, Tim Curry, Jim Broadbent, Hugh Laurie, John Cleese","United Kingdom, United States",12-11-19,2005,G,76 min,"Action-Adventure, Animation, Comedy","When the world needs a hero, a little pigeon steps up.",Action-Adventure
s1401,Movie,Waking Sleeping Beauty,Don Hahn,"Don Hahn, Ron Clements, Roy Disney, Glen Keane, Jeffrey Katzenberg, Roger Allers",United States,12-11-19,2010,PG,87 min,Documentary,A revealing look at the events that ushered in the second chapter of Disney's animation legacy.,Documentary
s1402,Movie,WALL-E,Andrew Stanton,"Ben Burtt, Elissa Knight, Jeff Garlin, Fred Willard, Macintalk , John Ratzenberger",United States,12-11-19,2008,G,99 min,"Action-Adventure, Animation, Family",Join robots WALL-E and EVE on a fantastic journey across the universe.,Action-Adventure
s1403,Movie,Wendy Wu: Homecoming Warrior,John Laing,"Brenda Song, Shin Koyamada, Susan Chuang, Justin Chon, Michael Cheng, Andy Fischer-Price",United States,12-11-19,2006,TV-PG,91 min,"Action-Adventure, Coming of Age, Fantasy",Wendy's world is flipped upside down when a mysterious young monk arrives.,Action-Adventure
s1404,Movie,Whispers: An Elephant's Tale,Dereck Joubert,"Angela Bassett, Joanna Lumley, Anne Archer, Debi Derryberry, Kevin Richardson, Alice Ghostley",United States,12-11-19,2000,G,73 min,"Action-Adventure, Animals & Nature, Family",An adorable baby elephant bravely embarks on a journey through the harsh wilds to find his mother.,Action-Adventure
s1405,Movie,White Fang,Randal Kleiser,"Klaus Brandauer, Ethan Hawke, Seymour Cassel, James Remar, Susan Hogan, Suzanne Kent",United States,12-11-19,1991,PG,109 min,"Action-Adventure, Animals & Nature, Drama",A tale of a young man's journey through the treacherous Yukon Valley with the wolf-dog he rescues.,Action-Adventure
s1406,Movie,Who Framed Roger Rabbit,Robert Zemeckis,"Bob Hoskins, Christopher Lloyd, Stubby Kaye, Joanna Cassidy, Alan Tilvern, Richard LeParmentier",United States,12-11-19,1988,PG,104 min,"Action-Adventure, Animation, Comedy",A juicy mystery filled with loony fun pairs a Toon-hating detective with a cartoon rabbit.,Action-Adventure
s1407,TV Show,Wild Yellowstone,Missing Director,Bart Thomasson,Germany,12-11-19,2015,TV-PG,1 Season,"Animals & Nature, Docuseries, Travel",Wild Yellowstone captures the beauty and essence of the land and animals.,Animals & Nature
s1408,Movie,Winged Seduction: Birds of Paradise,Molly Hermann,Josh Goodman,United States,12-11-19,2012,TV-PG,45 min,"Action-Adventure, Animals & Nature, Documentary","Shape shifting, dancing, dazzling transformers – birds of paradise are astonishing.",Action-Adventure
s1409,Movie,Winnie the Pooh,"Stephen Anderson, Don Hall","John Cleese, Jim Cummings, Bud Luckey, Craig Ferguson, Jack Boulter, Travis Oates",United States,12-11-19,2011,G,68 min,"Animation, Comedy, Family",Reunite with the beloved bear and his silly but steadfast friends.,Animation
s1410,Movie,Winnie the Pooh: A Very Merry Pooh Year,"Ed Wexler, Gary Katona, Jamie Mitchell","Jim Cummings, Peter Cullen, John Fiedler, Michael Gough, William Green, Nikita Hopkins",United States,12-11-19,2002,G,67 min,"Animation, Kids",Rabbit threatens to move away if the others won't change.,Animation
s1411,Movie,Winnie the Pooh: Springtime with Roo,"Elliot Bour, Saul Blinkoff","Jim Cummings, Ken Sansom, Jimmy Bennett, David Stiers, Kath Soucie, John Fiedler",United States,12-11-19,2004,G,70 min,"Animation, Kids, Musical",Rabbit forces the others to hold off on fun until spring cleaning is done.,Animation
s1412,Movie,Winter Storage,Jack Hannah,Missing Cast,United States,12-11-19,1949,TV-G,7 min,"Animation, Comedy, Family",Donald and Chip and Dale face off over acorns. See details for advisory.,Animation
s1413,TV Show,Wizards of Waverly Place,Missing Director,"Selena Gomez, David Henrie, Jake Austin, Jennifer Stone, Maria Canals-Barrera, David DeLuise",United States,12-11-19,2007,TV-G,4 Seasons,"Comedy, Coming of Age, Fantasy","Alex, Justin, and Max Russo are not your ordinary teenagers – they’re secretly wizards in training!",Comedy
s1414,Movie,Wizards of Waverly Place: The Movie,Lev L. Spiro,"Selena Gomez, David Henrie, Jake T. Austin, Jennifer Stone, Maria Canals-Barrera, David DeLuise",United States,12-11-19,2009,TV-G,94 min,"Action-Adventure, Comedy, Coming of Age",A vacation turns into a spell-soaked adventure for the family of wizards.,Action-Adventure
s1415,TV Show,Wolverine and The X-Men,Missing Director,"Steve Blum, Chris Edgerly, Jennifer Hale, Michael Ironside, Danielle Judovits, AJ Buckley",United States,12-11-19,2008,TV-Y7,1 Season,"Action-Adventure, Animation, Kids",Wolverine and the X-Men must join together to prevent a catastrophic future.,Action-Adventure
s1416,Movie,World's Greatest Dogs,Missing Director,Mike Secher,United States,12-11-19,2015,TV-PG,44 min,"Animals & Nature, Documentary, Family","From acrobatics to crazy stunts, this special celebrates amazing dogs and their owners.",Animals & Nature
s1417,Movie,Wreck-It Ralph,Rich Moore,"John Reilly, Sarah Silverman, Jack McBrayer, Jane Lynch, Alan Tudyk, Mindy Kaling",United States,12-11-19,2012,PG,103 min,"Action-Adventure, Animation, Comedy",Ralph sets out to prove that he is a true hero in his arcade.,Action-Adventure
s1418,TV Show,X-Men: Evolution,Missing Director,"Noel Fisher, Vincent Gale, Christopher Judge, David Kaye, Scott McNeil, Meghan Black",United States,12-11-19,2000,TV-Y7,4 Seasons,"Action-Adventure, Animation, Kids",X-Men: Evolution features the team as teenagers as they fight for a world that fears and hates them.,Action-Adventure
s1419,Movie,Ye Olden Days,Bert Gillett,Missing Cast,United States,12-11-19,1933,TV-Y7,9 min,"Animation, Comedy, Family","Minnie is locked away for not marrying a prince, but Mickey saves her. See details for advisory.",Animation
s1420,Movie,Yellowstone Cubs,Charles Draper,Rex Allen,United States,12-11-19,1963,TV-PG,48 min,"Animals & Nature, Comedy, Family",Two bear cubs take a mischievous tour of Yellowstone National Park. See details for advisory.,Animals & Nature
s1421,Movie,You Lucky Dog,Paul Schneider,"Kirk Cameron, Chelsea Noble, John de Lancie, Christine Healy, Granville Van Dusen, Christine Cavanaugh",United States,12-11-19,1998,TV-G,88 min,"Comedy, Fantasy",Jack Morgan discovers a psychic connection between himself and a dog.,Comedy
s1422,Movie,You Wish!,Paul Hoen,"A.J. Trauth, Spencer Breslin, Lalaine , Sally Stockwell, Peter Feeney, Tim Reid","New Zealand, United States",12-11-19,2003,TV-G,88 min,"Coming of Age, Drama, Fantasy",Alex uses a magical coin to wish he didn't have a younger brother.,Coming of Age
s1423,Movie,Your Friend the Rat,Jim Capobianco,"Patton Oswalt, Peter Sohn, Lou Romano, Tony Russell, Sigmund Vik, Jim Capobianco",United States,12-11-19,2007,TV-G,13 min,"Animation, Comedy, Family",Remy explains why humans and rats should get along.,Animation
s1424,Movie,Z-O-M-B-I-E-S,Paul Hoen,"Milo Manheim, Meg Donnelly, Trevor Tordjman, Kylee Russell, Carla Jeffery, Kingston Foster",United States,12-11-19,2018,TV-G,97 min,"Coming of Age, Musical, Science Fiction",A traditional high school must accept students from Zombietown.,Coming of Age
s1425,Movie,Zapped,Peter DeLuise,"Zendaya , Chanelle Peloso, Spencer Boldman, Emilia McCarthy, Adam DiMarco, William Ainscough","Canada, United States",12-11-19,2014,TV-G,95 min,"Comedy, Coming of Age, Science Fiction",Zoey discovers a magical app that can control the boys in her life.,Comedy
s1426,Movie,Zenon: Girl of the 21st Century,Kenneth Johnson,"Kirsten Storms, Raven-Symoné , Stuart Pankin, Holly Fulger, Frederick Coffin, Bob Bancroft",United States,12-11-19,1999,TV-G,97 min,"Comedy, Coming of Age, Science Fiction",Zenon must thwart a villain's plot after she's grounded and sent to Earth.,Comedy
s1427,Movie,Zenon: The Zequel,Manny Coto,"Kirsten Storms, Lauren Maltby, Phillip Rhys, Holly Fulger, Stuart Pankin, Robert Curtis Brown","United States, New Zealand",12-11-19,2001,TV-G,89 min,"Comedy, Science Fiction",Zenon sneaks down to Earth to try to save her space station.,Comedy
s1428,Movie,Zenon: Z3,Steve Rash,"Kirsten Storms, Lauren Maltby, Alyson Morgan, Stuart Pankin, Holly Fulger, Ben Easter",United States,12-11-19,2004,TV-G,81 min,"Comedy, Coming of Age, Science Fiction",It's up to Zenon and her friends when moon goddess Selena threatens Earth.,Comedy
s1429,Movie,Zootopia,"Byron Howard, Rich Moore","Ginnifer Goodwin, Jason Bateman, Idris Elba, Jenny Slate, Nate Torrence, Bonnie Hunt",United States,12-11-19,2016,PG,109 min,"Animation, Comedy, Family",A rookie-cop rabbit and wily fox team up to crack a case.,Animation
s1430,Movie,Bedknobs and Broomsticks,Robert Stevenson,"Angela Lansbury, David Tomlinson, Roddy McDowall, Sam Jaffe, John Ericson, Bruce Forsyth",United States,01-10-19,1971,G,118 min,"Comedy, Family, Fantasy",Three children and an amateur witch team up to save England from invasion.,Comedy
s1431,Movie,Blackbeard's Ghost,Robert Stevenson,"Peter Ustinov, Dean Jones, Suzanne Pleshette, Elsa Lanchester, Joby Baker, Elliott Reid",United States,01-10-19,1968,G,107 min,"Comedy, Family, Fantasy",A track coach inherits the mischievous ghost of famed pirate Blackbeard.,Comedy
s1432,Movie,Brave Little Tailor,Bill Roberts,"Walt Disney, Marcelite Garner, Eddie Holden",United States,01-10-19,1938,TV-PG,9 min,"Action-Adventure, Animation, Comedy","Mickey Mouse, a tailor, is appointed by the king to kill the giant.",Action-Adventure
s1433,Movie,Justin Morgan had a Horse,Hollingsworth Morse,"Don Murray, Lana Wood, R.G. Armstrong, Gary Crosby, John Smith, E.W. Firestone",United States,01-10-19,1972,TV-G,88 min,"Animals & Nature, Biographical, Drama",The story of the foundation sire of the Morgan Horse Breed.,Animals & Nature
s1434,Movie,Lady and the Tramp II: Scamp's Adventure,Darrell Rooney,"Scott Wolf, Alyssa Milano, Chazz Palminteri, Jeff Bennett, Jodi Benson, Bill Fagerbakke","United States, Australia",01-10-19,2001,G,73 min,"Action-Adventure, Animation, Coming of Age","Itching for freedom, Lady's pup Scamp joins up with the Junkyard Dogs.",Action-Adventure
s1435,TV Show,Smart Guy,Missing Director,"Tahj Mowry, John Jones, Jason Weaver, Essence Atkins",United States,01-10-19,1996,TV-G,3 Seasons,"Comedy, Coming of Age, Kids",A genius tries to fit in as a high school sophomore.,Comedy
s1436,Movie,The Cat from Outer Space,Norman Tokar,"Ken Berry, Sandy Duncan, Harry Morgan, Roddy McDowall, McLean Stevenson, Jesse White",United States,01-10-19,1978,G,104 min,"Comedy, Family, Science Fiction",A physicist tries to help an alien cat after it crash-lands on Earth.,Comedy
s1437,Movie,The Great Mouse Detective,"John Musker, Ron Clements, Dave Michener","Vincent Price, Barrie Ingham, Val Bettin, Susanne Pollatschek, Candy Candido, Diana Chesney",United States,01-10-19,1986,G,75 min,"Animation, Family, Mystery",A super-sleuth mouse must solve a toy maker's disappearance.,Animation
s1438,Movie,The Sword in the Stone,Wolfgang Reitherman,"Sebastian Cabot, Karl Swenson, Rickie Sorensen, Junius Matthews, Ginny Tyler, Martha Wentworth",United States,01-10-19,1963,G,80 min,"Action-Adventure, Animation, Comedy",Merlin trains a young orphan who's destined to be the King of England.,Action-Adventure
s1439,Movie,Those Calloways,Norman Tokar,"Brian Keith, Vera Miles, Brandon de Wilde, Walter Brennan, Ed Wynn, Linda Evans",United States,01-10-19,1965,PG,132 min,"Animals & Nature, Drama, Family",A strong-willed family struggles to establish a wild geese sanctuary. See details for advisory.,Animals & Nature
s1440,TV Show,Disney Kirby Buckets,Missing Director,"Jacob Bertrand, Mekai Curtis, Cade Sutton, Olivia Stuck, Tiffany Espensen",United States,,2014,TV-Y7,3 Seasons,"Action-Adventure, Comedy, Coming of Age",Welcome to Kirby's world! It's rude and sketchy.,Action-Adventure
s1441,TV Show,Disney Mech-X4,Missing Director,"Nathaniel Potvin, Raymond Cham, Kamran Lucas, Pearce Joza",Canada,,2016,TV-Y7,2 Seasons,"Action-Adventure, Comedy, Science Fiction",Ryan discovers his ability to control a giant robot.,Action-Adventure
s1442,TV Show,Imagination Movers,Missing Director,"Rich Collins, Dave Poche, Scott Durbin, Scott Smith, Wendy Calio, Kevin Carlson",United States,,2008,TV-Y,3 Seasons,"Kids, Music","Rock out with the Imagination Movers, Disney Junior’s favorite alternative band for preschoolers!",Kids
s1443,Movie,Tomorrowland,Brad Bird,"George Clooney, Hugh Laurie, Britt Robertson, Raffey Cassidy, Tim McGraw, Kathryn Hahn","United States, Spain, France, Canada, United Kingdom",03-09-21,2015,PG,131 min,"Action-Adventure, Science Fiction",A jaded genius and an optimistic teen unearth the secrets of Tomorrowland.,Action-Adventure
s1444,Movie,Aquamarine,Elizabeth Allen Rosenbaum,"Jake McDorman, Arielle Kebbel, Claudia Karvan, Bruce Spence, Tammin Sursok, Roy Billing",United States,13-08-21,2006,PG,104 min,"Comedy, Coming of Age, Fantasy",Two 13-year-old best friends embark on an adventure when they discover a mermaid in a swimming pool.,Comedy
s1445,Movie,Ice Age: Dawn Of The Dinosaurs,Carlos Saldanha,"Ray Romano, John Leguizamo, Denis Leary, Simon Pegg, Seann William Scott, Josh Peck","United States, United Kingdom, Australia",04-06-21,2009,PG,97 min,"Animation, Comedy, Family",Our prehistoric pals visit a world inhabited by dinosaurs and a one-eyed weasel named Buck.,Animation
s1446,Movie,X-Men Origins: Wolverine,Gavin Hood,"Hugh Jackman, Liev Schreiber, Danny Huston, will.i.am , Lynn Collins, Kevin Durand","United States, United Kingdom",04-06-21,2009,PG-13,108 min,"Action-Adventure, Family, Science Fiction",Wolverine unites with legendary X-Men to fight against forces determined to eliminate mutants.,Action-Adventure
s1447,Movie,Night at the Museum: Battle of the Smithsonian,Shawn Levy,"Ben Stiller, Amy Adams, Owen Wilson, Hank Azaria, Christopher Guest, Alain Chabat","United States, Canada",02-04-21,2009,PG,106 min,"Action-Adventure, Comedy, Family",Larry Daley returns to rescue some old friends while the Smithsonian Institution comes alive.,Action-Adventure
s1448,Movie,Eddie the Eagle,Dexter Fletcher,"Tom Costello, Jo Hartley, Keith Allen, Dickon Tolson, Jack Costello, Taron Egerton","United Kingdom, Germany, United States",18-12-20,2016,PG-13,107 min,"Biographical, Comedy, Drama","True story of Eddie Edwards, a British ski-jumper whose Olympic performance wins the hearts of fans.",Biographical
s1449,Movie,Bend It Like Beckham,Gurinder Chadha,"Parminder Nagra, Keira Knightley, Jonathan Rhys-Meyers, Anupam Kher, Archie Panjabi, Shaznay Lewis","United Kingdom, Germany, United States",18-09-20,2003,PG-13,112 min,"Buddy, Comedy, Coming of Age","Despite the wishes of their traditional families, two girls aim for careers in professional soccer.",Buddy
s1450,Movie,Captain Sparky vs. The Flying Saucers,Mark Waring,Charlie Tahan,United States,01-04-20,2012,TV-G,2 min,"Action-Adventure, Animals & Nature, Animation",View one of Sparky's favorite home movies.,Action-Adventure
